"id","slug","nom_domaine","categorie","resume_eleve","description_complete","pourquoi_c_est_important","profil_eleve_adapte","matieres_utiles","competences_techniques","competences_personnelles","outils_technologies","metiers_associes","parcours_apprentissage","ecoles_formations_maroc","certifications_recommandees","demande_mondiale","demande_maroc","niveau_difficulte","potentiel_futur","impact_ia","opportunite_freelance_1_5","opportunite_remote_1_5","score_math_1_5","score_creativite_1_5","score_communication_1_5","score_resolution_probleme_1_5","salaire_maroc_junior_min_mad","salaire_maroc_junior_max_mad","salaire_maroc_senior_min_mad","salaire_maroc_senior_max_mad","note_salaire","avantages","difficultes_possibles","conseils_pour_commencer","projets_pratiques","mots_cles_recherche","ordre_affichage","statut"
"1","developpement-web-front-end","Développement Web Front-End","Développement & Web","Découvre Développement Web Front-End : une spécialité du numérique pour comprendre, explorer, comparer et construire ton parcours.","Ce domaine consiste à conception et création d’applications, sites web, api et solutions logicielles utilisées par les entreprises et les utilisateurs. Il permet à l’élève de relier ses centres d’intérêt avec des métiers numériques concrets.","Important car la demande est très haute au Maroc et très haute à l’international, avec un impact de l’IA jugé fort.","Aime créer des applications | Aime résoudre des problèmes techniques | Apprend par la pratique | Aime voir rapidement le résultat de son travail","Informatique | Culture numérique | Anglais technique | Projet pratique","Algorithmique | HTML/CSS | JavaScript | Bases de données | Git/GitHub | Résolution de problèmes | Responsive design | Accessibilité web","Curiosité | Autonomie | Organisation | Communication | Esprit critique | Apprentissage continu","VS Code | GitHub | React | Laravel | Node.js | MySQL | Tailwind CSS","Développeur front-end | Intégrateur web | UI Developer","Maîtriser les bases HTML/CSS/JavaScript | Apprendre un framework moderne | Créer 3 projets pratiques | Comprendre les bases de données | Publier un portfolio en ligne","OFPPT Digital Development | BTS Développement des Systèmes d’Information | EST DUT Informatique | FST Informatique | ENSA/ENSIAS/INPT selon parcours","freeCodeCamp Responsive Web Design | Meta Front-End Developer | Laravel/PHP basics | JavaScript certification","Très haute","Très haute","Moyen","Excellent","Fort","5","5","2","4","3","4","6000","12000","13000","26000","Estimation pédagogique mensuelle en MAD, à vérifier et mettre à jour selon la ville, l’expérience, l’entreprise et l’année.","Bonnes perspectives d’apprentissage | Possibilité de créer des projets concrets | Compétences utiles dans plusieurs secteurs | Compatible avec le travail à distance | Possibilité de freelance","Nécessite une pratique régulière | Demande une veille technologique | Peut devenir difficile sans projets réels","Commence par les bases, réalise un petit projet lié à Développement Web Front-End, puis documente ton travail dans un portfolio.","Créer un portfolio | Créer une application de gestion simple | Créer une API REST | Déployer un site web","Développement Web Front-End | Développement & Web | Algorithmique | HTML/CSS | JavaScript | Bases de données | Git/GitHub | Développeur front-end | Intégrateur web | UI Developer","1","Publié"
"2","developpement-web-back-end","Développement Web Back-End","Développement & Web","Découvre Développement Web Back-End : une spécialité du numérique pour comprendre, explorer, comparer et construire ton parcours.","Ce domaine consiste à conception et création d’applications, sites web, api et solutions logicielles utilisées par les entreprises et les utilisateurs. Il permet à l’élève de relier ses centres d’intérêt avec des métiers numériques concrets.","Important car la demande est très haute au Maroc et très haute à l’international, avec un impact de l’IA jugé fort.","Aime créer des applications | Aime résoudre des problèmes techniques | Apprend par la pratique | Aime voir rapidement le résultat de son travail","Informatique | Culture numérique | Anglais technique | Projet pratique","Algorithmique | HTML/CSS | JavaScript | Bases de données | Git/GitHub | Résolution de problèmes | API REST | Sécurité backend","Curiosité | Autonomie | Organisation | Communication | Esprit critique | Apprentissage continu","VS Code | GitHub | React | Laravel | Node.js | MySQL | Postman","Développeur back-end | API Developer | Software Engineer","Maîtriser les bases HTML/CSS/JavaScript | Apprendre un framework moderne | Créer 3 projets pratiques | Comprendre les bases de données | Publier un portfolio en ligne","OFPPT Digital Development | BTS Développement des Systèmes d’Information | EST DUT Informatique | FST Informatique | ENSA/ENSIAS/INPT selon parcours","freeCodeCamp Responsive Web Design | Meta Front-End Developer | Laravel/PHP basics | JavaScript certification","Très haute","Très haute","Moyen","Excellent","Fort","5","5","2","4","3","4","6000","12000","13000","26000","Estimation pédagogique mensuelle en MAD, à vérifier et mettre à jour selon la ville, l’expérience, l’entreprise et l’année.","Bonnes perspectives d’apprentissage | Possibilité de créer des projets concrets | Compétences utiles dans plusieurs secteurs | Compatible avec le travail à distance | Possibilité de freelance","Nécessite une pratique régulière | Demande une veille technologique | Peut devenir difficile sans projets réels","Commence par les bases, réalise un petit projet lié à Développement Web Back-End, puis documente ton travail dans un portfolio.","Créer un portfolio | Créer une application de gestion simple | Créer une API REST | Déployer un site web","Développement Web Back-End | Développement & Web | Algorithmique | HTML/CSS | JavaScript | Bases de données | Git/GitHub | Développeur back-end | API Developer | Software Engineer","2","Publié"
"3","developpement-full-stack","Développement Full-Stack","Développement & Web","Découvre Développement Full-Stack : une spécialité du numérique pour comprendre, explorer, comparer et construire ton parcours.","Ce domaine consiste à conception et création d’applications, sites web, api et solutions logicielles utilisées par les entreprises et les utilisateurs. Il permet à l’élève de relier ses centres d’intérêt avec des métiers numériques concrets.","Important car la demande est très haute au Maroc et très haute à l’international, avec un impact de l’IA jugé fort.","Aime créer des applications | Aime résoudre des problèmes techniques | Apprend par la pratique | Aime voir rapidement le résultat de son travail","Informatique | Culture numérique | Anglais technique | Projet pratique","Algorithmique | HTML/CSS | JavaScript | Bases de données | Git/GitHub | Résolution de problèmes | Frontend | Backend | Architecture web","Curiosité | Autonomie | Organisation | Communication | Esprit critique | Apprentissage continu","VS Code | GitHub | React | Laravel | Node.js | MySQL","Développeur full-stack | Software Engineer | Freelance web developer","Maîtriser les bases HTML/CSS/JavaScript | Apprendre un framework moderne | Créer 3 projets pratiques | Comprendre les bases de données | Publier un portfolio en ligne","OFPPT Digital Development | BTS Développement des Systèmes d’Information | EST DUT Informatique | FST Informatique | ENSA/ENSIAS/INPT selon parcours","freeCodeCamp Responsive Web Design | Meta Front-End Developer | Laravel/PHP basics | JavaScript certification","Très haute","Très haute","Moyen","Excellent","Fort","5","5","2","4","3","4","6000","12000","13000","26000","Estimation pédagogique mensuelle en MAD, à vérifier et mettre à jour selon la ville, l’expérience, l’entreprise et l’année.","Bonnes perspectives d’apprentissage | Possibilité de créer des projets concrets | Compétences utiles dans plusieurs secteurs | Compatible avec le travail à distance | Possibilité de freelance","Nécessite une pratique régulière | Demande une veille technologique | Peut devenir difficile sans projets réels","Commence par les bases, réalise un petit projet lié à Développement Full-Stack, puis documente ton travail dans un portfolio.","Créer un portfolio | Créer une application de gestion simple | Créer une API REST | Déployer un site web","Développement Full-Stack | Développement & Web | Algorithmique | HTML/CSS | JavaScript | Bases de données | Git/GitHub | Développeur full-stack | Software Engineer | Freelance web developer","3","Publié"
"4","developpement-mobile-ios-swift","Développement Mobile iOS (Swift)","Développement & Web","Découvre Développement Mobile iOS (Swift) : une spécialité du numérique pour comprendre, explorer, comparer et construire ton parcours.","Ce domaine consiste à conception et création d’applications, sites web, api et solutions logicielles utilisées par les entreprises et les utilisateurs. Il permet à l’élève de relier ses centres d’intérêt avec des métiers numériques concrets.","Important car la demande est haute au Maroc et haute à l’international, avec un impact de l’IA jugé fort.","Aime créer des applications | Aime résoudre des problèmes techniques | Apprend par la pratique | Aime voir rapidement le résultat de son travail","Informatique | Culture numérique | Anglais technique | Projet pratique","Algorithmique | HTML/CSS | JavaScript | Bases de données | Git/GitHub | Résolution de problèmes","Curiosité | Autonomie | Organisation | Communication | Esprit critique | Apprentissage continu","VS Code | GitHub | React | Laravel | Node.js | MySQL | Flutter | React Native","Développeur mobile | Mobile App Developer | Développeur cross-platform","Maîtriser les bases HTML/CSS/JavaScript | Apprendre un framework moderne | Créer 3 projets pratiques | Comprendre les bases de données | Publier un portfolio en ligne","OFPPT Digital Development | BTS Développement des Systèmes d’Information | EST DUT Informatique | FST Informatique | ENSA/ENSIAS/INPT selon parcours","freeCodeCamp Responsive Web Design | Meta Front-End Developer | Laravel/PHP basics | JavaScript certification","Haute","Haute","Moyen","Très fort","Fort","5","5","2","4","3","4","5500","11000","12000","24000","Estimation pédagogique mensuelle en MAD, à vérifier et mettre à jour selon la ville, l’expérience, l’entreprise et l’année.","Bonnes perspectives d’apprentissage | Possibilité de créer des projets concrets | Compétences utiles dans plusieurs secteurs | Compatible avec le travail à distance | Possibilité de freelance","Nécessite une pratique régulière | Demande une veille technologique | Peut devenir difficile sans projets réels","Commence par les bases, réalise un petit projet lié à Développement Mobile iOS (Swift), puis documente ton travail dans un portfolio.","Créer un portfolio | Créer une application de gestion simple | Créer une API REST | Déployer un site web","Développement Mobile iOS (Swift) | Développement & Web | Algorithmique | HTML/CSS | JavaScript | Bases de données | Git/GitHub | Développeur mobile | Mobile App Developer | Développeur cross-platform","4","Publié"
"5","developpement-mobile-android-kotlin","Développement Mobile Android (Kotlin)","Développement & Web","Découvre Développement Mobile Android (Kotlin) : une spécialité du numérique pour comprendre, explorer, comparer et construire ton parcours.","Ce domaine consiste à conception et création d’applications, sites web, api et solutions logicielles utilisées par les entreprises et les utilisateurs. Il permet à l’élève de relier ses centres d’intérêt avec des métiers numériques concrets.","Important car la demande est haute au Maroc et haute à l’international, avec un impact de l’IA jugé fort.","Aime créer des applications | Aime résoudre des problèmes techniques | Apprend par la pratique | Aime voir rapidement le résultat de son travail","Informatique | Culture numérique | Anglais technique | Projet pratique","Algorithmique | HTML/CSS | JavaScript | Bases de données | Git/GitHub | Résolution de problèmes","Curiosité | Autonomie | Organisation | Communication | Esprit critique | Apprentissage continu","VS Code | GitHub | React | Laravel | Node.js | MySQL | Flutter | React Native","Développeur mobile | Mobile App Developer | Développeur cross-platform","Maîtriser les bases HTML/CSS/JavaScript | Apprendre un framework moderne | Créer 3 projets pratiques | Comprendre les bases de données | Publier un portfolio en ligne","OFPPT Digital Development | BTS Développement des Systèmes d’Information | EST DUT Informatique | FST Informatique | ENSA/ENSIAS/INPT selon parcours","freeCodeCamp Responsive Web Design | Meta Front-End Developer | Laravel/PHP basics | JavaScript certification","Haute","Haute","Moyen","Très fort","Fort","5","5","2","4","3","4","5500","11000","12000","24000","Estimation pédagogique mensuelle en MAD, à vérifier et mettre à jour selon la ville, l’expérience, l’entreprise et l’année.","Bonnes perspectives d’apprentissage | Possibilité de créer des projets concrets | Compétences utiles dans plusieurs secteurs | Compatible avec le travail à distance | Possibilité de freelance","Nécessite une pratique régulière | Demande une veille technologique | Peut devenir difficile sans projets réels","Commence par les bases, réalise un petit projet lié à Développement Mobile Android (Kotlin), puis documente ton travail dans un portfolio.","Créer un portfolio | Créer une application de gestion simple | Créer une API REST | Déployer un site web","Développement Mobile Android (Kotlin) | Développement & Web | Algorithmique | HTML/CSS | JavaScript | Bases de données | Git/GitHub | Développeur mobile | Mobile App Developer | Développeur cross-platform","5","Publié"
"6","developpement-cross-platform-flutter-react-native","Développement Cross-Platform (Flutter/React Native)","Développement & Web","Découvre Développement Cross-Platform (Flutter/React Native) : une spécialité du numérique pour comprendre, explorer, comparer et construire ton parcours.","Ce domaine consiste à conception et création d’applications, sites web, api et solutions logicielles utilisées par les entreprises et les utilisateurs. Il permet à l’élève de relier ses centres d’intérêt avec des métiers numériques concrets.","Important car la demande est très haute au Maroc et très haute à l’international, avec un impact de l’IA jugé fort.","Aime créer des applications | Aime résoudre des problèmes techniques | Apprend par la pratique | Aime voir rapidement le résultat de son travail","Informatique | Culture numérique | Anglais technique | Projet pratique","Algorithmique | HTML/CSS | JavaScript | Bases de données | Git/GitHub | Résolution de problèmes","Curiosité | Autonomie | Organisation | Communication | Esprit critique | Apprentissage continu","VS Code | GitHub | React | Laravel | Node.js | MySQL | Flutter | React Native","Développeur mobile | Mobile App Developer | Développeur cross-platform","Maîtriser les bases HTML/CSS/JavaScript | Apprendre un framework moderne | Créer 3 projets pratiques | Comprendre les bases de données | Publier un portfolio en ligne","OFPPT Digital Development | BTS Développement des Systèmes d’Information | EST DUT Informatique | FST Informatique | ENSA/ENSIAS/INPT selon parcours","freeCodeCamp Responsive Web Design | Meta Front-End Developer | Laravel/PHP basics | JavaScript certification","Très haute","Très haute","Moyen","Excellent","Fort","5","5","2","4","3","4","6000","12000","13000","26000","Estimation pédagogique mensuelle en MAD, à vérifier et mettre à jour selon la ville, l’expérience, l’entreprise et l’année.","Bonnes perspectives d’apprentissage | Possibilité de créer des projets concrets | Compétences utiles dans plusieurs secteurs | Compatible avec le travail à distance | Possibilité de freelance","Nécessite une pratique régulière | Demande une veille technologique | Peut devenir difficile sans projets réels","Commence par les bases, réalise un petit projet lié à Développement Cross-Platform (Flutter/React Native), puis documente ton travail dans un portfolio.","Créer un portfolio | Créer une application de gestion simple | Créer une API REST | Déployer un site web","Développement Cross-Platform (Flutter/React Native) | Développement & Web | Algorithmique | HTML/CSS | JavaScript | Bases de données | Git/GitHub | Développeur mobile | Mobile App Developer | Développeur cross-platform","6","Publié"
"7","developpement-de-jeux-video-game-dev","Développement de Jeux Vidéo (Game Dev)","Développement & Web","Découvre Développement de Jeux Vidéo (Game Dev) : une spécialité du numérique pour comprendre, explorer, comparer et construire ton parcours.","Ce domaine consiste à conception et création d’applications, sites web, api et solutions logicielles utilisées par les entreprises et les utilisateurs. Il permet à l’élève de relier ses centres d’intérêt avec des métiers numériques concrets.","Important car la demande est moyenne au Maroc et haute à l’international, avec un impact de l’IA jugé fort.","Aime créer des applications | Aime résoudre des problèmes techniques | Apprend par la pratique | Aime voir rapidement le résultat de son travail","Informatique | Culture numérique | Anglais technique | Projet pratique","Algorithmique | HTML/CSS | JavaScript | Bases de données | Git/GitHub | Résolution de problèmes | Prototypage | Design system","Curiosité | Autonomie | Organisation | Communication | Esprit critique | Apprentissage continu","VS Code | GitHub | React | Laravel | Node.js | MySQL | Figma | Canva","UX/UI Designer | Product Designer | Web Designer","Maîtriser les bases HTML/CSS/JavaScript | Apprendre un framework moderne | Créer 3 projets pratiques | Comprendre les bases de données | Publier un portfolio en ligne","OFPPT Digital Development | BTS Développement des Systèmes d’Information | EST DUT Informatique | FST Informatique | ENSA/ENSIAS/INPT selon parcours","freeCodeCamp Responsive Web Design | Meta Front-End Developer | Laravel/PHP basics | JavaScript certification","Haute","Moyenne","Moyen","Très fort","Fort","5","5","2","4","3","4","5500","11000","12000","24000","Estimation pédagogique mensuelle en MAD, à vérifier et mettre à jour selon la ville, l’expérience, l’entreprise et l’année.","Bonnes perspectives d’apprentissage | Possibilité de créer des projets concrets | Compétences utiles dans plusieurs secteurs | Compatible avec le travail à distance | Possibilité de freelance","Nécessite une pratique régulière | Demande une veille technologique | Peut devenir difficile sans projets réels","Commence par les bases, réalise un petit projet lié à Développement de Jeux Vidéo (Game Dev), puis documente ton travail dans un portfolio.","Créer un portfolio | Créer une application de gestion simple | Créer une API REST | Déployer un site web","Développement de Jeux Vidéo (Game Dev) | Développement & Web | Algorithmique | HTML/CSS | JavaScript | Bases de données | Git/GitHub | UX/UI Designer | Product Designer | Web Designer","7","Publié"
"8","developpement-logiciel-embarque","Développement Logiciel Embarqué","Développement & Web","Découvre Développement Logiciel Embarqué : une spécialité du numérique pour comprendre, explorer, comparer et construire ton parcours.","Ce domaine consiste à conception et création d’applications, sites web, api et solutions logicielles utilisées par les entreprises et les utilisateurs. Il permet à l’élève de relier ses centres d’intérêt avec des métiers numériques concrets.","Important car la demande est moyenne au Maroc et haute à l’international, avec un impact de l’IA jugé fort.","Aime créer des applications | Aime résoudre des problèmes techniques | Apprend par la pratique | Aime voir rapidement le résultat de son travail","Informatique | Culture numérique | Anglais technique | Projet pratique","Algorithmique | HTML/CSS | JavaScript | Bases de données | Git/GitHub | Résolution de problèmes | Capteurs | Systèmes embarqués","Curiosité | Autonomie | Organisation | Communication | Esprit critique | Apprentissage continu","VS Code | GitHub | React | Laravel | Node.js | MySQL | Arduino | Raspberry Pi","Ingénieur IoT | Développeur embarqué | Ingénieur robotique","Maîtriser les bases HTML/CSS/JavaScript | Apprendre un framework moderne | Créer 3 projets pratiques | Comprendre les bases de données | Publier un portfolio en ligne","OFPPT Digital Development | BTS Développement des Systèmes d’Information | EST DUT Informatique | FST Informatique | ENSA/ENSIAS/INPT selon parcours","freeCodeCamp Responsive Web Design | Meta Front-End Developer | Laravel/PHP basics | JavaScript certification","Haute","Moyenne","Moyen","Très fort","Fort","5","5","2","4","3","4","5500","11000","12000","24000","Estimation pédagogique mensuelle en MAD, à vérifier et mettre à jour selon la ville, l’expérience, l’entreprise et l’année.","Bonnes perspectives d’apprentissage | Possibilité de créer des projets concrets | Compétences utiles dans plusieurs secteurs | Compatible avec le travail à distance | Possibilité de freelance","Nécessite une pratique régulière | Demande une veille technologique | Peut devenir difficile sans projets réels","Commence par les bases, réalise un petit projet lié à Développement Logiciel Embarqué, puis documente ton travail dans un portfolio.","Créer un portfolio | Créer une application de gestion simple | Créer une API REST | Déployer un site web","Développement Logiciel Embarqué | Développement & Web | Algorithmique | HTML/CSS | JavaScript | Bases de données | Git/GitHub | Ingénieur IoT | Développeur embarqué | Ingénieur robotique","8","Publié"
"9","developpement-de-progressive-web-apps-pwa","Développement de Progressive Web Apps (PWA)","Développement & Web","Découvre Développement de Progressive Web Apps (PWA) : une spécialité du numérique pour comprendre, explorer, comparer et construire ton parcours.","Ce domaine consiste à conception et création d’applications, sites web, api et solutions logicielles utilisées par les entreprises et les utilisateurs. Il permet à l’élève de relier ses centres d’intérêt avec des métiers numériques concrets.","Important car la demande est moyenne au Maroc et haute à l’international, avec un impact de l’IA jugé fort.","Aime créer des applications | Aime résoudre des problèmes techniques | Apprend par la pratique | Aime voir rapidement le résultat de son travail","Informatique | Culture numérique | Anglais technique | Projet pratique","Algorithmique | HTML/CSS | JavaScript | Bases de données | Git/GitHub | Résolution de problèmes","Curiosité | Autonomie | Organisation | Communication | Esprit critique | Apprentissage continu","VS Code | GitHub | React | Laravel | Node.js | MySQL","Développeur front-end | Développeur back-end | Développeur full-stack | Développeur mobile | Intégrateur web","Maîtriser les bases HTML/CSS/JavaScript | Apprendre un framework moderne | Créer 3 projets pratiques | Comprendre les bases de données | Publier un portfolio en ligne","OFPPT Digital Development | BTS Développement des Systèmes d’Information | EST DUT Informatique | FST Informatique | ENSA/ENSIAS/INPT selon parcours","freeCodeCamp Responsive Web Design | Meta Front-End Developer | Laravel/PHP basics | JavaScript certification","Haute","Moyenne","Moyen","Très fort","Fort","5","5","2","4","3","4","5500","11000","12000","24000","Estimation pédagogique mensuelle en MAD, à vérifier et mettre à jour selon la ville, l’expérience, l’entreprise et l’année.","Bonnes perspectives d’apprentissage | Possibilité de créer des projets concrets | Compétences utiles dans plusieurs secteurs | Compatible avec le travail à distance | Possibilité de freelance","Nécessite une pratique régulière | Demande une veille technologique | Peut devenir difficile sans projets réels","Commence par les bases, réalise un petit projet lié à Développement de Progressive Web Apps (PWA), puis documente ton travail dans un portfolio.","Créer un portfolio | Créer une application de gestion simple | Créer une API REST | Déployer un site web","Développement de Progressive Web Apps (PWA) | Développement & Web | Algorithmique | HTML/CSS | JavaScript | Bases de données | Git/GitHub | Développeur front-end | Développeur back-end | Développeur full-stack","9","Publié"
"10","developpement-d-api-restful-graphql","Développement d'API RESTful & GraphQL","Développement & Web","Découvre Développement d'API RESTful & GraphQL : une spécialité du numérique pour comprendre, explorer, comparer et construire ton parcours.","Ce domaine consiste à conception et création d’applications, sites web, api et solutions logicielles utilisées par les entreprises et les utilisateurs. Il permet à l’élève de relier ses centres d’intérêt avec des métiers numériques concrets.","Important car la demande est très haute au Maroc et très haute à l’international, avec un impact de l’IA jugé fort.","Aime créer des applications | Aime résoudre des problèmes techniques | Apprend par la pratique | Aime voir rapidement le résultat de son travail","Informatique | Culture numérique | Anglais technique | Projet pratique","Algorithmique | HTML/CSS | JavaScript | Bases de données | Git/GitHub | Résolution de problèmes | API REST | Sécurité backend","Curiosité | Autonomie | Organisation | Communication | Esprit critique | Apprentissage continu","VS Code | GitHub | React | Laravel | Node.js | MySQL | Postman","Développeur back-end | API Developer | Software Engineer","Maîtriser les bases HTML/CSS/JavaScript | Apprendre un framework moderne | Créer 3 projets pratiques | Comprendre les bases de données | Publier un portfolio en ligne","OFPPT Digital Development | BTS Développement des Systèmes d’Information | EST DUT Informatique | FST Informatique | ENSA/ENSIAS/INPT selon parcours","freeCodeCamp Responsive Web Design | Meta Front-End Developer | Laravel/PHP basics | JavaScript certification","Très haute","Très haute","Moyen","Excellent","Fort","5","5","2","4","3","4","6000","12000","13000","26000","Estimation pédagogique mensuelle en MAD, à vérifier et mettre à jour selon la ville, l’expérience, l’entreprise et l’année.","Bonnes perspectives d’apprentissage | Possibilité de créer des projets concrets | Compétences utiles dans plusieurs secteurs | Compatible avec le travail à distance | Possibilité de freelance","Nécessite une pratique régulière | Demande une veille technologique | Peut devenir difficile sans projets réels","Commence par les bases, réalise un petit projet lié à Développement d'API RESTful & GraphQL, puis documente ton travail dans un portfolio.","Créer un portfolio | Créer une application de gestion simple | Créer une API REST | Déployer un site web","Développement d'API RESTful & GraphQL | Développement & Web | Algorithmique | HTML/CSS | JavaScript | Bases de données | Git/GitHub | Développeur back-end | API Developer | Software Engineer","10","Publié"
"11","developpement-microservices","Développement Microservices","Développement & Web","Découvre Développement Microservices : une spécialité du numérique pour comprendre, explorer, comparer et construire ton parcours.","Ce domaine consiste à conception et création d’applications, sites web, api et solutions logicielles utilisées par les entreprises et les utilisateurs. Il permet à l’élève de relier ses centres d’intérêt avec des métiers numériques concrets.","Important car la demande est haute au Maroc et haute à l’international, avec un impact de l’IA jugé fort.","Aime créer des applications | Aime résoudre des problèmes techniques | Apprend par la pratique | Aime voir rapidement le résultat de son travail","Informatique | Culture numérique | Anglais technique | Projet pratique","Algorithmique | HTML/CSS | JavaScript | Bases de données | Git/GitHub | Résolution de problèmes","Curiosité | Autonomie | Organisation | Communication | Esprit critique | Apprentissage continu","VS Code | GitHub | React | Laravel | Node.js | MySQL","Développeur front-end | Développeur back-end | Développeur full-stack | Développeur mobile | Intégrateur web","Maîtriser les bases HTML/CSS/JavaScript | Apprendre un framework moderne | Créer 3 projets pratiques | Comprendre les bases de données | Publier un portfolio en ligne","OFPPT Digital Development | BTS Développement des Systèmes d’Information | EST DUT Informatique | FST Informatique | ENSA/ENSIAS/INPT selon parcours","freeCodeCamp Responsive Web Design | Meta Front-End Developer | Laravel/PHP basics | JavaScript certification","Haute","Haute","Moyen","Très fort","Fort","5","5","2","4","3","4","5500","11000","12000","24000","Estimation pédagogique mensuelle en MAD, à vérifier et mettre à jour selon la ville, l’expérience, l’entreprise et l’année.","Bonnes perspectives d’apprentissage | Possibilité de créer des projets concrets | Compétences utiles dans plusieurs secteurs | Compatible avec le travail à distance | Possibilité de freelance","Nécessite une pratique régulière | Demande une veille technologique | Peut devenir difficile sans projets réels","Commence par les bases, réalise un petit projet lié à Développement Microservices, puis documente ton travail dans un portfolio.","Créer un portfolio | Créer une application de gestion simple | Créer une API REST | Déployer un site web","Développement Microservices | Développement & Web | Algorithmique | HTML/CSS | JavaScript | Bases de données | Git/GitHub | Développeur front-end | Développeur back-end | Développeur full-stack","11","Publié"
"12","developpement-low-code-no-code","Développement Low-Code / No-Code","Développement & Web","Découvre Développement Low-Code / No-Code : une spécialité du numérique pour comprendre, explorer, comparer et construire ton parcours.","Ce domaine consiste à conception et création d’applications, sites web, api et solutions logicielles utilisées par les entreprises et les utilisateurs. Il permet à l’élève de relier ses centres d’intérêt avec des métiers numériques concrets.","Important car la demande est haute au Maroc et haute à l’international, avec un impact de l’IA jugé fort.","Aime créer des applications | Aime résoudre des problèmes techniques | Apprend par la pratique | Aime voir rapidement le résultat de son travail","Informatique | Culture numérique | Anglais technique | Projet pratique","Algorithmique | HTML/CSS | JavaScript | Bases de données | Git/GitHub | Résolution de problèmes","Curiosité | Autonomie | Organisation | Communication | Esprit critique | Apprentissage continu","VS Code | GitHub | React | Laravel | Node.js | MySQL","Développeur front-end | Développeur back-end | Développeur full-stack | Développeur mobile | Intégrateur web","Maîtriser les bases HTML/CSS/JavaScript | Apprendre un framework moderne | Créer 3 projets pratiques | Comprendre les bases de données | Publier un portfolio en ligne","OFPPT Digital Development | BTS Développement des Systèmes d’Information | EST DUT Informatique | FST Informatique | ENSA/ENSIAS/INPT selon parcours","freeCodeCamp Responsive Web Design | Meta Front-End Developer | Laravel/PHP basics | JavaScript certification","Haute","Haute","Moyen","Très fort","Fort","5","5","2","4","3","4","5500","11000","12000","24000","Estimation pédagogique mensuelle en MAD, à vérifier et mettre à jour selon la ville, l’expérience, l’entreprise et l’année.","Bonnes perspectives d’apprentissage | Possibilité de créer des projets concrets | Compétences utiles dans plusieurs secteurs | Compatible avec le travail à distance | Possibilité de freelance","Nécessite une pratique régulière | Demande une veille technologique | Peut devenir difficile sans projets réels","Commence par les bases, réalise un petit projet lié à Développement Low-Code / No-Code, puis documente ton travail dans un portfolio.","Créer un portfolio | Créer une application de gestion simple | Créer une API REST | Déployer un site web","Développement Low-Code / No-Code | Développement & Web | Algorithmique | HTML/CSS | JavaScript | Bases de données | Git/GitHub | Développeur front-end | Développeur back-end | Développeur full-stack","12","Publié"
"13","web-scraping-automatisation","Web Scraping & Automatisation","Développement & Web","Découvre Web Scraping & Automatisation : une spécialité du numérique pour comprendre, explorer, comparer et construire ton parcours.","Ce domaine consiste à conception et création d’applications, sites web, api et solutions logicielles utilisées par les entreprises et les utilisateurs. Il permet à l’élève de relier ses centres d’intérêt avec des métiers numériques concrets.","Important car la demande est moyenne au Maroc et moyenne à l’international, avec un impact de l’IA jugé fort.","Aime créer des applications | Aime résoudre des problèmes techniques | Apprend par la pratique | Aime voir rapidement le résultat de son travail","Informatique | Culture numérique | Anglais technique | Projet pratique","Algorithmique | HTML/CSS | JavaScript | Bases de données | Git/GitHub | Résolution de problèmes | API REST | Sécurité backend","Curiosité | Autonomie | Organisation | Communication | Esprit critique | Apprentissage continu","VS Code | GitHub | React | Laravel | Node.js | MySQL | Postman","Développeur back-end | API Developer | Software Engineer","Maîtriser les bases HTML/CSS/JavaScript | Apprendre un framework moderne | Créer 3 projets pratiques | Comprendre les bases de données | Publier un portfolio en ligne","OFPPT Digital Development | BTS Développement des Systèmes d’Information | EST DUT Informatique | FST Informatique | ENSA/ENSIAS/INPT selon parcours","freeCodeCamp Responsive Web Design | Meta Front-End Developer | Laravel/PHP basics | JavaScript certification","Moyenne","Moyenne","Moyen","Fort","Fort","5","5","2","4","3","4","5000","10000","11000","22000","Estimation pédagogique mensuelle en MAD, à vérifier et mettre à jour selon la ville, l’expérience, l’entreprise et l’année.","Bonnes perspectives d’apprentissage | Possibilité de créer des projets concrets | Compétences utiles dans plusieurs secteurs | Compatible avec le travail à distance | Possibilité de freelance","Nécessite une pratique régulière | Demande une veille technologique | Peut devenir difficile sans projets réels","Commence par les bases, réalise un petit projet lié à Web Scraping & Automatisation, puis documente ton travail dans un portfolio.","Créer un portfolio | Créer une application de gestion simple | Créer une API REST | Déployer un site web","Web Scraping & Automatisation | Développement & Web | Algorithmique | HTML/CSS | JavaScript | Bases de données | Git/GitHub | Développeur back-end | API Developer | Software Engineer","13","Publié"
"14","developpement-blockchain-smart-contracts","Développement Blockchain & Smart Contracts","Développement & Web","Découvre Développement Blockchain & Smart Contracts : une spécialité du numérique pour comprendre, explorer, comparer et construire ton parcours.","Ce domaine consiste à conception et création d’applications, sites web, api et solutions logicielles utilisées par les entreprises et les utilisateurs. Il permet à l’élève de relier ses centres d’intérêt avec des métiers numériques concrets.","Important car la demande est moyenne au Maroc et moyenne à l’international, avec un impact de l’IA jugé très fort.","Aime créer des applications | Aime résoudre des problèmes techniques | Apprend par la pratique | Aime voir rapidement le résultat de son travail","Informatique | Culture numérique | Anglais technique | Projet pratique","Algorithmique | HTML/CSS | JavaScript | Bases de données | Git/GitHub | Résolution de problèmes | Smart contracts | Web3","Curiosité | Autonomie | Organisation | Communication | Esprit critique | Apprentissage continu","VS Code | GitHub | React | Laravel | Node.js | MySQL | Solidity | Ethereum","Blockchain Developer | Smart Contract Developer | Web3 Analyst","Maîtriser les bases HTML/CSS/JavaScript | Apprendre un framework moderne | Créer 3 projets pratiques | Comprendre les bases de données | Publier un portfolio en ligne","OFPPT Digital Development | BTS Développement des Systèmes d’Information | EST DUT Informatique | FST Informatique | ENSA/ENSIAS/INPT selon parcours","freeCodeCamp Responsive Web Design | Meta Front-End Developer | Laravel/PHP basics | JavaScript certification","Moyenne","Moyenne","Moyen","Fort","Très fort","5","5","2","4","3","4","5000","10000","11000","22000","Estimation pédagogique mensuelle en MAD, à vérifier et mettre à jour selon la ville, l’expérience, l’entreprise et l’année.","Bonnes perspectives d’apprentissage | Possibilité de créer des projets concrets | Compétences utiles dans plusieurs secteurs | Compatible avec le travail à distance | Possibilité de freelance","Nécessite une pratique régulière | Demande une veille technologique | Peut devenir difficile sans projets réels","Commence par les bases, réalise un petit projet lié à Développement Blockchain & Smart Contracts, puis documente ton travail dans un portfolio.","Créer un portfolio | Créer une application de gestion simple | Créer une API REST | Déployer un site web","Développement Blockchain & Smart Contracts | Développement & Web | Algorithmique | HTML/CSS | JavaScript | Bases de données | Git/GitHub | Blockchain Developer | Smart Contract Developer | Web3 Analyst","14","Publié"
"15","developpement-webassembly","Développement WebAssembly","Développement & Web","Découvre Développement WebAssembly : une spécialité du numérique pour comprendre, explorer, comparer et construire ton parcours.","Ce domaine consiste à conception et création d’applications, sites web, api et solutions logicielles utilisées par les entreprises et les utilisateurs. Il permet à l’élève de relier ses centres d’intérêt avec des métiers numériques concrets.","Important car la demande est faible au Maroc et moyenne à l’international, avec un impact de l’IA jugé fort.","Aime créer des applications | Aime résoudre des problèmes techniques | Apprend par la pratique | Aime voir rapidement le résultat de son travail","Informatique | Culture numérique | Anglais technique | Projet pratique","Algorithmique | HTML/CSS | JavaScript | Bases de données | Git/GitHub | Résolution de problèmes","Curiosité | Autonomie | Organisation | Communication | Esprit critique | Apprentissage continu","VS Code | GitHub | React | Laravel | Node.js | MySQL","Développeur front-end | Développeur back-end | Développeur full-stack | Développeur mobile | Intégrateur web","Maîtriser les bases HTML/CSS/JavaScript | Apprendre un framework moderne | Créer 3 projets pratiques | Comprendre les bases de données | Publier un portfolio en ligne","OFPPT Digital Development | BTS Développement des Systèmes d’Information | EST DUT Informatique | FST Informatique | ENSA/ENSIAS/INPT selon parcours","freeCodeCamp Responsive Web Design | Meta Front-End Developer | Laravel/PHP basics | JavaScript certification","Moyenne","Faible","Moyen","Fort","Fort","5","5","2","4","3","4","5000","10000","11000","22000","Estimation pédagogique mensuelle en MAD, à vérifier et mettre à jour selon la ville, l’expérience, l’entreprise et l’année.","Bonnes perspectives d’apprentissage | Possibilité de créer des projets concrets | Compétences utiles dans plusieurs secteurs | Compatible avec le travail à distance | Possibilité de freelance","Nécessite une pratique régulière | Demande une veille technologique | Peut devenir difficile sans projets réels","Commence par les bases, réalise un petit projet lié à Développement WebAssembly, puis documente ton travail dans un portfolio.","Créer un portfolio | Créer une application de gestion simple | Créer une API REST | Déployer un site web","Développement WebAssembly | Développement & Web | Algorithmique | HTML/CSS | JavaScript | Bases de données | Git/GitHub | Développeur front-end | Développeur back-end | Développeur full-stack","15","Publié"
"16","machine-learning-ml","Machine Learning (ML)","Intelligence Artificielle","Découvre Machine Learning (ML) : une spécialité du numérique pour comprendre, explorer, comparer et construire ton parcours.","Ce domaine consiste à création de systèmes capables d’apprendre, prédire, comprendre des données et aider à la prise de décision. Il permet à l’élève de relier ses centres d’intérêt avec des métiers numériques concrets.","Important car la demande est très haute au Maroc et très haute à l’international, avec un impact de l’IA jugé très fort.","Aime les mathématiques | Aime analyser et expérimenter | Est curieux | Aime comprendre comment les machines apprennent","Informatique | Mathématiques | Anglais technique | Projet pratique","Python | Mathématiques | Statistiques | Machine Learning | Analyse de données | Éthique de l’IA","Curiosité | Autonomie | Organisation | Communication | Esprit critique | Apprentissage continu","Python | Jupyter Notebook | Scikit-learn | TensorFlow | PyTorch | Hugging Face","Ingénieur IA | Data Scientist | Machine Learning Engineer | Prompt Engineer | AI Product Specialist","Renforcer Python et les mathématiques | Apprendre statistiques et probabilités | Créer des modèles simples | Étudier le Machine Learning | Construire des projets IA documentés","FST Math-Info | ENSIAS | INPT | EMI | ENSA Génie Informatique | Masters IA/Data","Machine Learning basics | DeepLearning.AI AI for Everyone | Google AI/ML introduction | Python for Data Science","Très haute","Très haute","Avancé","Excellent","Très fort","3","5","5","3","3","5","8500","16500","19000","41500","Estimation pédagogique mensuelle en MAD, à vérifier et mettre à jour selon la ville, l’expérience, l’entreprise et l’année.","Bonnes perspectives d’apprentissage | Possibilité de créer des projets concrets | Compétences utiles dans plusieurs secteurs | Compatible avec le travail à distance","Nécessite une pratique régulière | Demande une veille technologique | Peut devenir difficile sans projets réels | Bases mathématiques importantes","Commence par les bases, réalise un petit projet lié à Machine Learning (ML), puis documente ton travail dans un portfolio.","Créer un classificateur simple | Analyser un jeu de données | Créer un chatbot basique | Tester un modèle IA open source","Machine Learning (ML) | Intelligence Artificielle | Python | Mathématiques | Statistiques | Machine Learning | Analyse de données | Ingénieur IA | Data Scientist | Machine Learning Engineer","16","Publié"
"17","deep-learning","Deep Learning","Intelligence Artificielle","Découvre Deep Learning : une spécialité du numérique pour comprendre, explorer, comparer et construire ton parcours.","Ce domaine consiste à création de systèmes capables d’apprendre, prédire, comprendre des données et aider à la prise de décision. Il permet à l’élève de relier ses centres d’intérêt avec des métiers numériques concrets.","Important car la demande est très haute au Maroc et très haute à l’international, avec un impact de l’IA jugé très fort.","Aime les mathématiques | Aime analyser et expérimenter | Est curieux | Aime comprendre comment les machines apprennent","Informatique | Mathématiques | Anglais technique | Projet pratique","Python | Mathématiques | Statistiques | Machine Learning | Analyse de données | Éthique de l’IA","Curiosité | Autonomie | Organisation | Communication | Esprit critique | Apprentissage continu","Python | Jupyter Notebook | Scikit-learn | TensorFlow | PyTorch | Hugging Face","Ingénieur IA | Data Scientist | Machine Learning Engineer | Prompt Engineer | AI Product Specialist","Renforcer Python et les mathématiques | Apprendre statistiques et probabilités | Créer des modèles simples | Étudier le Machine Learning | Construire des projets IA documentés","FST Math-Info | ENSIAS | INPT | EMI | ENSA Génie Informatique | Masters IA/Data","Machine Learning basics | DeepLearning.AI AI for Everyone | Google AI/ML introduction | Python for Data Science","Très haute","Très haute","Avancé","Excellent","Très fort","3","5","5","3","3","5","8500","16500","19000","41500","Estimation pédagogique mensuelle en MAD, à vérifier et mettre à jour selon la ville, l’expérience, l’entreprise et l’année.","Bonnes perspectives d’apprentissage | Possibilité de créer des projets concrets | Compétences utiles dans plusieurs secteurs | Compatible avec le travail à distance","Nécessite une pratique régulière | Demande une veille technologique | Peut devenir difficile sans projets réels | Bases mathématiques importantes","Commence par les bases, réalise un petit projet lié à Deep Learning, puis documente ton travail dans un portfolio.","Créer un classificateur simple | Analyser un jeu de données | Créer un chatbot basique | Tester un modèle IA open source","Deep Learning | Intelligence Artificielle | Python | Mathématiques | Statistiques | Machine Learning | Analyse de données | Ingénieur IA | Data Scientist | Machine Learning Engineer","17","Publié"
"18","natural-language-processing-nlp","Natural Language Processing (NLP)","Intelligence Artificielle","Découvre Natural Language Processing (NLP) : une spécialité du numérique pour comprendre, explorer, comparer et construire ton parcours.","Ce domaine consiste à création de systèmes capables d’apprendre, prédire, comprendre des données et aider à la prise de décision. Il permet à l’élève de relier ses centres d’intérêt avec des métiers numériques concrets.","Important car la demande est haute au Maroc et très haute à l’international, avec un impact de l’IA jugé très fort.","Aime les mathématiques | Aime analyser et expérimenter | Est curieux | Aime comprendre comment les machines apprennent","Informatique | Mathématiques | Anglais technique | Projet pratique","Python | Mathématiques | Statistiques | Machine Learning | Analyse de données | Éthique de l’IA","Curiosité | Autonomie | Organisation | Communication | Esprit critique | Apprentissage continu","Python | Jupyter Notebook | Scikit-learn | TensorFlow | PyTorch | Hugging Face","Ingénieur IA | Data Scientist | Machine Learning Engineer | Prompt Engineer | AI Product Specialist","Renforcer Python et les mathématiques | Apprendre statistiques et probabilités | Créer des modèles simples | Étudier le Machine Learning | Construire des projets IA documentés","FST Math-Info | ENSIAS | INPT | EMI | ENSA Génie Informatique | Masters IA/Data","Machine Learning basics | DeepLearning.AI AI for Everyone | Google AI/ML introduction | Python for Data Science","Très haute","Haute","Avancé","Excellent","Très fort","3","5","5","3","3","5","8500","16500","19000","41500","Estimation pédagogique mensuelle en MAD, à vérifier et mettre à jour selon la ville, l’expérience, l’entreprise et l’année.","Bonnes perspectives d’apprentissage | Possibilité de créer des projets concrets | Compétences utiles dans plusieurs secteurs | Compatible avec le travail à distance","Nécessite une pratique régulière | Demande une veille technologique | Peut devenir difficile sans projets réels | Bases mathématiques importantes","Commence par les bases, réalise un petit projet lié à Natural Language Processing (NLP), puis documente ton travail dans un portfolio.","Créer un classificateur simple | Analyser un jeu de données | Créer un chatbot basique | Tester un modèle IA open source","Natural Language Processing (NLP) | Intelligence Artificielle | Python | Mathématiques | Statistiques | Machine Learning | Analyse de données | Ingénieur IA | Data Scientist | Machine Learning Engineer","18","Publié"
"19","computer-vision","Computer Vision","Intelligence Artificielle","Découvre Computer Vision : une spécialité du numérique pour comprendre, explorer, comparer et construire ton parcours.","Ce domaine consiste à création de systèmes capables d’apprendre, prédire, comprendre des données et aider à la prise de décision. Il permet à l’élève de relier ses centres d’intérêt avec des métiers numériques concrets.","Important car la demande est haute au Maroc et très haute à l’international, avec un impact de l’IA jugé très fort.","Aime les mathématiques | Aime analyser et expérimenter | Est curieux | Aime comprendre comment les machines apprennent","Informatique | Mathématiques | Anglais technique | Projet pratique","Python | Mathématiques | Statistiques | Machine Learning | Analyse de données | Éthique de l’IA","Curiosité | Autonomie | Organisation | Communication | Esprit critique | Apprentissage continu","Python | Jupyter Notebook | Scikit-learn | TensorFlow | PyTorch | Hugging Face","Ingénieur IA | Data Scientist | Machine Learning Engineer | Prompt Engineer | AI Product Specialist","Renforcer Python et les mathématiques | Apprendre statistiques et probabilités | Créer des modèles simples | Étudier le Machine Learning | Construire des projets IA documentés","FST Math-Info | ENSIAS | INPT | EMI | ENSA Génie Informatique | Masters IA/Data","Machine Learning basics | DeepLearning.AI AI for Everyone | Google AI/ML introduction | Python for Data Science","Très haute","Haute","Avancé","Excellent","Très fort","3","5","5","3","3","5","8500","16500","19000","41500","Estimation pédagogique mensuelle en MAD, à vérifier et mettre à jour selon la ville, l’expérience, l’entreprise et l’année.","Bonnes perspectives d’apprentissage | Possibilité de créer des projets concrets | Compétences utiles dans plusieurs secteurs | Compatible avec le travail à distance","Nécessite une pratique régulière | Demande une veille technologique | Peut devenir difficile sans projets réels | Bases mathématiques importantes","Commence par les bases, réalise un petit projet lié à Computer Vision, puis documente ton travail dans un portfolio.","Créer un classificateur simple | Analyser un jeu de données | Créer un chatbot basique | Tester un modèle IA open source","Computer Vision | Intelligence Artificielle | Python | Mathématiques | Statistiques | Machine Learning | Analyse de données | Ingénieur IA | Data Scientist | Machine Learning Engineer","19","Publié"
"20","ia-generative-genai-llms","IA Générative (GenAI / LLMs)","Intelligence Artificielle","Découvre IA Générative (GenAI / LLMs) : une spécialité du numérique pour comprendre, explorer, comparer et construire ton parcours.","Ce domaine consiste à création de systèmes capables d’apprendre, prédire, comprendre des données et aider à la prise de décision. Il permet à l’élève de relier ses centres d’intérêt avec des métiers numériques concrets.","Important car la demande est très haute au Maroc et très haute à l’international, avec un impact de l’IA jugé très fort.","Aime les mathématiques | Aime analyser et expérimenter | Est curieux | Aime comprendre comment les machines apprennent","Informatique | Mathématiques | Anglais technique | Projet pratique","Python | Mathématiques | Statistiques | Machine Learning | Analyse de données | Éthique de l’IA","Curiosité | Autonomie | Organisation | Communication | Esprit critique | Apprentissage continu","Python | Jupyter Notebook | Scikit-learn | TensorFlow | PyTorch | Hugging Face","Ingénieur IA | Data Scientist | Machine Learning Engineer | Prompt Engineer | AI Product Specialist","Renforcer Python et les mathématiques | Apprendre statistiques et probabilités | Créer des modèles simples | Étudier le Machine Learning | Construire des projets IA documentés","FST Math-Info | ENSIAS | INPT | EMI | ENSA Génie Informatique | Masters IA/Data","Machine Learning basics | DeepLearning.AI AI for Everyone | Google AI/ML introduction | Python for Data Science","Très haute","Très haute","Avancé","Excellent","Très fort","3","5","5","3","3","5","8500","16500","19000","41500","Estimation pédagogique mensuelle en MAD, à vérifier et mettre à jour selon la ville, l’expérience, l’entreprise et l’année.","Bonnes perspectives d’apprentissage | Possibilité de créer des projets concrets | Compétences utiles dans plusieurs secteurs | Compatible avec le travail à distance","Nécessite une pratique régulière | Demande une veille technologique | Peut devenir difficile sans projets réels | Bases mathématiques importantes","Commence par les bases, réalise un petit projet lié à IA Générative (GenAI / LLMs), puis documente ton travail dans un portfolio.","Créer un classificateur simple | Analyser un jeu de données | Créer un chatbot basique | Tester un modèle IA open source","IA Générative (GenAI / LLMs) | Intelligence Artificielle | Python | Mathématiques | Statistiques | Machine Learning | Analyse de données | Ingénieur IA | Data Scientist | Machine Learning Engineer","20","Publié"
"21","prompt-engineering","Prompt Engineering","Intelligence Artificielle","Découvre Prompt Engineering : une spécialité du numérique pour comprendre, explorer, comparer et construire ton parcours.","Ce domaine consiste à création de systèmes capables d’apprendre, prédire, comprendre des données et aider à la prise de décision. Il permet à l’élève de relier ses centres d’intérêt avec des métiers numériques concrets.","Important car la demande est haute au Maroc et très haute à l’international, avec un impact de l’IA jugé très fort.","Aime les mathématiques | Aime analyser et expérimenter | Est curieux | Aime comprendre comment les machines apprennent","Informatique | Mathématiques | Anglais technique | Projet pratique","Python | Mathématiques | Statistiques | Machine Learning | Analyse de données | Éthique de l’IA","Curiosité | Autonomie | Organisation | Communication | Esprit critique | Apprentissage continu","Python | Jupyter Notebook | Scikit-learn | TensorFlow | PyTorch | Hugging Face","Ingénieur IA | Data Scientist | Machine Learning Engineer | Prompt Engineer | AI Product Specialist","Renforcer Python et les mathématiques | Apprendre statistiques et probabilités | Créer des modèles simples | Étudier le Machine Learning | Construire des projets IA documentés","FST Math-Info | ENSIAS | INPT | EMI | ENSA Génie Informatique | Masters IA/Data","Machine Learning basics | DeepLearning.AI AI for Everyone | Google AI/ML introduction | Python for Data Science","Très haute","Haute","Avancé","Excellent","Très fort","3","5","5","3","3","5","8500","16500","19000","41500","Estimation pédagogique mensuelle en MAD, à vérifier et mettre à jour selon la ville, l’expérience, l’entreprise et l’année.","Bonnes perspectives d’apprentissage | Possibilité de créer des projets concrets | Compétences utiles dans plusieurs secteurs | Compatible avec le travail à distance","Nécessite une pratique régulière | Demande une veille technologique | Peut devenir difficile sans projets réels | Bases mathématiques importantes","Commence par les bases, réalise un petit projet lié à Prompt Engineering, puis documente ton travail dans un portfolio.","Créer un classificateur simple | Analyser un jeu de données | Créer un chatbot basique | Tester un modèle IA open source","Prompt Engineering | Intelligence Artificielle | Python | Mathématiques | Statistiques | Machine Learning | Analyse de données | Ingénieur IA | Data Scientist | Machine Learning Engineer","21","Publié"
"22","mlops-operations-machine-learning","MLOps (opérations Machine Learning)","Intelligence Artificielle","Découvre MLOps (opérations Machine Learning) : une spécialité du numérique pour comprendre, explorer, comparer et construire ton parcours.","Ce domaine consiste à création de systèmes capables d’apprendre, prédire, comprendre des données et aider à la prise de décision. Il permet à l’élève de relier ses centres d’intérêt avec des métiers numériques concrets.","Important car la demande est moyenne au Maroc et très haute à l’international, avec un impact de l’IA jugé très fort.","Aime les mathématiques | Aime analyser et expérimenter | Est curieux | Aime comprendre comment les machines apprennent","Informatique | Mathématiques | Anglais technique | Projet pratique","Python | Mathématiques | Statistiques | Machine Learning | Analyse de données | Éthique de l’IA","Curiosité | Autonomie | Organisation | Communication | Esprit critique | Apprentissage continu","Python | Jupyter Notebook | Scikit-learn | TensorFlow | PyTorch | Hugging Face","Ingénieur IA | Data Scientist | Machine Learning Engineer | Prompt Engineer | AI Product Specialist","Renforcer Python et les mathématiques | Apprendre statistiques et probabilités | Créer des modèles simples | Étudier le Machine Learning | Construire des projets IA documentés","FST Math-Info | ENSIAS | INPT | EMI | ENSA Génie Informatique | Masters IA/Data","Machine Learning basics | DeepLearning.AI AI for Everyone | Google AI/ML introduction | Python for Data Science","Très haute","Moyenne","Avancé","Très fort","Très fort","3","5","5","3","3","5","8500","16500","19000","41500","Estimation pédagogique mensuelle en MAD, à vérifier et mettre à jour selon la ville, l’expérience, l’entreprise et l’année.","Bonnes perspectives d’apprentissage | Possibilité de créer des projets concrets | Compétences utiles dans plusieurs secteurs | Compatible avec le travail à distance","Nécessite une pratique régulière | Demande une veille technologique | Peut devenir difficile sans projets réels | Bases mathématiques importantes","Commence par les bases, réalise un petit projet lié à MLOps (opérations Machine Learning), puis documente ton travail dans un portfolio.","Créer un classificateur simple | Analyser un jeu de données | Créer un chatbot basique | Tester un modèle IA open source","MLOps (opérations Machine Learning) | Intelligence Artificielle | Python | Mathématiques | Statistiques | Machine Learning | Analyse de données | Ingénieur IA | Data Scientist | Machine Learning Engineer","22","Publié"
"23","ia-embarquee-edge-ai","IA Embarquée (Edge AI)","Intelligence Artificielle","Découvre IA Embarquée (Edge AI) : une spécialité du numérique pour comprendre, explorer, comparer et construire ton parcours.","Ce domaine consiste à création de systèmes capables d’apprendre, prédire, comprendre des données et aider à la prise de décision. Il permet à l’élève de relier ses centres d’intérêt avec des métiers numériques concrets.","Important car la demande est moyenne au Maroc et haute à l’international, avec un impact de l’IA jugé très fort.","Aime les mathématiques | Aime analyser et expérimenter | Est curieux | Aime comprendre comment les machines apprennent","Informatique | Mathématiques | Anglais technique | Projet pratique","Python | Mathématiques | Statistiques | Machine Learning | Analyse de données | Éthique de l’IA | Capteurs | Systèmes embarqués","Curiosité | Autonomie | Organisation | Communication | Esprit critique | Apprentissage continu","Python | Jupyter Notebook | Scikit-learn | TensorFlow | PyTorch | Hugging Face | Arduino | Raspberry Pi","Ingénieur IoT | Développeur embarqué | Ingénieur robotique","Renforcer Python et les mathématiques | Apprendre statistiques et probabilités | Créer des modèles simples | Étudier le Machine Learning | Construire des projets IA documentés","FST Math-Info | ENSIAS | INPT | EMI | ENSA Génie Informatique | Masters IA/Data","Machine Learning basics | DeepLearning.AI AI for Everyone | Google AI/ML introduction | Python for Data Science","Haute","Moyenne","Avancé","Très fort","Très fort","3","5","5","3","3","5","7500","15000","17500","38000","Estimation pédagogique mensuelle en MAD, à vérifier et mettre à jour selon la ville, l’expérience, l’entreprise et l’année.","Bonnes perspectives d’apprentissage | Possibilité de créer des projets concrets | Compétences utiles dans plusieurs secteurs | Compatible avec le travail à distance","Nécessite une pratique régulière | Demande une veille technologique | Peut devenir difficile sans projets réels | Bases mathématiques importantes","Commence par les bases, réalise un petit projet lié à IA Embarquée (Edge AI), puis documente ton travail dans un portfolio.","Créer un classificateur simple | Analyser un jeu de données | Créer un chatbot basique | Tester un modèle IA open source","IA Embarquée (Edge AI) | Intelligence Artificielle | Python | Mathématiques | Statistiques | Machine Learning | Analyse de données | Ingénieur IoT | Développeur embarqué | Ingénieur robotique","23","Publié"
"24","ia-pour-la-sante-healthai","IA pour la Santé (HealthAI)","Intelligence Artificielle","Découvre IA pour la Santé (HealthAI) : une spécialité du numérique pour comprendre, explorer, comparer et construire ton parcours.","Ce domaine consiste à création de systèmes capables d’apprendre, prédire, comprendre des données et aider à la prise de décision. Il permet à l’élève de relier ses centres d’intérêt avec des métiers numériques concrets.","Important car la demande est moyenne au Maroc et haute à l’international, avec un impact de l’IA jugé très fort.","Aime les mathématiques | Aime analyser et expérimenter | Est curieux | Aime comprendre comment les machines apprennent","Informatique | Mathématiques | Anglais technique | Projet pratique","Python | Mathématiques | Statistiques | Machine Learning | Analyse de données | Éthique de l’IA | Données de santé | Éthique | Analyse scientifique","Curiosité | Autonomie | Organisation | Communication | Esprit critique | Apprentissage continu","Python | Jupyter Notebook | Scikit-learn | TensorFlow | PyTorch | Hugging Face","Bioinformaticien | Health Data Analyst | Spécialiste santé numérique","Renforcer Python et les mathématiques | Apprendre statistiques et probabilités | Créer des modèles simples | Étudier le Machine Learning | Construire des projets IA documentés","FST Math-Info | ENSIAS | INPT | EMI | ENSA Génie Informatique | Masters IA/Data","Machine Learning basics | DeepLearning.AI AI for Everyone | Google AI/ML introduction | Python for Data Science","Haute","Moyenne","Avancé","Très fort","Très fort","3","5","5","3","3","5","7500","15000","17500","38000","Estimation pédagogique mensuelle en MAD, à vérifier et mettre à jour selon la ville, l’expérience, l’entreprise et l’année.","Bonnes perspectives d’apprentissage | Possibilité de créer des projets concrets | Compétences utiles dans plusieurs secteurs | Compatible avec le travail à distance","Nécessite une pratique régulière | Demande une veille technologique | Peut devenir difficile sans projets réels | Bases mathématiques importantes","Commence par les bases, réalise un petit projet lié à IA pour la Santé (HealthAI), puis documente ton travail dans un portfolio.","Créer un classificateur simple | Analyser un jeu de données | Créer un chatbot basique | Tester un modèle IA open source","IA pour la Santé (HealthAI) | Intelligence Artificielle | Python | Mathématiques | Statistiques | Machine Learning | Analyse de données | Bioinformaticien | Health Data Analyst | Spécialiste santé numérique","24","Publié"
"25","ia-pour-la-finance-finai","IA pour la Finance (FinAI)","Intelligence Artificielle","Découvre IA pour la Finance (FinAI) : une spécialité du numérique pour comprendre, explorer, comparer et construire ton parcours.","Ce domaine consiste à création de systèmes capables d’apprendre, prédire, comprendre des données et aider à la prise de décision. Il permet à l’élève de relier ses centres d’intérêt avec des métiers numériques concrets.","Important car la demande est haute au Maroc et très haute à l’international, avec un impact de l’IA jugé très fort.","Aime les mathématiques | Aime analyser et expérimenter | Est curieux | Aime comprendre comment les machines apprennent","Informatique | Mathématiques | Anglais technique | Projet pratique","Python | Mathématiques | Statistiques | Machine Learning | Analyse de données | Éthique de l’IA | Finance numérique | Analyse de risques","Curiosité | Autonomie | Organisation | Communication | Esprit critique | Apprentissage continu","Python | Jupyter Notebook | Scikit-learn | TensorFlow | PyTorch | Hugging Face","Analyste FinTech | Développeur FinTech | Data Analyst Finance","Renforcer Python et les mathématiques | Apprendre statistiques et probabilités | Créer des modèles simples | Étudier le Machine Learning | Construire des projets IA documentés","FST Math-Info | ENSIAS | INPT | EMI | ENSA Génie Informatique | Masters IA/Data","Machine Learning basics | DeepLearning.AI AI for Everyone | Google AI/ML introduction | Python for Data Science","Très haute","Haute","Avancé","Excellent","Très fort","3","5","5","3","3","5","8500","16500","19000","41500","Estimation pédagogique mensuelle en MAD, à vérifier et mettre à jour selon la ville, l’expérience, l’entreprise et l’année.","Bonnes perspectives d’apprentissage | Possibilité de créer des projets concrets | Compétences utiles dans plusieurs secteurs | Compatible avec le travail à distance","Nécessite une pratique régulière | Demande une veille technologique | Peut devenir difficile sans projets réels | Bases mathématiques importantes","Commence par les bases, réalise un petit projet lié à IA pour la Finance (FinAI), puis documente ton travail dans un portfolio.","Créer un classificateur simple | Analyser un jeu de données | Créer un chatbot basique | Tester un modèle IA open source","IA pour la Finance (FinAI) | Intelligence Artificielle | Python | Mathématiques | Statistiques | Machine Learning | Analyse de données | Analyste FinTech | Développeur FinTech | Data Analyst Finance","25","Publié"
"26","ia-ethique-responsable","IA Éthique & Responsable","Intelligence Artificielle","Découvre IA Éthique & Responsable : une spécialité du numérique pour comprendre, explorer, comparer et construire ton parcours.","Ce domaine consiste à création de systèmes capables d’apprendre, prédire, comprendre des données et aider à la prise de décision. Il permet à l’élève de relier ses centres d’intérêt avec des métiers numériques concrets.","Important car la demande est moyenne au Maroc et haute à l’international, avec un impact de l’IA jugé très fort.","Aime les mathématiques | Aime analyser et expérimenter | Est curieux | Aime comprendre comment les machines apprennent","Informatique | Mathématiques | Anglais technique | Projet pratique","Python | Mathématiques | Statistiques | Machine Learning | Analyse de données | Éthique de l’IA","Curiosité | Autonomie | Organisation | Communication | Esprit critique | Apprentissage continu","Python | Jupyter Notebook | Scikit-learn | TensorFlow | PyTorch | Hugging Face","Ingénieur IA | Data Scientist | Machine Learning Engineer | Prompt Engineer | AI Product Specialist","Renforcer Python et les mathématiques | Apprendre statistiques et probabilités | Créer des modèles simples | Étudier le Machine Learning | Construire des projets IA documentés","FST Math-Info | ENSIAS | INPT | EMI | ENSA Génie Informatique | Masters IA/Data","Machine Learning basics | DeepLearning.AI AI for Everyone | Google AI/ML introduction | Python for Data Science","Haute","Moyenne","Avancé","Très fort","Très fort","3","5","5","3","3","5","7500","15000","17500","38000","Estimation pédagogique mensuelle en MAD, à vérifier et mettre à jour selon la ville, l’expérience, l’entreprise et l’année.","Bonnes perspectives d’apprentissage | Possibilité de créer des projets concrets | Compétences utiles dans plusieurs secteurs | Compatible avec le travail à distance","Nécessite une pratique régulière | Demande une veille technologique | Peut devenir difficile sans projets réels | Bases mathématiques importantes","Commence par les bases, réalise un petit projet lié à IA Éthique & Responsable, puis documente ton travail dans un portfolio.","Créer un classificateur simple | Analyser un jeu de données | Créer un chatbot basique | Tester un modèle IA open source","IA Éthique & Responsable | Intelligence Artificielle | Python | Mathématiques | Statistiques | Machine Learning | Analyse de données | Ingénieur IA | Data Scientist | Machine Learning Engineer","26","Publié"
"27","systemes-multi-agents-sma","Systèmes Multi-Agents (SMA)","Intelligence Artificielle","Découvre Systèmes Multi-Agents (SMA) : une spécialité du numérique pour comprendre, explorer, comparer et construire ton parcours.","Ce domaine consiste à création de systèmes capables d’apprendre, prédire, comprendre des données et aider à la prise de décision. Il permet à l’élève de relier ses centres d’intérêt avec des métiers numériques concrets.","Important car la demande est moyenne au Maroc et haute à l’international, avec un impact de l’IA jugé très fort.","Aime les mathématiques | Aime analyser et expérimenter | Est curieux | Aime comprendre comment les machines apprennent","Informatique | Mathématiques | Anglais technique | Projet pratique","Python | Mathématiques | Statistiques | Machine Learning | Analyse de données | Éthique de l’IA","Curiosité | Autonomie | Organisation | Communication | Esprit critique | Apprentissage continu","Python | Jupyter Notebook | Scikit-learn | TensorFlow | PyTorch | Hugging Face","Ingénieur IA | Data Scientist | Machine Learning Engineer | Prompt Engineer | AI Product Specialist","Renforcer Python et les mathématiques | Apprendre statistiques et probabilités | Créer des modèles simples | Étudier le Machine Learning | Construire des projets IA documentés","FST Math-Info | ENSIAS | INPT | EMI | ENSA Génie Informatique | Masters IA/Data","Machine Learning basics | DeepLearning.AI AI for Everyone | Google AI/ML introduction | Python for Data Science","Haute","Moyenne","Avancé","Très fort","Très fort","3","5","5","3","3","5","7500","15000","17500","38000","Estimation pédagogique mensuelle en MAD, à vérifier et mettre à jour selon la ville, l’expérience, l’entreprise et l’année.","Bonnes perspectives d’apprentissage | Possibilité de créer des projets concrets | Compétences utiles dans plusieurs secteurs | Compatible avec le travail à distance","Nécessite une pratique régulière | Demande une veille technologique | Peut devenir difficile sans projets réels | Bases mathématiques importantes","Commence par les bases, réalise un petit projet lié à Systèmes Multi-Agents (SMA), puis documente ton travail dans un portfolio.","Créer un classificateur simple | Analyser un jeu de données | Créer un chatbot basique | Tester un modèle IA open source","Systèmes Multi-Agents (SMA) | Intelligence Artificielle | Python | Mathématiques | Statistiques | Machine Learning | Analyse de données | Ingénieur IA | Data Scientist | Machine Learning Engineer","27","Publié"
"28","reinforcement-learning","Reinforcement Learning","Intelligence Artificielle","Découvre Reinforcement Learning : une spécialité du numérique pour comprendre, explorer, comparer et construire ton parcours.","Ce domaine consiste à création de systèmes capables d’apprendre, prédire, comprendre des données et aider à la prise de décision. Il permet à l’élève de relier ses centres d’intérêt avec des métiers numériques concrets.","Important car la demande est moyenne au Maroc et haute à l’international, avec un impact de l’IA jugé très fort.","Aime les mathématiques | Aime analyser et expérimenter | Est curieux | Aime comprendre comment les machines apprennent","Informatique | Mathématiques | Anglais technique | Projet pratique","Python | Mathématiques | Statistiques | Machine Learning | Analyse de données | Éthique de l’IA","Curiosité | Autonomie | Organisation | Communication | Esprit critique | Apprentissage continu","Python | Jupyter Notebook | Scikit-learn | TensorFlow | PyTorch | Hugging Face","Ingénieur IA | Data Scientist | Machine Learning Engineer | Prompt Engineer | AI Product Specialist","Renforcer Python et les mathématiques | Apprendre statistiques et probabilités | Créer des modèles simples | Étudier le Machine Learning | Construire des projets IA documentés","FST Math-Info | ENSIAS | INPT | EMI | ENSA Génie Informatique | Masters IA/Data","Machine Learning basics | DeepLearning.AI AI for Everyone | Google AI/ML introduction | Python for Data Science","Haute","Moyenne","Avancé","Très fort","Très fort","3","5","5","3","3","5","7500","15000","17500","38000","Estimation pédagogique mensuelle en MAD, à vérifier et mettre à jour selon la ville, l’expérience, l’entreprise et l’année.","Bonnes perspectives d’apprentissage | Possibilité de créer des projets concrets | Compétences utiles dans plusieurs secteurs | Compatible avec le travail à distance","Nécessite une pratique régulière | Demande une veille technologique | Peut devenir difficile sans projets réels | Bases mathématiques importantes","Commence par les bases, réalise un petit projet lié à Reinforcement Learning, puis documente ton travail dans un portfolio.","Créer un classificateur simple | Analyser un jeu de données | Créer un chatbot basique | Tester un modèle IA open source","Reinforcement Learning | Intelligence Artificielle | Python | Mathématiques | Statistiques | Machine Learning | Analyse de données | Ingénieur IA | Data Scientist | Machine Learning Engineer","28","Publié"
"29","ia-pour-l-education-edtech-ai","IA pour l'Éducation (EdTech AI)","Intelligence Artificielle","Découvre IA pour l'Éducation (EdTech AI) : une spécialité du numérique pour comprendre, explorer, comparer et construire ton parcours.","Ce domaine consiste à création de systèmes capables d’apprendre, prédire, comprendre des données et aider à la prise de décision. Il permet à l’élève de relier ses centres d’intérêt avec des métiers numériques concrets.","Important car la demande est haute au Maroc et haute à l’international, avec un impact de l’IA jugé très fort.","Aime les mathématiques | Aime analyser et expérimenter | Est curieux | Aime comprendre comment les machines apprennent","Informatique | Mathématiques | Anglais technique | Projet pratique","Python | Mathématiques | Statistiques | Machine Learning | Analyse de données | Éthique de l’IA","Curiosité | Autonomie | Organisation | Communication | Esprit critique | Apprentissage continu","Python | Jupyter Notebook | Scikit-learn | TensorFlow | PyTorch | Hugging Face","Ingénieur IA | Data Scientist | Machine Learning Engineer | Prompt Engineer | AI Product Specialist","Renforcer Python et les mathématiques | Apprendre statistiques et probabilités | Créer des modèles simples | Étudier le Machine Learning | Construire des projets IA documentés","FST Math-Info | ENSIAS | INPT | EMI | ENSA Génie Informatique | Masters IA/Data","Machine Learning basics | DeepLearning.AI AI for Everyone | Google AI/ML introduction | Python for Data Science","Haute","Haute","Avancé","Très fort","Très fort","3","5","5","3","3","5","7500","15000","17500","38000","Estimation pédagogique mensuelle en MAD, à vérifier et mettre à jour selon la ville, l’expérience, l’entreprise et l’année.","Bonnes perspectives d’apprentissage | Possibilité de créer des projets concrets | Compétences utiles dans plusieurs secteurs | Compatible avec le travail à distance","Nécessite une pratique régulière | Demande une veille technologique | Peut devenir difficile sans projets réels | Bases mathématiques importantes","Commence par les bases, réalise un petit projet lié à IA pour l'Éducation (EdTech AI), puis documente ton travail dans un portfolio.","Créer un classificateur simple | Analyser un jeu de données | Créer un chatbot basique | Tester un modèle IA open source","IA pour l'Éducation (EdTech AI) | Intelligence Artificielle | Python | Mathématiques | Statistiques | Machine Learning | Analyse de données | Ingénieur IA | Data Scientist | Machine Learning Engineer","29","Publié"
"30","traitement-automatique-du-langage-arabe-tal","Traitement Automatique du Langage Arabe (TAL)","Intelligence Artificielle","Découvre Traitement Automatique du Langage Arabe (TAL) : une spécialité du numérique pour comprendre, explorer, comparer et construire ton parcours.","Ce domaine consiste à création de systèmes capables d’apprendre, prédire, comprendre des données et aider à la prise de décision. Il permet à l’élève de relier ses centres d’intérêt avec des métiers numériques concrets.","Important car la demande est très haute au Maroc et moyenne à l’international, avec un impact de l’IA jugé très fort.","Aime les mathématiques | Aime analyser et expérimenter | Est curieux | Aime comprendre comment les machines apprennent","Informatique | Mathématiques | Anglais technique | Projet pratique","Python | Mathématiques | Statistiques | Machine Learning | Analyse de données | Éthique de l’IA","Curiosité | Autonomie | Organisation | Communication | Esprit critique | Apprentissage continu","Python | Jupyter Notebook | Scikit-learn | TensorFlow | PyTorch | Hugging Face","Ingénieur IA | Data Scientist | Machine Learning Engineer | Prompt Engineer | AI Product Specialist","Renforcer Python et les mathématiques | Apprendre statistiques et probabilités | Créer des modèles simples | Étudier le Machine Learning | Construire des projets IA documentés","FST Math-Info | ENSIAS | INPT | EMI | ENSA Génie Informatique | Masters IA/Data","Machine Learning basics | DeepLearning.AI AI for Everyone | Google AI/ML introduction | Python for Data Science","Moyenne","Très haute","Avancé","Très fort","Très fort","3","5","5","3","3","5","8500","16500","19000","41500","Estimation pédagogique mensuelle en MAD, à vérifier et mettre à jour selon la ville, l’expérience, l’entreprise et l’année.","Bonnes perspectives d’apprentissage | Possibilité de créer des projets concrets | Compétences utiles dans plusieurs secteurs | Compatible avec le travail à distance","Nécessite une pratique régulière | Demande une veille technologique | Peut devenir difficile sans projets réels | Bases mathématiques importantes","Commence par les bases, réalise un petit projet lié à Traitement Automatique du Langage Arabe (TAL), puis documente ton travail dans un portfolio.","Créer un classificateur simple | Analyser un jeu de données | Créer un chatbot basique | Tester un modèle IA open source","Traitement Automatique du Langage Arabe (TAL) | Intelligence Artificielle | Python | Mathématiques | Statistiques | Machine Learning | Analyse de données | Ingénieur IA | Data Scientist | Machine Learning Engineer","30","Publié"
"31","data-science","Data Science","Data & Big Data","Découvre Data Science : une spécialité du numérique pour comprendre, explorer, comparer et construire ton parcours.","Ce domaine consiste à collecte, traitement, visualisation et analyse de grandes quantités de données pour comprendre et décider. Il permet à l’élève de relier ses centres d’intérêt avec des métiers numériques concrets.","Important car la demande est très haute au Maroc et très haute à l’international, avec un impact de l’IA jugé très fort.","Aime les chiffres | Aime chercher des tendances | Est organisé | Aime transformer les données en décisions","Informatique | Mathématiques | Français/communication | Projet pratique","Python | SQL | Statistiques | Data visualisation | Excel avancé | Nettoyage de données","Curiosité | Autonomie | Organisation | Communication | Esprit critique | Apprentissage continu","Python | SQL | Power BI | Tableau | Excel | Apache Spark","Data Analyst | Data Scientist | Data Engineer | BI Analyst | Big Data Engineer","Apprendre Excel et SQL | Apprendre Python pour la data | Créer des tableaux de bord | Étudier les statistiques | Réaliser des projets de données réelles","EST/FST Informatique | Masters Data Science | ENSIAS/INPT/EMI | Formations BI et Data Analytics","Google Data Analytics | Microsoft Power BI | SQL certification | IBM Data Analyst","Très haute","Très haute","Moyen à avancé","Excellent","Très fort","3","5","4","2","4","5","7000","14000","16500","33000","Estimation pédagogique mensuelle en MAD, à vérifier et mettre à jour selon la ville, l’expérience, l’entreprise et l’année.","Bonnes perspectives d’apprentissage | Possibilité de créer des projets concrets | Compétences utiles dans plusieurs secteurs | Compatible avec le travail à distance","Nécessite une pratique régulière | Demande une veille technologique | Peut devenir difficile sans projets réels | Bases mathématiques importantes","Commence par les bases, réalise un petit projet lié à Data Science, puis documente ton travail dans un portfolio.","Créer un dashboard Power BI | Nettoyer un fichier CSV | Faire une analyse avec Python | Créer un rapport de données","Data Science | Data & Big Data | Python | SQL | Statistiques | Data visualisation | Excel avancé | Data Analyst | Data Scientist | Data Engineer","31","Publié"
"32","data-analysis","Data Analysis","Data & Big Data","Découvre Data Analysis : une spécialité du numérique pour comprendre, explorer, comparer et construire ton parcours.","Ce domaine consiste à collecte, traitement, visualisation et analyse de grandes quantités de données pour comprendre et décider. Il permet à l’élève de relier ses centres d’intérêt avec des métiers numériques concrets.","Important car la demande est très haute au Maroc et très haute à l’international, avec un impact de l’IA jugé très fort.","Aime les chiffres | Aime chercher des tendances | Est organisé | Aime transformer les données en décisions","Informatique | Mathématiques | Français/communication | Projet pratique","Python | SQL | Statistiques | Data visualisation | Excel avancé | Nettoyage de données","Curiosité | Autonomie | Organisation | Communication | Esprit critique | Apprentissage continu","Python | SQL | Power BI | Tableau | Excel | Apache Spark","Data Analyst | Data Scientist | Data Engineer | BI Analyst | Big Data Engineer","Apprendre Excel et SQL | Apprendre Python pour la data | Créer des tableaux de bord | Étudier les statistiques | Réaliser des projets de données réelles","EST/FST Informatique | Masters Data Science | ENSIAS/INPT/EMI | Formations BI et Data Analytics","Google Data Analytics | Microsoft Power BI | SQL certification | IBM Data Analyst","Très haute","Très haute","Moyen à avancé","Excellent","Très fort","3","5","4","2","4","5","7000","14000","16500","33000","Estimation pédagogique mensuelle en MAD, à vérifier et mettre à jour selon la ville, l’expérience, l’entreprise et l’année.","Bonnes perspectives d’apprentissage | Possibilité de créer des projets concrets | Compétences utiles dans plusieurs secteurs | Compatible avec le travail à distance","Nécessite une pratique régulière | Demande une veille technologique | Peut devenir difficile sans projets réels | Bases mathématiques importantes","Commence par les bases, réalise un petit projet lié à Data Analysis, puis documente ton travail dans un portfolio.","Créer un dashboard Power BI | Nettoyer un fichier CSV | Faire une analyse avec Python | Créer un rapport de données","Data Analysis | Data & Big Data | Python | SQL | Statistiques | Data visualisation | Excel avancé | Data Analyst | Data Scientist | Data Engineer","32","Publié"
"33","data-engineering","Data Engineering","Data & Big Data","Découvre Data Engineering : une spécialité du numérique pour comprendre, explorer, comparer et construire ton parcours.","Ce domaine consiste à collecte, traitement, visualisation et analyse de grandes quantités de données pour comprendre et décider. Il permet à l’élève de relier ses centres d’intérêt avec des métiers numériques concrets.","Important car la demande est haute au Maroc et très haute à l’international, avec un impact de l’IA jugé très fort.","Aime les chiffres | Aime chercher des tendances | Est organisé | Aime transformer les données en décisions","Informatique | Mathématiques | Français/communication | Projet pratique","Python | SQL | Statistiques | Data visualisation | Excel avancé | Nettoyage de données","Curiosité | Autonomie | Organisation | Communication | Esprit critique | Apprentissage continu","Python | SQL | Power BI | Tableau | Excel | Apache Spark","Data Analyst | Data Scientist | Data Engineer | BI Analyst | Big Data Engineer","Apprendre Excel et SQL | Apprendre Python pour la data | Créer des tableaux de bord | Étudier les statistiques | Réaliser des projets de données réelles","EST/FST Informatique | Masters Data Science | ENSIAS/INPT/EMI | Formations BI et Data Analytics","Google Data Analytics | Microsoft Power BI | SQL certification | IBM Data Analyst","Très haute","Haute","Moyen à avancé","Excellent","Très fort","3","5","4","2","4","5","7000","14000","16500","33000","Estimation pédagogique mensuelle en MAD, à vérifier et mettre à jour selon la ville, l’expérience, l’entreprise et l’année.","Bonnes perspectives d’apprentissage | Possibilité de créer des projets concrets | Compétences utiles dans plusieurs secteurs | Compatible avec le travail à distance","Nécessite une pratique régulière | Demande une veille technologique | Peut devenir difficile sans projets réels | Bases mathématiques importantes","Commence par les bases, réalise un petit projet lié à Data Engineering, puis documente ton travail dans un portfolio.","Créer un dashboard Power BI | Nettoyer un fichier CSV | Faire une analyse avec Python | Créer un rapport de données","Data Engineering | Data & Big Data | Python | SQL | Statistiques | Data visualisation | Excel avancé | Data Analyst | Data Scientist | Data Engineer","33","Publié"
"34","business-intelligence-bi","Business Intelligence (BI)","Data & Big Data","Découvre Business Intelligence (BI) : une spécialité du numérique pour comprendre, explorer, comparer et construire ton parcours.","Ce domaine consiste à collecte, traitement, visualisation et analyse de grandes quantités de données pour comprendre et décider. Il permet à l’élève de relier ses centres d’intérêt avec des métiers numériques concrets.","Important car la demande est très haute au Maroc et très haute à l’international, avec un impact de l’IA jugé très fort.","Aime les chiffres | Aime chercher des tendances | Est organisé | Aime transformer les données en décisions","Informatique | Mathématiques | Français/communication | Projet pratique","Python | SQL | Statistiques | Data visualisation | Excel avancé | Nettoyage de données","Curiosité | Autonomie | Organisation | Communication | Esprit critique | Apprentissage continu","Python | SQL | Power BI | Tableau | Excel | Apache Spark","Data Analyst | Data Scientist | Data Engineer | BI Analyst | Big Data Engineer","Apprendre Excel et SQL | Apprendre Python pour la data | Créer des tableaux de bord | Étudier les statistiques | Réaliser des projets de données réelles","EST/FST Informatique | Masters Data Science | ENSIAS/INPT/EMI | Formations BI et Data Analytics","Google Data Analytics | Microsoft Power BI | SQL certification | IBM Data Analyst","Très haute","Très haute","Moyen à avancé","Excellent","Très fort","3","5","4","2","4","5","7000","14000","16500","33000","Estimation pédagogique mensuelle en MAD, à vérifier et mettre à jour selon la ville, l’expérience, l’entreprise et l’année.","Bonnes perspectives d’apprentissage | Possibilité de créer des projets concrets | Compétences utiles dans plusieurs secteurs | Compatible avec le travail à distance","Nécessite une pratique régulière | Demande une veille technologique | Peut devenir difficile sans projets réels | Bases mathématiques importantes","Commence par les bases, réalise un petit projet lié à Business Intelligence (BI), puis documente ton travail dans un portfolio.","Créer un dashboard Power BI | Nettoyer un fichier CSV | Faire une analyse avec Python | Créer un rapport de données","Business Intelligence (BI) | Data & Big Data | Python | SQL | Statistiques | Data visualisation | Excel avancé | Data Analyst | Data Scientist | Data Engineer","34","Publié"
"35","big-data-hadoop-spark","Big Data (Hadoop, Spark)","Data & Big Data","Découvre Big Data (Hadoop, Spark) : une spécialité du numérique pour comprendre, explorer, comparer et construire ton parcours.","Ce domaine consiste à collecte, traitement, visualisation et analyse de grandes quantités de données pour comprendre et décider. Il permet à l’élève de relier ses centres d’intérêt avec des métiers numériques concrets.","Important car la demande est haute au Maroc et très haute à l’international, avec un impact de l’IA jugé très fort.","Aime les chiffres | Aime chercher des tendances | Est organisé | Aime transformer les données en décisions","Informatique | Mathématiques | Français/communication | Projet pratique","Python | SQL | Statistiques | Data visualisation | Excel avancé | Nettoyage de données","Curiosité | Autonomie | Organisation | Communication | Esprit critique | Apprentissage continu","Python | SQL | Power BI | Tableau | Excel | Apache Spark","Data Analyst | Data Scientist | Data Engineer | BI Analyst | Big Data Engineer","Apprendre Excel et SQL | Apprendre Python pour la data | Créer des tableaux de bord | Étudier les statistiques | Réaliser des projets de données réelles","EST/FST Informatique | Masters Data Science | ENSIAS/INPT/EMI | Formations BI et Data Analytics","Google Data Analytics | Microsoft Power BI | SQL certification | IBM Data Analyst","Très haute","Haute","Moyen à avancé","Excellent","Très fort","3","5","4","2","4","5","7000","14000","16500","33000","Estimation pédagogique mensuelle en MAD, à vérifier et mettre à jour selon la ville, l’expérience, l’entreprise et l’année.","Bonnes perspectives d’apprentissage | Possibilité de créer des projets concrets | Compétences utiles dans plusieurs secteurs | Compatible avec le travail à distance","Nécessite une pratique régulière | Demande une veille technologique | Peut devenir difficile sans projets réels | Bases mathématiques importantes","Commence par les bases, réalise un petit projet lié à Big Data (Hadoop, Spark), puis documente ton travail dans un portfolio.","Créer un dashboard Power BI | Nettoyer un fichier CSV | Faire une analyse avec Python | Créer un rapport de données","Big Data (Hadoop, Spark) | Data & Big Data | Python | SQL | Statistiques | Data visualisation | Excel avancé | Data Analyst | Data Scientist | Data Engineer","35","Publié"
"36","data-visualization-tableau-power-bi","Data Visualization (Tableau, Power BI)","Data & Big Data","Découvre Data Visualization (Tableau, Power BI) : une spécialité du numérique pour comprendre, explorer, comparer et construire ton parcours.","Ce domaine consiste à collecte, traitement, visualisation et analyse de grandes quantités de données pour comprendre et décider. Il permet à l’élève de relier ses centres d’intérêt avec des métiers numériques concrets.","Important car la demande est très haute au Maroc et très haute à l’international, avec un impact de l’IA jugé très fort.","Aime les chiffres | Aime chercher des tendances | Est organisé | Aime transformer les données en décisions","Informatique | Mathématiques | Français/communication | Projet pratique","Python | SQL | Statistiques | Data visualisation | Excel avancé | Nettoyage de données","Curiosité | Autonomie | Organisation | Communication | Esprit critique | Apprentissage continu","Python | SQL | Power BI | Tableau | Excel | Apache Spark","Data Analyst | Data Scientist | Data Engineer | BI Analyst | Big Data Engineer","Apprendre Excel et SQL | Apprendre Python pour la data | Créer des tableaux de bord | Étudier les statistiques | Réaliser des projets de données réelles","EST/FST Informatique | Masters Data Science | ENSIAS/INPT/EMI | Formations BI et Data Analytics","Google Data Analytics | Microsoft Power BI | SQL certification | IBM Data Analyst","Très haute","Très haute","Moyen à avancé","Excellent","Très fort","3","5","4","2","4","5","7000","14000","16500","33000","Estimation pédagogique mensuelle en MAD, à vérifier et mettre à jour selon la ville, l’expérience, l’entreprise et l’année.","Bonnes perspectives d’apprentissage | Possibilité de créer des projets concrets | Compétences utiles dans plusieurs secteurs | Compatible avec le travail à distance","Nécessite une pratique régulière | Demande une veille technologique | Peut devenir difficile sans projets réels | Bases mathématiques importantes","Commence par les bases, réalise un petit projet lié à Data Visualization (Tableau, Power BI), puis documente ton travail dans un portfolio.","Créer un dashboard Power BI | Nettoyer un fichier CSV | Faire une analyse avec Python | Créer un rapport de données","Data Visualization (Tableau, Power BI) | Data & Big Data | Python | SQL | Statistiques | Data visualisation | Excel avancé | Data Analyst | Data Scientist | Data Engineer","36","Publié"
"37","data-governance-gouvernance-des-donnees","Data Governance (Gouvernance des données)","Data & Big Data","Découvre Data Governance (Gouvernance des données) : une spécialité du numérique pour comprendre, explorer, comparer et construire ton parcours.","Ce domaine consiste à collecte, traitement, visualisation et analyse de grandes quantités de données pour comprendre et décider. Il permet à l’élève de relier ses centres d’intérêt avec des métiers numériques concrets.","Important car la demande est haute au Maroc et haute à l’international, avec un impact de l’IA jugé très fort.","Aime les chiffres | Aime chercher des tendances | Est organisé | Aime transformer les données en décisions","Informatique | Mathématiques | Français/communication | Projet pratique","Python | SQL | Statistiques | Data visualisation | Excel avancé | Nettoyage de données","Curiosité | Autonomie | Organisation | Communication | Esprit critique | Apprentissage continu","Python | SQL | Power BI | Tableau | Excel | Apache Spark","Data Analyst | Data Scientist | Data Engineer | BI Analyst | Big Data Engineer","Apprendre Excel et SQL | Apprendre Python pour la data | Créer des tableaux de bord | Étudier les statistiques | Réaliser des projets de données réelles","EST/FST Informatique | Masters Data Science | ENSIAS/INPT/EMI | Formations BI et Data Analytics","Google Data Analytics | Microsoft Power BI | SQL certification | IBM Data Analyst","Haute","Haute","Moyen à avancé","Très fort","Très fort","3","5","4","2","4","5","6500","13000","15000","30000","Estimation pédagogique mensuelle en MAD, à vérifier et mettre à jour selon la ville, l’expérience, l’entreprise et l’année.","Bonnes perspectives d’apprentissage | Possibilité de créer des projets concrets | Compétences utiles dans plusieurs secteurs | Compatible avec le travail à distance","Nécessite une pratique régulière | Demande une veille technologique | Peut devenir difficile sans projets réels | Bases mathématiques importantes","Commence par les bases, réalise un petit projet lié à Data Governance (Gouvernance des données), puis documente ton travail dans un portfolio.","Créer un dashboard Power BI | Nettoyer un fichier CSV | Faire une analyse avec Python | Créer un rapport de données","Data Governance (Gouvernance des données) | Data & Big Data | Python | SQL | Statistiques | Data visualisation | Excel avancé | Data Analyst | Data Scientist | Data Engineer","37","Publié"
"38","data-warehousing","Data Warehousing","Data & Big Data","Découvre Data Warehousing : une spécialité du numérique pour comprendre, explorer, comparer et construire ton parcours.","Ce domaine consiste à collecte, traitement, visualisation et analyse de grandes quantités de données pour comprendre et décider. Il permet à l’élève de relier ses centres d’intérêt avec des métiers numériques concrets.","Important car la demande est haute au Maroc et haute à l’international, avec un impact de l’IA jugé très fort.","Aime les chiffres | Aime chercher des tendances | Est organisé | Aime transformer les données en décisions","Informatique | Mathématiques | Français/communication | Projet pratique","Python | SQL | Statistiques | Data visualisation | Excel avancé | Nettoyage de données","Curiosité | Autonomie | Organisation | Communication | Esprit critique | Apprentissage continu","Python | SQL | Power BI | Tableau | Excel | Apache Spark","Data Analyst | Data Scientist | Data Engineer | BI Analyst | Big Data Engineer","Apprendre Excel et SQL | Apprendre Python pour la data | Créer des tableaux de bord | Étudier les statistiques | Réaliser des projets de données réelles","EST/FST Informatique | Masters Data Science | ENSIAS/INPT/EMI | Formations BI et Data Analytics","Google Data Analytics | Microsoft Power BI | SQL certification | IBM Data Analyst","Haute","Haute","Moyen à avancé","Très fort","Très fort","3","5","4","2","4","5","6500","13000","15000","30000","Estimation pédagogique mensuelle en MAD, à vérifier et mettre à jour selon la ville, l’expérience, l’entreprise et l’année.","Bonnes perspectives d’apprentissage | Possibilité de créer des projets concrets | Compétences utiles dans plusieurs secteurs | Compatible avec le travail à distance","Nécessite une pratique régulière | Demande une veille technologique | Peut devenir difficile sans projets réels | Bases mathématiques importantes","Commence par les bases, réalise un petit projet lié à Data Warehousing, puis documente ton travail dans un portfolio.","Créer un dashboard Power BI | Nettoyer un fichier CSV | Faire une analyse avec Python | Créer un rapport de données","Data Warehousing | Data & Big Data | Python | SQL | Statistiques | Data visualisation | Excel avancé | Data Analyst | Data Scientist | Data Engineer","38","Publié"
"39","real-time-data-streaming-kafka","Real-Time Data Streaming (Kafka)","Data & Big Data","Découvre Real-Time Data Streaming (Kafka) : une spécialité du numérique pour comprendre, explorer, comparer et construire ton parcours.","Ce domaine consiste à collecte, traitement, visualisation et analyse de grandes quantités de données pour comprendre et décider. Il permet à l’élève de relier ses centres d’intérêt avec des métiers numériques concrets.","Important car la demande est moyenne au Maroc et haute à l’international, avec un impact de l’IA jugé très fort.","Aime les chiffres | Aime chercher des tendances | Est organisé | Aime transformer les données en décisions","Informatique | Mathématiques | Français/communication | Projet pratique","Python | SQL | Statistiques | Data visualisation | Excel avancé | Nettoyage de données","Curiosité | Autonomie | Organisation | Communication | Esprit critique | Apprentissage continu","Python | SQL | Power BI | Tableau | Excel | Apache Spark","Data Analyst | Data Scientist | Data Engineer | BI Analyst | Big Data Engineer","Apprendre Excel et SQL | Apprendre Python pour la data | Créer des tableaux de bord | Étudier les statistiques | Réaliser des projets de données réelles","EST/FST Informatique | Masters Data Science | ENSIAS/INPT/EMI | Formations BI et Data Analytics","Google Data Analytics | Microsoft Power BI | SQL certification | IBM Data Analyst","Haute","Moyenne","Moyen à avancé","Très fort","Très fort","3","5","4","2","4","5","6500","13000","15000","30000","Estimation pédagogique mensuelle en MAD, à vérifier et mettre à jour selon la ville, l’expérience, l’entreprise et l’année.","Bonnes perspectives d’apprentissage | Possibilité de créer des projets concrets | Compétences utiles dans plusieurs secteurs | Compatible avec le travail à distance","Nécessite une pratique régulière | Demande une veille technologique | Peut devenir difficile sans projets réels | Bases mathématiques importantes","Commence par les bases, réalise un petit projet lié à Real-Time Data Streaming (Kafka), puis documente ton travail dans un portfolio.","Créer un dashboard Power BI | Nettoyer un fichier CSV | Faire une analyse avec Python | Créer un rapport de données","Real-Time Data Streaming (Kafka) | Data & Big Data | Python | SQL | Statistiques | Data visualisation | Excel avancé | Data Analyst | Data Scientist | Data Engineer","39","Publié"
"40","data-wrangling-pretraitement","Data Wrangling & Prétraitement","Data & Big Data","Découvre Data Wrangling & Prétraitement : une spécialité du numérique pour comprendre, explorer, comparer et construire ton parcours.","Ce domaine consiste à collecte, traitement, visualisation et analyse de grandes quantités de données pour comprendre et décider. Il permet à l’élève de relier ses centres d’intérêt avec des métiers numériques concrets.","Important car la demande est haute au Maroc et haute à l’international, avec un impact de l’IA jugé très fort.","Aime les chiffres | Aime chercher des tendances | Est organisé | Aime transformer les données en décisions","Informatique | Mathématiques | Français/communication | Projet pratique","Python | SQL | Statistiques | Data visualisation | Excel avancé | Nettoyage de données","Curiosité | Autonomie | Organisation | Communication | Esprit critique | Apprentissage continu","Python | SQL | Power BI | Tableau | Excel | Apache Spark","Data Analyst | Data Scientist | Data Engineer | BI Analyst | Big Data Engineer","Apprendre Excel et SQL | Apprendre Python pour la data | Créer des tableaux de bord | Étudier les statistiques | Réaliser des projets de données réelles","EST/FST Informatique | Masters Data Science | ENSIAS/INPT/EMI | Formations BI et Data Analytics","Google Data Analytics | Microsoft Power BI | SQL certification | IBM Data Analyst","Haute","Haute","Moyen à avancé","Très fort","Très fort","3","5","4","2","4","5","6500","13000","15000","30000","Estimation pédagogique mensuelle en MAD, à vérifier et mettre à jour selon la ville, l’expérience, l’entreprise et l’année.","Bonnes perspectives d’apprentissage | Possibilité de créer des projets concrets | Compétences utiles dans plusieurs secteurs | Compatible avec le travail à distance","Nécessite une pratique régulière | Demande une veille technologique | Peut devenir difficile sans projets réels | Bases mathématiques importantes","Commence par les bases, réalise un petit projet lié à Data Wrangling & Prétraitement, puis documente ton travail dans un portfolio.","Créer un dashboard Power BI | Nettoyer un fichier CSV | Faire une analyse avec Python | Créer un rapport de données","Data Wrangling & Prétraitement | Data & Big Data | Python | SQL | Statistiques | Data visualisation | Excel avancé | Data Analyst | Data Scientist | Data Engineer","40","Publié"
"41","statistiques-analyse-predictive","Statistiques & Analyse Prédictive","Data & Big Data","Découvre Statistiques & Analyse Prédictive : une spécialité du numérique pour comprendre, explorer, comparer et construire ton parcours.","Ce domaine consiste à collecte, traitement, visualisation et analyse de grandes quantités de données pour comprendre et décider. Il permet à l’élève de relier ses centres d’intérêt avec des métiers numériques concrets.","Important car la demande est haute au Maroc et très haute à l’international, avec un impact de l’IA jugé très fort.","Aime les chiffres | Aime chercher des tendances | Est organisé | Aime transformer les données en décisions","Informatique | Mathématiques | Français/communication | Projet pratique","Python | SQL | Statistiques | Data visualisation | Excel avancé | Nettoyage de données","Curiosité | Autonomie | Organisation | Communication | Esprit critique | Apprentissage continu","Python | SQL | Power BI | Tableau | Excel | Apache Spark","Data Analyst | Data Scientist | Data Engineer | BI Analyst | Big Data Engineer","Apprendre Excel et SQL | Apprendre Python pour la data | Créer des tableaux de bord | Étudier les statistiques | Réaliser des projets de données réelles","EST/FST Informatique | Masters Data Science | ENSIAS/INPT/EMI | Formations BI et Data Analytics","Google Data Analytics | Microsoft Power BI | SQL certification | IBM Data Analyst","Très haute","Haute","Moyen à avancé","Excellent","Très fort","3","5","4","2","4","5","7000","14000","16500","33000","Estimation pédagogique mensuelle en MAD, à vérifier et mettre à jour selon la ville, l’expérience, l’entreprise et l’année.","Bonnes perspectives d’apprentissage | Possibilité de créer des projets concrets | Compétences utiles dans plusieurs secteurs | Compatible avec le travail à distance","Nécessite une pratique régulière | Demande une veille technologique | Peut devenir difficile sans projets réels | Bases mathématiques importantes","Commence par les bases, réalise un petit projet lié à Statistiques & Analyse Prédictive, puis documente ton travail dans un portfolio.","Créer un dashboard Power BI | Nettoyer un fichier CSV | Faire une analyse avec Python | Créer un rapport de données","Statistiques & Analyse Prédictive | Data & Big Data | Python | SQL | Statistiques | Data visualisation | Excel avancé | Data Analyst | Data Scientist | Data Engineer","41","Publié"
"42","data-monetization-valorisation-des-donnees","Data Monetization (Valorisation des données)","Data & Big Data","Découvre Data Monetization (Valorisation des données) : une spécialité du numérique pour comprendre, explorer, comparer et construire ton parcours.","Ce domaine consiste à collecte, traitement, visualisation et analyse de grandes quantités de données pour comprendre et décider. Il permet à l’élève de relier ses centres d’intérêt avec des métiers numériques concrets.","Important car la demande est moyenne au Maroc et haute à l’international, avec un impact de l’IA jugé très fort.","Aime les chiffres | Aime chercher des tendances | Est organisé | Aime transformer les données en décisions","Informatique | Mathématiques | Français/communication | Projet pratique","Python | SQL | Statistiques | Data visualisation | Excel avancé | Nettoyage de données","Curiosité | Autonomie | Organisation | Communication | Esprit critique | Apprentissage continu","Python | SQL | Power BI | Tableau | Excel | Apache Spark","Data Analyst | Data Scientist | Data Engineer | BI Analyst | Big Data Engineer","Apprendre Excel et SQL | Apprendre Python pour la data | Créer des tableaux de bord | Étudier les statistiques | Réaliser des projets de données réelles","EST/FST Informatique | Masters Data Science | ENSIAS/INPT/EMI | Formations BI et Data Analytics","Google Data Analytics | Microsoft Power BI | SQL certification | IBM Data Analyst","Haute","Moyenne","Moyen à avancé","Très fort","Très fort","3","5","4","2","4","5","6500","13000","15000","30000","Estimation pédagogique mensuelle en MAD, à vérifier et mettre à jour selon la ville, l’expérience, l’entreprise et l’année.","Bonnes perspectives d’apprentissage | Possibilité de créer des projets concrets | Compétences utiles dans plusieurs secteurs | Compatible avec le travail à distance","Nécessite une pratique régulière | Demande une veille technologique | Peut devenir difficile sans projets réels | Bases mathématiques importantes","Commence par les bases, réalise un petit projet lié à Data Monetization (Valorisation des données), puis documente ton travail dans un portfolio.","Créer un dashboard Power BI | Nettoyer un fichier CSV | Faire une analyse avec Python | Créer un rapport de données","Data Monetization (Valorisation des données) | Data & Big Data | Python | SQL | Statistiques | Data visualisation | Excel avancé | Data Analyst | Data Scientist | Data Engineer","42","Publié"
"43","data-privacy-rgpd","Data Privacy & RGPD","Data & Big Data","Découvre Data Privacy & RGPD : une spécialité du numérique pour comprendre, explorer, comparer et construire ton parcours.","Ce domaine consiste à collecte, traitement, visualisation et analyse de grandes quantités de données pour comprendre et décider. Il permet à l’élève de relier ses centres d’intérêt avec des métiers numériques concrets.","Important car la demande est haute au Maroc et haute à l’international, avec un impact de l’IA jugé très fort.","Aime les chiffres | Aime chercher des tendances | Est organisé | Aime transformer les données en décisions","Informatique | Mathématiques | Français/communication | Projet pratique","Python | SQL | Statistiques | Data visualisation | Excel avancé | Nettoyage de données","Curiosité | Autonomie | Organisation | Communication | Esprit critique | Apprentissage continu","Python | SQL | Power BI | Tableau | Excel | Apache Spark","Data Analyst | Data Scientist | Data Engineer | BI Analyst | Big Data Engineer","Apprendre Excel et SQL | Apprendre Python pour la data | Créer des tableaux de bord | Étudier les statistiques | Réaliser des projets de données réelles","EST/FST Informatique | Masters Data Science | ENSIAS/INPT/EMI | Formations BI et Data Analytics","Google Data Analytics | Microsoft Power BI | SQL certification | IBM Data Analyst","Haute","Haute","Moyen à avancé","Très fort","Très fort","3","5","4","2","4","5","6500","13000","15000","30000","Estimation pédagogique mensuelle en MAD, à vérifier et mettre à jour selon la ville, l’expérience, l’entreprise et l’année.","Bonnes perspectives d’apprentissage | Possibilité de créer des projets concrets | Compétences utiles dans plusieurs secteurs | Compatible avec le travail à distance","Nécessite une pratique régulière | Demande une veille technologique | Peut devenir difficile sans projets réels | Bases mathématiques importantes","Commence par les bases, réalise un petit projet lié à Data Privacy & RGPD, puis documente ton travail dans un portfolio.","Créer un dashboard Power BI | Nettoyer un fichier CSV | Faire une analyse avec Python | Créer un rapport de données","Data Privacy & RGPD | Data & Big Data | Python | SQL | Statistiques | Data visualisation | Excel avancé | Data Analyst | Data Scientist | Data Engineer","43","Publié"
"44","analytics-augmente-ia-bi","Analytics Augmenté (IA + BI)","Data & Big Data","Découvre Analytics Augmenté (IA + BI) : une spécialité du numérique pour comprendre, explorer, comparer et construire ton parcours.","Ce domaine consiste à collecte, traitement, visualisation et analyse de grandes quantités de données pour comprendre et décider. Il permet à l’élève de relier ses centres d’intérêt avec des métiers numériques concrets.","Important car la demande est haute au Maroc et très haute à l’international, avec un impact de l’IA jugé très fort.","Aime les chiffres | Aime chercher des tendances | Est organisé | Aime transformer les données en décisions","Informatique | Mathématiques | Français/communication | Projet pratique","Python | SQL | Statistiques | Data visualisation | Excel avancé | Nettoyage de données","Curiosité | Autonomie | Organisation | Communication | Esprit critique | Apprentissage continu","Python | SQL | Power BI | Tableau | Excel | Apache Spark","Data Analyst | Data Scientist | Data Engineer | BI Analyst | Big Data Engineer","Apprendre Excel et SQL | Apprendre Python pour la data | Créer des tableaux de bord | Étudier les statistiques | Réaliser des projets de données réelles","EST/FST Informatique | Masters Data Science | ENSIAS/INPT/EMI | Formations BI et Data Analytics","Google Data Analytics | Microsoft Power BI | SQL certification | IBM Data Analyst","Très haute","Haute","Moyen à avancé","Excellent","Très fort","3","5","4","2","4","5","7000","14000","16500","33000","Estimation pédagogique mensuelle en MAD, à vérifier et mettre à jour selon la ville, l’expérience, l’entreprise et l’année.","Bonnes perspectives d’apprentissage | Possibilité de créer des projets concrets | Compétences utiles dans plusieurs secteurs | Compatible avec le travail à distance","Nécessite une pratique régulière | Demande une veille technologique | Peut devenir difficile sans projets réels | Bases mathématiques importantes","Commence par les bases, réalise un petit projet lié à Analytics Augmenté (IA + BI), puis documente ton travail dans un portfolio.","Créer un dashboard Power BI | Nettoyer un fichier CSV | Faire une analyse avec Python | Créer un rapport de données","Analytics Augmenté (IA + BI) | Data & Big Data | Python | SQL | Statistiques | Data visualisation | Excel avancé | Data Analyst | Data Scientist | Data Engineer","44","Publié"
"45","gestion-de-donnees-non-structurees","Gestion de Données Non-Structurées","Data & Big Data","Découvre Gestion de Données Non-Structurées : une spécialité du numérique pour comprendre, explorer, comparer et construire ton parcours.","Ce domaine consiste à collecte, traitement, visualisation et analyse de grandes quantités de données pour comprendre et décider. Il permet à l’élève de relier ses centres d’intérêt avec des métiers numériques concrets.","Important car la demande est moyenne au Maroc et moyenne à l’international, avec un impact de l’IA jugé très fort.","Aime les chiffres | Aime chercher des tendances | Est organisé | Aime transformer les données en décisions","Informatique | Mathématiques | Français/communication | Projet pratique","Python | SQL | Statistiques | Data visualisation | Excel avancé | Nettoyage de données","Curiosité | Autonomie | Organisation | Communication | Esprit critique | Apprentissage continu","Python | SQL | Power BI | Tableau | Excel | Apache Spark","Data Analyst | Data Scientist | Data Engineer | BI Analyst | Big Data Engineer","Apprendre Excel et SQL | Apprendre Python pour la data | Créer des tableaux de bord | Étudier les statistiques | Réaliser des projets de données réelles","EST/FST Informatique | Masters Data Science | ENSIAS/INPT/EMI | Formations BI et Data Analytics","Google Data Analytics | Microsoft Power BI | SQL certification | IBM Data Analyst","Moyenne","Moyenne","Moyen à avancé","Fort","Très fort","3","5","4","2","4","5","6000","12000","14000","28000","Estimation pédagogique mensuelle en MAD, à vérifier et mettre à jour selon la ville, l’expérience, l’entreprise et l’année.","Bonnes perspectives d’apprentissage | Possibilité de créer des projets concrets | Compétences utiles dans plusieurs secteurs | Compatible avec le travail à distance","Nécessite une pratique régulière | Demande une veille technologique | Peut devenir difficile sans projets réels | Bases mathématiques importantes","Commence par les bases, réalise un petit projet lié à Gestion de Données Non-Structurées, puis documente ton travail dans un portfolio.","Créer un dashboard Power BI | Nettoyer un fichier CSV | Faire une analyse avec Python | Créer un rapport de données","Gestion de Données Non-Structurées | Data & Big Data | Python | SQL | Statistiques | Data visualisation | Excel avancé | Data Analyst | Data Scientist | Data Engineer","45","Publié"
"46","securite-des-reseaux","Sécurité des Réseaux","Cybersécurité","Découvre Sécurité des Réseaux : une spécialité du numérique pour comprendre, explorer, comparer et construire ton parcours.","Ce domaine consiste à protection des systèmes, réseaux, applications et données contre les attaques, les failles et les risques numériques. Il permet à l’élève de relier ses centres d’intérêt avec des métiers numériques concrets.","Important car la demande est très haute au Maroc et très haute à l’international, avec un impact de l’IA jugé fort.","Aime protéger les systèmes | Est prudent et patient | Aime chercher les failles | Respecte l’éthique et la confidentialité","Informatique | Mathématiques | Anglais technique | Projet pratique","Réseaux | Linux | Sécurité web | Cryptographie de base | Analyse de risques | Éthique professionnelle | Sécurité réseau | Analyse de vulnérabilités | Prototypage | Design system","Curiosité | Autonomie | Organisation | Communication | Esprit critique | Apprentissage continu","Linux | Wireshark | Nmap | Burp Suite | Metasploit | SIEM | Figma | Canva","UX/UI Designer | Product Designer | Web Designer","Comprendre les réseaux | Apprendre Linux | Étudier la sécurité web | Faire des labs éthiques | Préparer des certifications de base","INPT | ENSIAS | ENSA Réseaux et Sécurité | Masters Cybersécurité | Certifications Cisco/Security+","Cisco CCNA Security basics | CompTIA Security+ | TryHackMe beginner paths | ISC2 Certified in Cybersecurity","Très haute","Très haute","Avancé","Excellent","Fort","3","4","3","3","3","5","8500","16500","19000","41500","Estimation pédagogique mensuelle en MAD, à vérifier et mettre à jour selon la ville, l’expérience, l’entreprise et l’année.","Bonnes perspectives d’apprentissage | Possibilité de créer des projets concrets | Compétences utiles dans plusieurs secteurs | Compatible avec le travail à distance","Nécessite une pratique régulière | Demande une veille technologique | Peut devenir difficile sans projets réels","Commence par les bases, réalise un petit projet lié à Sécurité des Réseaux, puis documente ton travail dans un portfolio.","Créer un lab réseau sécurisé | Analyser des paquets avec Wireshark | Tester une application volontairement vulnérable | Rédiger un rapport de sécurité","Sécurité des Réseaux | Cybersécurité | Réseaux | Linux | Sécurité web | Cryptographie de base | Analyse de risques | UX/UI Designer | Product Designer | Web Designer","46","Publié"
"47","ethical-hacking-pentest","Ethical Hacking & Pentest","Cybersécurité","Découvre Ethical Hacking & Pentest : une spécialité du numérique pour comprendre, explorer, comparer et construire ton parcours.","Ce domaine consiste à protection des systèmes, réseaux, applications et données contre les attaques, les failles et les risques numériques. Il permet à l’élève de relier ses centres d’intérêt avec des métiers numériques concrets.","Important car la demande est très haute au Maroc et très haute à l’international, avec un impact de l’IA jugé fort.","Aime protéger les systèmes | Est prudent et patient | Aime chercher les failles | Respecte l’éthique et la confidentialité","Informatique | Mathématiques | Anglais technique | Projet pratique","Réseaux | Linux | Sécurité web | Cryptographie de base | Analyse de risques | Éthique professionnelle | Sécurité réseau | Analyse de vulnérabilités","Curiosité | Autonomie | Organisation | Communication | Esprit critique | Apprentissage continu","Linux | Wireshark | Nmap | Burp Suite | Metasploit | SIEM","Analyste SOC | Pentester | Consultant cybersécurité","Comprendre les réseaux | Apprendre Linux | Étudier la sécurité web | Faire des labs éthiques | Préparer des certifications de base","INPT | ENSIAS | ENSA Réseaux et Sécurité | Masters Cybersécurité | Certifications Cisco/Security+","Cisco CCNA Security basics | CompTIA Security+ | TryHackMe beginner paths | ISC2 Certified in Cybersecurity","Très haute","Très haute","Avancé","Excellent","Fort","3","4","3","3","3","5","8500","16500","19000","41500","Estimation pédagogique mensuelle en MAD, à vérifier et mettre à jour selon la ville, l’expérience, l’entreprise et l’année.","Bonnes perspectives d’apprentissage | Possibilité de créer des projets concrets | Compétences utiles dans plusieurs secteurs | Compatible avec le travail à distance","Nécessite une pratique régulière | Demande une veille technologique | Peut devenir difficile sans projets réels","Commence par les bases, réalise un petit projet lié à Ethical Hacking & Pentest, puis documente ton travail dans un portfolio.","Créer un lab réseau sécurisé | Analyser des paquets avec Wireshark | Tester une application volontairement vulnérable | Rédiger un rapport de sécurité","Ethical Hacking & Pentest | Cybersécurité | Réseaux | Linux | Sécurité web | Cryptographie de base | Analyse de risques | Analyste SOC | Pentester | Consultant cybersécurité","47","Publié"
"48","soc-operations-security-operations-center","SOC Operations (Security Operations Center)","Cybersécurité","Découvre SOC Operations (Security Operations Center) : une spécialité du numérique pour comprendre, explorer, comparer et construire ton parcours.","Ce domaine consiste à protection des systèmes, réseaux, applications et données contre les attaques, les failles et les risques numériques. Il permet à l’élève de relier ses centres d’intérêt avec des métiers numériques concrets.","Important car la demande est très haute au Maroc et très haute à l’international, avec un impact de l’IA jugé fort.","Aime protéger les systèmes | Est prudent et patient | Aime chercher les failles | Respecte l’éthique et la confidentialité","Informatique | Mathématiques | Anglais technique | Projet pratique","Réseaux | Linux | Sécurité web | Cryptographie de base | Analyse de risques | Éthique professionnelle | Sécurité réseau | Analyse de vulnérabilités","Curiosité | Autonomie | Organisation | Communication | Esprit critique | Apprentissage continu","Linux | Wireshark | Nmap | Burp Suite | Metasploit | SIEM","Analyste SOC | Pentester | Consultant cybersécurité","Comprendre les réseaux | Apprendre Linux | Étudier la sécurité web | Faire des labs éthiques | Préparer des certifications de base","INPT | ENSIAS | ENSA Réseaux et Sécurité | Masters Cybersécurité | Certifications Cisco/Security+","Cisco CCNA Security basics | CompTIA Security+ | TryHackMe beginner paths | ISC2 Certified in Cybersecurity","Très haute","Très haute","Avancé","Excellent","Fort","3","4","3","3","3","5","8500","16500","19000","41500","Estimation pédagogique mensuelle en MAD, à vérifier et mettre à jour selon la ville, l’expérience, l’entreprise et l’année.","Bonnes perspectives d’apprentissage | Possibilité de créer des projets concrets | Compétences utiles dans plusieurs secteurs | Compatible avec le travail à distance","Nécessite une pratique régulière | Demande une veille technologique | Peut devenir difficile sans projets réels","Commence par les bases, réalise un petit projet lié à SOC Operations (Security Operations Center), puis documente ton travail dans un portfolio.","Créer un lab réseau sécurisé | Analyser des paquets avec Wireshark | Tester une application volontairement vulnérable | Rédiger un rapport de sécurité","SOC Operations (Security Operations Center) | Cybersécurité | Réseaux | Linux | Sécurité web | Cryptographie de base | Analyse de risques | Analyste SOC | Pentester | Consultant cybersécurité","48","Publié"
"49","cybersecurite-applicative-appsec","Cybersécurité Applicative (AppSec)","Cybersécurité","Découvre Cybersécurité Applicative (AppSec) : une spécialité du numérique pour comprendre, explorer, comparer et construire ton parcours.","Ce domaine consiste à protection des systèmes, réseaux, applications et données contre les attaques, les failles et les risques numériques. Il permet à l’élève de relier ses centres d’intérêt avec des métiers numériques concrets.","Important car la demande est haute au Maroc et très haute à l’international, avec un impact de l’IA jugé fort.","Aime protéger les systèmes | Est prudent et patient | Aime chercher les failles | Respecte l’éthique et la confidentialité","Informatique | Mathématiques | Anglais technique | Projet pratique","Réseaux | Linux | Sécurité web | Cryptographie de base | Analyse de risques | Éthique professionnelle | Sécurité réseau | Analyse de vulnérabilités","Curiosité | Autonomie | Organisation | Communication | Esprit critique | Apprentissage continu","Linux | Wireshark | Nmap | Burp Suite | Metasploit | SIEM","Analyste SOC | Pentester | Consultant cybersécurité","Comprendre les réseaux | Apprendre Linux | Étudier la sécurité web | Faire des labs éthiques | Préparer des certifications de base","INPT | ENSIAS | ENSA Réseaux et Sécurité | Masters Cybersécurité | Certifications Cisco/Security+","Cisco CCNA Security basics | CompTIA Security+ | TryHackMe beginner paths | ISC2 Certified in Cybersecurity","Très haute","Haute","Avancé","Excellent","Fort","3","4","3","3","3","5","8500","16500","19000","41500","Estimation pédagogique mensuelle en MAD, à vérifier et mettre à jour selon la ville, l’expérience, l’entreprise et l’année.","Bonnes perspectives d’apprentissage | Possibilité de créer des projets concrets | Compétences utiles dans plusieurs secteurs | Compatible avec le travail à distance","Nécessite une pratique régulière | Demande une veille technologique | Peut devenir difficile sans projets réels","Commence par les bases, réalise un petit projet lié à Cybersécurité Applicative (AppSec), puis documente ton travail dans un portfolio.","Créer un lab réseau sécurisé | Analyser des paquets avec Wireshark | Tester une application volontairement vulnérable | Rédiger un rapport de sécurité","Cybersécurité Applicative (AppSec) | Cybersécurité | Réseaux | Linux | Sécurité web | Cryptographie de base | Analyse de risques | Analyste SOC | Pentester | Consultant cybersécurité","49","Publié"
"50","cryptographie","Cryptographie","Cybersécurité","Découvre Cryptographie : une spécialité du numérique pour comprendre, explorer, comparer et construire ton parcours.","Ce domaine consiste à protection des systèmes, réseaux, applications et données contre les attaques, les failles et les risques numériques. Il permet à l’élève de relier ses centres d’intérêt avec des métiers numériques concrets.","Important car la demande est moyenne au Maroc et haute à l’international, avec un impact de l’IA jugé fort.","Aime protéger les systèmes | Est prudent et patient | Aime chercher les failles | Respecte l’éthique et la confidentialité","Informatique | Mathématiques | Anglais technique | Projet pratique","Réseaux | Linux | Sécurité web | Cryptographie de base | Analyse de risques | Éthique professionnelle","Curiosité | Autonomie | Organisation | Communication | Esprit critique | Apprentissage continu","Linux | Wireshark | Nmap | Burp Suite | Metasploit | SIEM","Analyste SOC | Pentester | Ingénieur cybersécurité | Consultant sécurité | Responsable sécurité SI","Comprendre les réseaux | Apprendre Linux | Étudier la sécurité web | Faire des labs éthiques | Préparer des certifications de base","INPT | ENSIAS | ENSA Réseaux et Sécurité | Masters Cybersécurité | Certifications Cisco/Security+","Cisco CCNA Security basics | CompTIA Security+ | TryHackMe beginner paths | ISC2 Certified in Cybersecurity","Haute","Moyenne","Avancé","Très fort","Fort","3","4","3","3","3","5","7500","15000","17500","38000","Estimation pédagogique mensuelle en MAD, à vérifier et mettre à jour selon la ville, l’expérience, l’entreprise et l’année.","Bonnes perspectives d’apprentissage | Possibilité de créer des projets concrets | Compétences utiles dans plusieurs secteurs | Compatible avec le travail à distance","Nécessite une pratique régulière | Demande une veille technologique | Peut devenir difficile sans projets réels","Commence par les bases, réalise un petit projet lié à Cryptographie, puis documente ton travail dans un portfolio.","Créer un lab réseau sécurisé | Analyser des paquets avec Wireshark | Tester une application volontairement vulnérable | Rédiger un rapport de sécurité","Cryptographie | Cybersécurité | Réseaux | Linux | Sécurité web | Cryptographie de base | Analyse de risques | Analyste SOC | Pentester | Ingénieur cybersécurité","50","Publié"
"51","forensique-numerique-digital-forensics","Forensique Numérique (Digital Forensics)","Cybersécurité","Découvre Forensique Numérique (Digital Forensics) : une spécialité du numérique pour comprendre, explorer, comparer et construire ton parcours.","Ce domaine consiste à protection des systèmes, réseaux, applications et données contre les attaques, les failles et les risques numériques. Il permet à l’élève de relier ses centres d’intérêt avec des métiers numériques concrets.","Important car la demande est moyenne au Maroc et haute à l’international, avec un impact de l’IA jugé fort.","Aime protéger les systèmes | Est prudent et patient | Aime chercher les failles | Respecte l’éthique et la confidentialité","Informatique | Mathématiques | Anglais technique | Projet pratique","Réseaux | Linux | Sécurité web | Cryptographie de base | Analyse de risques | Éthique professionnelle","Curiosité | Autonomie | Organisation | Communication | Esprit critique | Apprentissage continu","Linux | Wireshark | Nmap | Burp Suite | Metasploit | SIEM","Analyste SOC | Pentester | Ingénieur cybersécurité | Consultant sécurité | Responsable sécurité SI","Comprendre les réseaux | Apprendre Linux | Étudier la sécurité web | Faire des labs éthiques | Préparer des certifications de base","INPT | ENSIAS | ENSA Réseaux et Sécurité | Masters Cybersécurité | Certifications Cisco/Security+","Cisco CCNA Security basics | CompTIA Security+ | TryHackMe beginner paths | ISC2 Certified in Cybersecurity","Haute","Moyenne","Avancé","Très fort","Fort","3","4","3","3","3","5","7500","15000","17500","38000","Estimation pédagogique mensuelle en MAD, à vérifier et mettre à jour selon la ville, l’expérience, l’entreprise et l’année.","Bonnes perspectives d’apprentissage | Possibilité de créer des projets concrets | Compétences utiles dans plusieurs secteurs | Compatible avec le travail à distance","Nécessite une pratique régulière | Demande une veille technologique | Peut devenir difficile sans projets réels","Commence par les bases, réalise un petit projet lié à Forensique Numérique (Digital Forensics), puis documente ton travail dans un portfolio.","Créer un lab réseau sécurisé | Analyser des paquets avec Wireshark | Tester une application volontairement vulnérable | Rédiger un rapport de sécurité","Forensique Numérique (Digital Forensics) | Cybersécurité | Réseaux | Linux | Sécurité web | Cryptographie de base | Analyse de risques | Analyste SOC | Pentester | Ingénieur cybersécurité","51","Publié"
"52","threat-intelligence","Threat Intelligence","Cybersécurité","Découvre Threat Intelligence : une spécialité du numérique pour comprendre, explorer, comparer et construire ton parcours.","Ce domaine consiste à protection des systèmes, réseaux, applications et données contre les attaques, les failles et les risques numériques. Il permet à l’élève de relier ses centres d’intérêt avec des métiers numériques concrets.","Important car la demande est moyenne au Maroc et très haute à l’international, avec un impact de l’IA jugé fort.","Aime protéger les systèmes | Est prudent et patient | Aime chercher les failles | Respecte l’éthique et la confidentialité","Informatique | Mathématiques | Anglais technique | Projet pratique","Réseaux | Linux | Sécurité web | Cryptographie de base | Analyse de risques | Éthique professionnelle","Curiosité | Autonomie | Organisation | Communication | Esprit critique | Apprentissage continu","Linux | Wireshark | Nmap | Burp Suite | Metasploit | SIEM","Analyste SOC | Pentester | Ingénieur cybersécurité | Consultant sécurité | Responsable sécurité SI","Comprendre les réseaux | Apprendre Linux | Étudier la sécurité web | Faire des labs éthiques | Préparer des certifications de base","INPT | ENSIAS | ENSA Réseaux et Sécurité | Masters Cybersécurité | Certifications Cisco/Security+","Cisco CCNA Security basics | CompTIA Security+ | TryHackMe beginner paths | ISC2 Certified in Cybersecurity","Très haute","Moyenne","Avancé","Très fort","Fort","3","4","3","3","3","5","8500","16500","19000","41500","Estimation pédagogique mensuelle en MAD, à vérifier et mettre à jour selon la ville, l’expérience, l’entreprise et l’année.","Bonnes perspectives d’apprentissage | Possibilité de créer des projets concrets | Compétences utiles dans plusieurs secteurs | Compatible avec le travail à distance","Nécessite une pratique régulière | Demande une veille technologique | Peut devenir difficile sans projets réels","Commence par les bases, réalise un petit projet lié à Threat Intelligence, puis documente ton travail dans un portfolio.","Créer un lab réseau sécurisé | Analyser des paquets avec Wireshark | Tester une application volontairement vulnérable | Rédiger un rapport de sécurité","Threat Intelligence | Cybersécurité | Réseaux | Linux | Sécurité web | Cryptographie de base | Analyse de risques | Analyste SOC | Pentester | Ingénieur cybersécurité","52","Publié"
"53","iam-identity-access-management","IAM (Identity & Access Management)","Cybersécurité","Découvre IAM (Identity & Access Management) : une spécialité du numérique pour comprendre, explorer, comparer et construire ton parcours.","Ce domaine consiste à protection des systèmes, réseaux, applications et données contre les attaques, les failles et les risques numériques. Il permet à l’élève de relier ses centres d’intérêt avec des métiers numériques concrets.","Important car la demande est haute au Maroc et haute à l’international, avec un impact de l’IA jugé très fort.","Aime protéger les systèmes | Est prudent et patient | Aime chercher les failles | Respecte l’éthique et la confidentialité","Informatique | Mathématiques | Anglais technique | Projet pratique","Réseaux | Linux | Sécurité web | Cryptographie de base | Analyse de risques | Éthique professionnelle","Curiosité | Autonomie | Organisation | Communication | Esprit critique | Apprentissage continu","Linux | Wireshark | Nmap | Burp Suite | Metasploit | SIEM","Analyste SOC | Pentester | Ingénieur cybersécurité | Consultant sécurité | Responsable sécurité SI","Comprendre les réseaux | Apprendre Linux | Étudier la sécurité web | Faire des labs éthiques | Préparer des certifications de base","INPT | ENSIAS | ENSA Réseaux et Sécurité | Masters Cybersécurité | Certifications Cisco/Security+","Cisco CCNA Security basics | CompTIA Security+ | TryHackMe beginner paths | ISC2 Certified in Cybersecurity","Haute","Haute","Avancé","Très fort","Très fort","3","4","3","3","3","5","7500","15000","17500","38000","Estimation pédagogique mensuelle en MAD, à vérifier et mettre à jour selon la ville, l’expérience, l’entreprise et l’année.","Bonnes perspectives d’apprentissage | Possibilité de créer des projets concrets | Compétences utiles dans plusieurs secteurs | Compatible avec le travail à distance","Nécessite une pratique régulière | Demande une veille technologique | Peut devenir difficile sans projets réels","Commence par les bases, réalise un petit projet lié à IAM (Identity & Access Management), puis documente ton travail dans un portfolio.","Créer un lab réseau sécurisé | Analyser des paquets avec Wireshark | Tester une application volontairement vulnérable | Rédiger un rapport de sécurité","IAM (Identity & Access Management) | Cybersécurité | Réseaux | Linux | Sécurité web | Cryptographie de base | Analyse de risques | Analyste SOC | Pentester | Ingénieur cybersécurité","53","Publié"
"54","securite-cloud-cloud-security","Sécurité Cloud (Cloud Security)","Cybersécurité","Découvre Sécurité Cloud (Cloud Security) : une spécialité du numérique pour comprendre, explorer, comparer et construire ton parcours.","Ce domaine consiste à protection des systèmes, réseaux, applications et données contre les attaques, les failles et les risques numériques. Il permet à l’élève de relier ses centres d’intérêt avec des métiers numériques concrets.","Important car la demande est haute au Maroc et très haute à l’international, avec un impact de l’IA jugé fort.","Aime protéger les systèmes | Est prudent et patient | Aime chercher les failles | Respecte l’éthique et la confidentialité","Informatique | Mathématiques | Anglais technique | Projet pratique","Réseaux | Linux | Sécurité web | Cryptographie de base | Analyse de risques | Éthique professionnelle | CI/CD | Infrastructure as Code | Sécurité réseau | Analyse de vulnérabilités","Curiosité | Autonomie | Organisation | Communication | Esprit critique | Apprentissage continu","Linux | Wireshark | Nmap | Burp Suite | Metasploit | SIEM | Docker | Kubernetes","Analyste SOC | Pentester | Consultant cybersécurité","Comprendre les réseaux | Apprendre Linux | Étudier la sécurité web | Faire des labs éthiques | Préparer des certifications de base","INPT | ENSIAS | ENSA Réseaux et Sécurité | Masters Cybersécurité | Certifications Cisco/Security+","Cisco CCNA Security basics | CompTIA Security+ | TryHackMe beginner paths | ISC2 Certified in Cybersecurity","Très haute","Haute","Avancé","Excellent","Fort","3","4","3","3","3","5","8500","16500","19000","41500","Estimation pédagogique mensuelle en MAD, à vérifier et mettre à jour selon la ville, l’expérience, l’entreprise et l’année.","Bonnes perspectives d’apprentissage | Possibilité de créer des projets concrets | Compétences utiles dans plusieurs secteurs | Compatible avec le travail à distance","Nécessite une pratique régulière | Demande une veille technologique | Peut devenir difficile sans projets réels","Commence par les bases, réalise un petit projet lié à Sécurité Cloud (Cloud Security), puis documente ton travail dans un portfolio.","Créer un lab réseau sécurisé | Analyser des paquets avec Wireshark | Tester une application volontairement vulnérable | Rédiger un rapport de sécurité","Sécurité Cloud (Cloud Security) | Cybersécurité | Réseaux | Linux | Sécurité web | Cryptographie de base | Analyse de risques | Analyste SOC | Pentester | Consultant cybersécurité","54","Publié"
"55","cyber-risk-conformite-compliance","Cyber Risk & Conformité (Compliance)","Cybersécurité","Découvre Cyber Risk & Conformité (Compliance) : une spécialité du numérique pour comprendre, explorer, comparer et construire ton parcours.","Ce domaine consiste à protection des systèmes, réseaux, applications et données contre les attaques, les failles et les risques numériques. Il permet à l’élève de relier ses centres d’intérêt avec des métiers numériques concrets.","Important car la demande est haute au Maroc et haute à l’international, avec un impact de l’IA jugé très fort.","Aime protéger les systèmes | Est prudent et patient | Aime chercher les failles | Respecte l’éthique et la confidentialité","Informatique | Mathématiques | Anglais technique | Projet pratique","Réseaux | Linux | Sécurité web | Cryptographie de base | Analyse de risques | Éthique professionnelle | Sécurité réseau | Analyse de vulnérabilités","Curiosité | Autonomie | Organisation | Communication | Esprit critique | Apprentissage continu","Linux | Wireshark | Nmap | Burp Suite | Metasploit | SIEM","Analyste SOC | Pentester | Consultant cybersécurité","Comprendre les réseaux | Apprendre Linux | Étudier la sécurité web | Faire des labs éthiques | Préparer des certifications de base","INPT | ENSIAS | ENSA Réseaux et Sécurité | Masters Cybersécurité | Certifications Cisco/Security+","Cisco CCNA Security basics | CompTIA Security+ | TryHackMe beginner paths | ISC2 Certified in Cybersecurity","Haute","Haute","Avancé","Très fort","Très fort","3","4","3","3","3","5","7500","15000","17500","38000","Estimation pédagogique mensuelle en MAD, à vérifier et mettre à jour selon la ville, l’expérience, l’entreprise et l’année.","Bonnes perspectives d’apprentissage | Possibilité de créer des projets concrets | Compétences utiles dans plusieurs secteurs | Compatible avec le travail à distance","Nécessite une pratique régulière | Demande une veille technologique | Peut devenir difficile sans projets réels","Commence par les bases, réalise un petit projet lié à Cyber Risk & Conformité (Compliance), puis documente ton travail dans un portfolio.","Créer un lab réseau sécurisé | Analyser des paquets avec Wireshark | Tester une application volontairement vulnérable | Rédiger un rapport de sécurité","Cyber Risk & Conformité (Compliance) | Cybersécurité | Réseaux | Linux | Sécurité web | Cryptographie de base | Analyse de risques | Analyste SOC | Pentester | Consultant cybersécurité","55","Publié"
"56","bug-bounty","Bug Bounty","Cybersécurité","Découvre Bug Bounty : une spécialité du numérique pour comprendre, explorer, comparer et construire ton parcours.","Ce domaine consiste à protection des systèmes, réseaux, applications et données contre les attaques, les failles et les risques numériques. Il permet à l’élève de relier ses centres d’intérêt avec des métiers numériques concrets.","Important car la demande est moyenne au Maroc et haute à l’international, avec un impact de l’IA jugé fort.","Aime protéger les systèmes | Est prudent et patient | Aime chercher les failles | Respecte l’éthique et la confidentialité","Informatique | Mathématiques | Anglais technique | Projet pratique","Réseaux | Linux | Sécurité web | Cryptographie de base | Analyse de risques | Éthique professionnelle","Curiosité | Autonomie | Organisation | Communication | Esprit critique | Apprentissage continu","Linux | Wireshark | Nmap | Burp Suite | Metasploit | SIEM","Analyste SOC | Pentester | Ingénieur cybersécurité | Consultant sécurité | Responsable sécurité SI","Comprendre les réseaux | Apprendre Linux | Étudier la sécurité web | Faire des labs éthiques | Préparer des certifications de base","INPT | ENSIAS | ENSA Réseaux et Sécurité | Masters Cybersécurité | Certifications Cisco/Security+","Cisco CCNA Security basics | CompTIA Security+ | TryHackMe beginner paths | ISC2 Certified in Cybersecurity","Haute","Moyenne","Avancé","Très fort","Fort","3","4","3","3","3","5","7500","15000","17500","38000","Estimation pédagogique mensuelle en MAD, à vérifier et mettre à jour selon la ville, l’expérience, l’entreprise et l’année.","Bonnes perspectives d’apprentissage | Possibilité de créer des projets concrets | Compétences utiles dans plusieurs secteurs | Compatible avec le travail à distance","Nécessite une pratique régulière | Demande une veille technologique | Peut devenir difficile sans projets réels","Commence par les bases, réalise un petit projet lié à Bug Bounty, puis documente ton travail dans un portfolio.","Créer un lab réseau sécurisé | Analyser des paquets avec Wireshark | Tester une application volontairement vulnérable | Rédiger un rapport de sécurité","Bug Bounty | Cybersécurité | Réseaux | Linux | Sécurité web | Cryptographie de base | Analyse de risques | Analyste SOC | Pentester | Ingénieur cybersécurité","56","Publié"
"57","securite-iot","Sécurité IoT","Cybersécurité","Découvre Sécurité IoT : une spécialité du numérique pour comprendre, explorer, comparer et construire ton parcours.","Ce domaine consiste à protection des systèmes, réseaux, applications et données contre les attaques, les failles et les risques numériques. Il permet à l’élève de relier ses centres d’intérêt avec des métiers numériques concrets.","Important car la demande est moyenne au Maroc et haute à l’international, avec un impact de l’IA jugé fort.","Aime protéger les systèmes | Est prudent et patient | Aime chercher les failles | Respecte l’éthique et la confidentialité","Informatique | Mathématiques | Anglais technique | Projet pratique","Réseaux | Linux | Sécurité web | Cryptographie de base | Analyse de risques | Éthique professionnelle | Sécurité réseau | Analyse de vulnérabilités | Capteurs | Systèmes embarqués","Curiosité | Autonomie | Organisation | Communication | Esprit critique | Apprentissage continu","Linux | Wireshark | Nmap | Burp Suite | Metasploit | SIEM | Arduino | Raspberry Pi","Ingénieur IoT | Développeur embarqué | Ingénieur robotique","Comprendre les réseaux | Apprendre Linux | Étudier la sécurité web | Faire des labs éthiques | Préparer des certifications de base","INPT | ENSIAS | ENSA Réseaux et Sécurité | Masters Cybersécurité | Certifications Cisco/Security+","Cisco CCNA Security basics | CompTIA Security+ | TryHackMe beginner paths | ISC2 Certified in Cybersecurity","Haute","Moyenne","Avancé","Très fort","Fort","3","4","3","3","3","5","7500","15000","17500","38000","Estimation pédagogique mensuelle en MAD, à vérifier et mettre à jour selon la ville, l’expérience, l’entreprise et l’année.","Bonnes perspectives d’apprentissage | Possibilité de créer des projets concrets | Compétences utiles dans plusieurs secteurs | Compatible avec le travail à distance","Nécessite une pratique régulière | Demande une veille technologique | Peut devenir difficile sans projets réels","Commence par les bases, réalise un petit projet lié à Sécurité IoT, puis documente ton travail dans un portfolio.","Créer un lab réseau sécurisé | Analyser des paquets avec Wireshark | Tester une application volontairement vulnérable | Rédiger un rapport de sécurité","Sécurité IoT | Cybersécurité | Réseaux | Linux | Sécurité web | Cryptographie de base | Analyse de risques | Ingénieur IoT | Développeur embarqué | Ingénieur robotique","57","Publié"
"58","zero-trust-architecture","Zero Trust Architecture","Cybersécurité","Découvre Zero Trust Architecture : une spécialité du numérique pour comprendre, explorer, comparer et construire ton parcours.","Ce domaine consiste à protection des systèmes, réseaux, applications et données contre les attaques, les failles et les risques numériques. Il permet à l’élève de relier ses centres d’intérêt avec des métiers numériques concrets.","Important car la demande est moyenne au Maroc et très haute à l’international, avec un impact de l’IA jugé fort.","Aime protéger les systèmes | Est prudent et patient | Aime chercher les failles | Respecte l’éthique et la confidentialité","Informatique | Mathématiques | Anglais technique | Projet pratique","Réseaux | Linux | Sécurité web | Cryptographie de base | Analyse de risques | Éthique professionnelle","Curiosité | Autonomie | Organisation | Communication | Esprit critique | Apprentissage continu","Linux | Wireshark | Nmap | Burp Suite | Metasploit | SIEM","Analyste SOC | Pentester | Ingénieur cybersécurité | Consultant sécurité | Responsable sécurité SI","Comprendre les réseaux | Apprendre Linux | Étudier la sécurité web | Faire des labs éthiques | Préparer des certifications de base","INPT | ENSIAS | ENSA Réseaux et Sécurité | Masters Cybersécurité | Certifications Cisco/Security+","Cisco CCNA Security basics | CompTIA Security+ | TryHackMe beginner paths | ISC2 Certified in Cybersecurity","Très haute","Moyenne","Avancé","Très fort","Fort","3","4","3","3","3","5","8500","16500","19000","41500","Estimation pédagogique mensuelle en MAD, à vérifier et mettre à jour selon la ville, l’expérience, l’entreprise et l’année.","Bonnes perspectives d’apprentissage | Possibilité de créer des projets concrets | Compétences utiles dans plusieurs secteurs | Compatible avec le travail à distance","Nécessite une pratique régulière | Demande une veille technologique | Peut devenir difficile sans projets réels","Commence par les bases, réalise un petit projet lié à Zero Trust Architecture, puis documente ton travail dans un portfolio.","Créer un lab réseau sécurisé | Analyser des paquets avec Wireshark | Tester une application volontairement vulnérable | Rédiger un rapport de sécurité","Zero Trust Architecture | Cybersécurité | Réseaux | Linux | Sécurité web | Cryptographie de base | Analyse de risques | Analyste SOC | Pentester | Ingénieur cybersécurité","58","Publié"
"59","siem-detection-d-intrusion","SIEM & Détection d'Intrusion","Cybersécurité","Découvre SIEM & Détection d'Intrusion : une spécialité du numérique pour comprendre, explorer, comparer et construire ton parcours.","Ce domaine consiste à protection des systèmes, réseaux, applications et données contre les attaques, les failles et les risques numériques. Il permet à l’élève de relier ses centres d’intérêt avec des métiers numériques concrets.","Important car la demande est haute au Maroc et très haute à l’international, avec un impact de l’IA jugé fort.","Aime protéger les systèmes | Est prudent et patient | Aime chercher les failles | Respecte l’éthique et la confidentialité","Informatique | Mathématiques | Anglais technique | Projet pratique","Réseaux | Linux | Sécurité web | Cryptographie de base | Analyse de risques | Éthique professionnelle","Curiosité | Autonomie | Organisation | Communication | Esprit critique | Apprentissage continu","Linux | Wireshark | Nmap | Burp Suite | Metasploit | SIEM","Analyste SOC | Pentester | Ingénieur cybersécurité | Consultant sécurité | Responsable sécurité SI","Comprendre les réseaux | Apprendre Linux | Étudier la sécurité web | Faire des labs éthiques | Préparer des certifications de base","INPT | ENSIAS | ENSA Réseaux et Sécurité | Masters Cybersécurité | Certifications Cisco/Security+","Cisco CCNA Security basics | CompTIA Security+ | TryHackMe beginner paths | ISC2 Certified in Cybersecurity","Très haute","Haute","Avancé","Excellent","Fort","3","4","3","3","3","5","8500","16500","19000","41500","Estimation pédagogique mensuelle en MAD, à vérifier et mettre à jour selon la ville, l’expérience, l’entreprise et l’année.","Bonnes perspectives d’apprentissage | Possibilité de créer des projets concrets | Compétences utiles dans plusieurs secteurs | Compatible avec le travail à distance","Nécessite une pratique régulière | Demande une veille technologique | Peut devenir difficile sans projets réels","Commence par les bases, réalise un petit projet lié à SIEM & Détection d'Intrusion, puis documente ton travail dans un portfolio.","Créer un lab réseau sécurisé | Analyser des paquets avec Wireshark | Tester une application volontairement vulnérable | Rédiger un rapport de sécurité","SIEM & Détection d'Intrusion | Cybersécurité | Réseaux | Linux | Sécurité web | Cryptographie de base | Analyse de risques | Analyste SOC | Pentester | Ingénieur cybersécurité","59","Publié"
"60","securite-des-systemes-industriels-ics-scada","Sécurité des Systèmes Industriels (ICS/SCADA)","Cybersécurité","Découvre Sécurité des Systèmes Industriels (ICS/SCADA) : une spécialité du numérique pour comprendre, explorer, comparer et construire ton parcours.","Ce domaine consiste à protection des systèmes, réseaux, applications et données contre les attaques, les failles et les risques numériques. Il permet à l’élève de relier ses centres d’intérêt avec des métiers numériques concrets.","Important car la demande est moyenne au Maroc et moyenne à l’international, avec un impact de l’IA jugé fort.","Aime protéger les systèmes | Est prudent et patient | Aime chercher les failles | Respecte l’éthique et la confidentialité","Informatique | Mathématiques | Anglais technique | Projet pratique","Réseaux | Linux | Sécurité web | Cryptographie de base | Analyse de risques | Éthique professionnelle | Sécurité réseau | Analyse de vulnérabilités","Curiosité | Autonomie | Organisation | Communication | Esprit critique | Apprentissage continu","Linux | Wireshark | Nmap | Burp Suite | Metasploit | SIEM","Analyste SOC | Pentester | Consultant cybersécurité","Comprendre les réseaux | Apprendre Linux | Étudier la sécurité web | Faire des labs éthiques | Préparer des certifications de base","INPT | ENSIAS | ENSA Réseaux et Sécurité | Masters Cybersécurité | Certifications Cisco/Security+","Cisco CCNA Security basics | CompTIA Security+ | TryHackMe beginner paths | ISC2 Certified in Cybersecurity","Moyenne","Moyenne","Avancé","Fort","Fort","3","4","3","3","3","5","7000","14000","16000","35000","Estimation pédagogique mensuelle en MAD, à vérifier et mettre à jour selon la ville, l’expérience, l’entreprise et l’année.","Bonnes perspectives d’apprentissage | Possibilité de créer des projets concrets | Compétences utiles dans plusieurs secteurs | Compatible avec le travail à distance","Nécessite une pratique régulière | Demande une veille technologique | Peut devenir difficile sans projets réels","Commence par les bases, réalise un petit projet lié à Sécurité des Systèmes Industriels (ICS/SCADA), puis documente ton travail dans un portfolio.","Créer un lab réseau sécurisé | Analyser des paquets avec Wireshark | Tester une application volontairement vulnérable | Rédiger un rapport de sécurité","Sécurité des Systèmes Industriels (ICS/SCADA) | Cybersécurité | Réseaux | Linux | Sécurité web | Cryptographie de base | Analyse de risques | Analyste SOC | Pentester | Consultant cybersécurité","60","Publié"
"61","cloud-architecture-aws-azure-gcp","Cloud Architecture (AWS/Azure/GCP)","Cloud Computing","Découvre Cloud Architecture (AWS/Azure/GCP) : une spécialité du numérique pour comprendre, explorer, comparer et construire ton parcours.","Ce domaine consiste à conception, déploiement et gestion d’infrastructures et services informatiques sur des plateformes cloud. Il permet à l’élève de relier ses centres d’intérêt avec des métiers numériques concrets.","Important car la demande est très haute au Maroc et très haute à l’international, avec un impact de l’IA jugé fort.","Aime les infrastructures | Aime automatiser | Est méthodique | Aime comprendre comment fonctionnent les plateformes","Informatique | Culture numérique | Anglais technique | Projet pratique","Réseaux | Linux | Virtualisation | Docker | Sécurité cloud | Automatisation | CI/CD | Infrastructure as Code","Curiosité | Autonomie | Organisation | Communication | Esprit critique | Apprentissage continu","AWS | Azure | Google Cloud | Docker | Kubernetes | Terraform","Cloud Engineer | DevOps Engineer | SRE","Apprendre réseaux et Linux | Comprendre la virtualisation | Découvrir Docker | Déployer une application cloud | Préparer une certification cloud débutant","FST/EST Informatique | ENSA/INPT Réseaux | Certifications AWS/Azure/GCP | Formations DevOps","AWS Cloud Practitioner | Microsoft Azure Fundamentals | Google Cloud Digital Leader | Docker/Kubernetes basics","Très haute","Très haute","Moyen à avancé","Excellent","Fort","4","5","2","2","3","5","7000","14000","16500","33000","Estimation pédagogique mensuelle en MAD, à vérifier et mettre à jour selon la ville, l’expérience, l’entreprise et l’année.","Bonnes perspectives d’apprentissage | Possibilité de créer des projets concrets | Compétences utiles dans plusieurs secteurs | Compatible avec le travail à distance | Possibilité de freelance","Nécessite une pratique régulière | Demande une veille technologique | Peut devenir difficile sans projets réels","Commence par les bases, réalise un petit projet lié à Cloud Architecture (AWS/Azure/GCP), puis documente ton travail dans un portfolio.","Déployer une application sur le cloud | Créer un conteneur Docker | Automatiser un déploiement | Créer une architecture simple","Cloud Architecture (AWS/Azure/GCP) | Cloud Computing | Réseaux | Linux | Virtualisation | Docker | Sécurité cloud | Cloud Engineer | DevOps Engineer | SRE","61","Publié"
"62","devops","DevOps","Cloud Computing","Découvre DevOps : une spécialité du numérique pour comprendre, explorer, comparer et construire ton parcours.","Ce domaine consiste à conception, déploiement et gestion d’infrastructures et services informatiques sur des plateformes cloud. Il permet à l’élève de relier ses centres d’intérêt avec des métiers numériques concrets.","Important car la demande est très haute au Maroc et très haute à l’international, avec un impact de l’IA jugé fort.","Aime les infrastructures | Aime automatiser | Est méthodique | Aime comprendre comment fonctionnent les plateformes","Informatique | Culture numérique | Anglais technique | Projet pratique","Réseaux | Linux | Virtualisation | Docker | Sécurité cloud | Automatisation | CI/CD | Infrastructure as Code","Curiosité | Autonomie | Organisation | Communication | Esprit critique | Apprentissage continu","AWS | Azure | Google Cloud | Docker | Kubernetes | Terraform","Cloud Engineer | DevOps Engineer | SRE","Apprendre réseaux et Linux | Comprendre la virtualisation | Découvrir Docker | Déployer une application cloud | Préparer une certification cloud débutant","FST/EST Informatique | ENSA/INPT Réseaux | Certifications AWS/Azure/GCP | Formations DevOps","AWS Cloud Practitioner | Microsoft Azure Fundamentals | Google Cloud Digital Leader | Docker/Kubernetes basics","Très haute","Très haute","Moyen à avancé","Excellent","Fort","4","5","2","2","3","5","7000","14000","16500","33000","Estimation pédagogique mensuelle en MAD, à vérifier et mettre à jour selon la ville, l’expérience, l’entreprise et l’année.","Bonnes perspectives d’apprentissage | Possibilité de créer des projets concrets | Compétences utiles dans plusieurs secteurs | Compatible avec le travail à distance | Possibilité de freelance","Nécessite une pratique régulière | Demande une veille technologique | Peut devenir difficile sans projets réels","Commence par les bases, réalise un petit projet lié à DevOps, puis documente ton travail dans un portfolio.","Déployer une application sur le cloud | Créer un conteneur Docker | Automatiser un déploiement | Créer une architecture simple","DevOps | Cloud Computing | Réseaux | Linux | Virtualisation | Docker | Sécurité cloud | Cloud Engineer | DevOps Engineer | SRE","62","Publié"
"63","infrastructure-as-code-iac-terraform","Infrastructure as Code (IaC) — Terraform","Cloud Computing","Découvre Infrastructure as Code (IaC) — Terraform : une spécialité du numérique pour comprendre, explorer, comparer et construire ton parcours.","Ce domaine consiste à conception, déploiement et gestion d’infrastructures et services informatiques sur des plateformes cloud. Il permet à l’élève de relier ses centres d’intérêt avec des métiers numériques concrets.","Important car la demande est haute au Maroc et très haute à l’international, avec un impact de l’IA jugé très fort.","Aime les infrastructures | Aime automatiser | Est méthodique | Aime comprendre comment fonctionnent les plateformes","Informatique | Culture numérique | Anglais technique | Projet pratique","Réseaux | Linux | Virtualisation | Docker | Sécurité cloud | Automatisation","Curiosité | Autonomie | Organisation | Communication | Esprit critique | Apprentissage continu","AWS | Azure | Google Cloud | Docker | Kubernetes | Terraform","Cloud Engineer | DevOps Engineer | Architecte Cloud | Administrateur Cloud | SRE","Apprendre réseaux et Linux | Comprendre la virtualisation | Découvrir Docker | Déployer une application cloud | Préparer une certification cloud débutant","FST/EST Informatique | ENSA/INPT Réseaux | Certifications AWS/Azure/GCP | Formations DevOps","AWS Cloud Practitioner | Microsoft Azure Fundamentals | Google Cloud Digital Leader | Docker/Kubernetes basics","Très haute","Haute","Moyen à avancé","Excellent","Très fort","4","5","2","2","3","5","7000","14000","16500","33000","Estimation pédagogique mensuelle en MAD, à vérifier et mettre à jour selon la ville, l’expérience, l’entreprise et l’année.","Bonnes perspectives d’apprentissage | Possibilité de créer des projets concrets | Compétences utiles dans plusieurs secteurs | Compatible avec le travail à distance | Possibilité de freelance","Nécessite une pratique régulière | Demande une veille technologique | Peut devenir difficile sans projets réels","Commence par les bases, réalise un petit projet lié à Infrastructure as Code (IaC) — Terraform, puis documente ton travail dans un portfolio.","Déployer une application sur le cloud | Créer un conteneur Docker | Automatiser un déploiement | Créer une architecture simple","Infrastructure as Code (IaC) — Terraform | Cloud Computing | Réseaux | Linux | Virtualisation | Docker | Sécurité cloud | Cloud Engineer | DevOps Engineer | Architecte Cloud","63","Publié"
"64","containerisation-docker-kubernetes","Containerisation (Docker/Kubernetes)","Cloud Computing","Découvre Containerisation (Docker/Kubernetes) : une spécialité du numérique pour comprendre, explorer, comparer et construire ton parcours.","Ce domaine consiste à conception, déploiement et gestion d’infrastructures et services informatiques sur des plateformes cloud. Il permet à l’élève de relier ses centres d’intérêt avec des métiers numériques concrets.","Important car la demande est haute au Maroc et très haute à l’international, avec un impact de l’IA jugé très fort.","Aime les infrastructures | Aime automatiser | Est méthodique | Aime comprendre comment fonctionnent les plateformes","Informatique | Culture numérique | Anglais technique | Projet pratique","Réseaux | Linux | Virtualisation | Docker | Sécurité cloud | Automatisation | CI/CD | Infrastructure as Code","Curiosité | Autonomie | Organisation | Communication | Esprit critique | Apprentissage continu","AWS | Azure | Google Cloud | Docker | Kubernetes | Terraform","Cloud Engineer | DevOps Engineer | SRE","Apprendre réseaux et Linux | Comprendre la virtualisation | Découvrir Docker | Déployer une application cloud | Préparer une certification cloud débutant","FST/EST Informatique | ENSA/INPT Réseaux | Certifications AWS/Azure/GCP | Formations DevOps","AWS Cloud Practitioner | Microsoft Azure Fundamentals | Google Cloud Digital Leader | Docker/Kubernetes basics","Très haute","Haute","Moyen à avancé","Excellent","Très fort","4","5","2","2","3","5","7000","14000","16500","33000","Estimation pédagogique mensuelle en MAD, à vérifier et mettre à jour selon la ville, l’expérience, l’entreprise et l’année.","Bonnes perspectives d’apprentissage | Possibilité de créer des projets concrets | Compétences utiles dans plusieurs secteurs | Compatible avec le travail à distance | Possibilité de freelance","Nécessite une pratique régulière | Demande une veille technologique | Peut devenir difficile sans projets réels","Commence par les bases, réalise un petit projet lié à Containerisation (Docker/Kubernetes), puis documente ton travail dans un portfolio.","Déployer une application sur le cloud | Créer un conteneur Docker | Automatiser un déploiement | Créer une architecture simple","Containerisation (Docker/Kubernetes) | Cloud Computing | Réseaux | Linux | Virtualisation | Docker | Sécurité cloud | Cloud Engineer | DevOps Engineer | SRE","64","Publié"
"65","serverless-computing","Serverless Computing","Cloud Computing","Découvre Serverless Computing : une spécialité du numérique pour comprendre, explorer, comparer et construire ton parcours.","Ce domaine consiste à conception, déploiement et gestion d’infrastructures et services informatiques sur des plateformes cloud. Il permet à l’élève de relier ses centres d’intérêt avec des métiers numériques concrets.","Important car la demande est moyenne au Maroc et haute à l’international, avec un impact de l’IA jugé fort.","Aime les infrastructures | Aime automatiser | Est méthodique | Aime comprendre comment fonctionnent les plateformes","Informatique | Culture numérique | Anglais technique | Projet pratique","Réseaux | Linux | Virtualisation | Docker | Sécurité cloud | Automatisation","Curiosité | Autonomie | Organisation | Communication | Esprit critique | Apprentissage continu","AWS | Azure | Google Cloud | Docker | Kubernetes | Terraform","Cloud Engineer | DevOps Engineer | Architecte Cloud | Administrateur Cloud | SRE","Apprendre réseaux et Linux | Comprendre la virtualisation | Découvrir Docker | Déployer une application cloud | Préparer une certification cloud débutant","FST/EST Informatique | ENSA/INPT Réseaux | Certifications AWS/Azure/GCP | Formations DevOps","AWS Cloud Practitioner | Microsoft Azure Fundamentals | Google Cloud Digital Leader | Docker/Kubernetes basics","Haute","Moyenne","Moyen à avancé","Très fort","Fort","4","5","2","2","3","5","6500","13000","15000","30000","Estimation pédagogique mensuelle en MAD, à vérifier et mettre à jour selon la ville, l’expérience, l’entreprise et l’année.","Bonnes perspectives d’apprentissage | Possibilité de créer des projets concrets | Compétences utiles dans plusieurs secteurs | Compatible avec le travail à distance | Possibilité de freelance","Nécessite une pratique régulière | Demande une veille technologique | Peut devenir difficile sans projets réels","Commence par les bases, réalise un petit projet lié à Serverless Computing, puis documente ton travail dans un portfolio.","Déployer une application sur le cloud | Créer un conteneur Docker | Automatiser un déploiement | Créer une architecture simple","Serverless Computing | Cloud Computing | Réseaux | Linux | Virtualisation | Docker | Sécurité cloud | Cloud Engineer | DevOps Engineer | Architecte Cloud","65","Publié"
"66","cloud-native-development","Cloud Native Development","Cloud Computing","Découvre Cloud Native Development : une spécialité du numérique pour comprendre, explorer, comparer et construire ton parcours.","Ce domaine consiste à conception, déploiement et gestion d’infrastructures et services informatiques sur des plateformes cloud. Il permet à l’élève de relier ses centres d’intérêt avec des métiers numériques concrets.","Important car la demande est moyenne au Maroc et haute à l’international, avec un impact de l’IA jugé fort.","Aime les infrastructures | Aime automatiser | Est méthodique | Aime comprendre comment fonctionnent les plateformes","Informatique | Culture numérique | Anglais technique | Projet pratique","Réseaux | Linux | Virtualisation | Docker | Sécurité cloud | Automatisation | CI/CD | Infrastructure as Code","Curiosité | Autonomie | Organisation | Communication | Esprit critique | Apprentissage continu","AWS | Azure | Google Cloud | Docker | Kubernetes | Terraform","Cloud Engineer | DevOps Engineer | SRE","Apprendre réseaux et Linux | Comprendre la virtualisation | Découvrir Docker | Déployer une application cloud | Préparer une certification cloud débutant","FST/EST Informatique | ENSA/INPT Réseaux | Certifications AWS/Azure/GCP | Formations DevOps","AWS Cloud Practitioner | Microsoft Azure Fundamentals | Google Cloud Digital Leader | Docker/Kubernetes basics","Haute","Moyenne","Moyen à avancé","Très fort","Fort","4","5","2","2","3","5","6500","13000","15000","30000","Estimation pédagogique mensuelle en MAD, à vérifier et mettre à jour selon la ville, l’expérience, l’entreprise et l’année.","Bonnes perspectives d’apprentissage | Possibilité de créer des projets concrets | Compétences utiles dans plusieurs secteurs | Compatible avec le travail à distance | Possibilité de freelance","Nécessite une pratique régulière | Demande une veille technologique | Peut devenir difficile sans projets réels","Commence par les bases, réalise un petit projet lié à Cloud Native Development, puis documente ton travail dans un portfolio.","Déployer une application sur le cloud | Créer un conteneur Docker | Automatiser un déploiement | Créer une architecture simple","Cloud Native Development | Cloud Computing | Réseaux | Linux | Virtualisation | Docker | Sécurité cloud | Cloud Engineer | DevOps Engineer | SRE","66","Publié"
"67","multi-cloud-management","Multi-Cloud Management","Cloud Computing","Découvre Multi-Cloud Management : une spécialité du numérique pour comprendre, explorer, comparer et construire ton parcours.","Ce domaine consiste à conception, déploiement et gestion d’infrastructures et services informatiques sur des plateformes cloud. Il permet à l’élève de relier ses centres d’intérêt avec des métiers numériques concrets.","Important car la demande est moyenne au Maroc et haute à l’international, avec un impact de l’IA jugé fort.","Aime les infrastructures | Aime automatiser | Est méthodique | Aime comprendre comment fonctionnent les plateformes","Informatique | Culture numérique | Anglais technique | Projet pratique","Réseaux | Linux | Virtualisation | Docker | Sécurité cloud | Automatisation | CI/CD | Infrastructure as Code","Curiosité | Autonomie | Organisation | Communication | Esprit critique | Apprentissage continu","AWS | Azure | Google Cloud | Docker | Kubernetes | Terraform","Cloud Engineer | DevOps Engineer | SRE","Apprendre réseaux et Linux | Comprendre la virtualisation | Découvrir Docker | Déployer une application cloud | Préparer une certification cloud débutant","FST/EST Informatique | ENSA/INPT Réseaux | Certifications AWS/Azure/GCP | Formations DevOps","AWS Cloud Practitioner | Microsoft Azure Fundamentals | Google Cloud Digital Leader | Docker/Kubernetes basics","Haute","Moyenne","Moyen à avancé","Très fort","Fort","4","5","2","2","3","5","6500","13000","15000","30000","Estimation pédagogique mensuelle en MAD, à vérifier et mettre à jour selon la ville, l’expérience, l’entreprise et l’année.","Bonnes perspectives d’apprentissage | Possibilité de créer des projets concrets | Compétences utiles dans plusieurs secteurs | Compatible avec le travail à distance | Possibilité de freelance","Nécessite une pratique régulière | Demande une veille technologique | Peut devenir difficile sans projets réels","Commence par les bases, réalise un petit projet lié à Multi-Cloud Management, puis documente ton travail dans un portfolio.","Déployer une application sur le cloud | Créer un conteneur Docker | Automatiser un déploiement | Créer une architecture simple","Multi-Cloud Management | Cloud Computing | Réseaux | Linux | Virtualisation | Docker | Sécurité cloud | Cloud Engineer | DevOps Engineer | SRE","67","Publié"
"68","ci-cd-integration-deploiement-continu","CI/CD (Intégration / Déploiement Continu)","Cloud Computing","Découvre CI/CD (Intégration / Déploiement Continu) : une spécialité du numérique pour comprendre, explorer, comparer et construire ton parcours.","Ce domaine consiste à conception, déploiement et gestion d’infrastructures et services informatiques sur des plateformes cloud. Il permet à l’élève de relier ses centres d’intérêt avec des métiers numériques concrets.","Important car la demande est haute au Maroc et très haute à l’international, avec un impact de l’IA jugé fort.","Aime les infrastructures | Aime automatiser | Est méthodique | Aime comprendre comment fonctionnent les plateformes","Informatique | Culture numérique | Anglais technique | Projet pratique","Réseaux | Linux | Virtualisation | Docker | Sécurité cloud | Automatisation","Curiosité | Autonomie | Organisation | Communication | Esprit critique | Apprentissage continu","AWS | Azure | Google Cloud | Docker | Kubernetes | Terraform","Cloud Engineer | DevOps Engineer | Architecte Cloud | Administrateur Cloud | SRE","Apprendre réseaux et Linux | Comprendre la virtualisation | Découvrir Docker | Déployer une application cloud | Préparer une certification cloud débutant","FST/EST Informatique | ENSA/INPT Réseaux | Certifications AWS/Azure/GCP | Formations DevOps","AWS Cloud Practitioner | Microsoft Azure Fundamentals | Google Cloud Digital Leader | Docker/Kubernetes basics","Très haute","Haute","Moyen à avancé","Excellent","Fort","4","5","2","2","3","5","7000","14000","16500","33000","Estimation pédagogique mensuelle en MAD, à vérifier et mettre à jour selon la ville, l’expérience, l’entreprise et l’année.","Bonnes perspectives d’apprentissage | Possibilité de créer des projets concrets | Compétences utiles dans plusieurs secteurs | Compatible avec le travail à distance | Possibilité de freelance","Nécessite une pratique régulière | Demande une veille technologique | Peut devenir difficile sans projets réels","Commence par les bases, réalise un petit projet lié à CI/CD (Intégration / Déploiement Continu), puis documente ton travail dans un portfolio.","Déployer une application sur le cloud | Créer un conteneur Docker | Automatiser un déploiement | Créer une architecture simple","CI/CD (Intégration / Déploiement Continu) | Cloud Computing | Réseaux | Linux | Virtualisation | Docker | Sécurité cloud | Cloud Engineer | DevOps Engineer | Architecte Cloud","68","Publié"
"69","finops-gestion-des-couts-cloud","FinOps (Gestion des coûts Cloud)","Cloud Computing","Découvre FinOps (Gestion des coûts Cloud) : une spécialité du numérique pour comprendre, explorer, comparer et construire ton parcours.","Ce domaine consiste à conception, déploiement et gestion d’infrastructures et services informatiques sur des plateformes cloud. Il permet à l’élève de relier ses centres d’intérêt avec des métiers numériques concrets.","Important car la demande est moyenne au Maroc et haute à l’international, avec un impact de l’IA jugé fort.","Aime les infrastructures | Aime automatiser | Est méthodique | Aime comprendre comment fonctionnent les plateformes","Informatique | Culture numérique | Anglais technique | Projet pratique","Réseaux | Linux | Virtualisation | Docker | Sécurité cloud | Automatisation | CI/CD | Infrastructure as Code","Curiosité | Autonomie | Organisation | Communication | Esprit critique | Apprentissage continu","AWS | Azure | Google Cloud | Docker | Kubernetes | Terraform","Cloud Engineer | DevOps Engineer | SRE","Apprendre réseaux et Linux | Comprendre la virtualisation | Découvrir Docker | Déployer une application cloud | Préparer une certification cloud débutant","FST/EST Informatique | ENSA/INPT Réseaux | Certifications AWS/Azure/GCP | Formations DevOps","AWS Cloud Practitioner | Microsoft Azure Fundamentals | Google Cloud Digital Leader | Docker/Kubernetes basics","Haute","Moyenne","Moyen à avancé","Très fort","Fort","4","5","2","2","3","5","6500","13000","15000","30000","Estimation pédagogique mensuelle en MAD, à vérifier et mettre à jour selon la ville, l’expérience, l’entreprise et l’année.","Bonnes perspectives d’apprentissage | Possibilité de créer des projets concrets | Compétences utiles dans plusieurs secteurs | Compatible avec le travail à distance | Possibilité de freelance","Nécessite une pratique régulière | Demande une veille technologique | Peut devenir difficile sans projets réels","Commence par les bases, réalise un petit projet lié à FinOps (Gestion des coûts Cloud), puis documente ton travail dans un portfolio.","Déployer une application sur le cloud | Créer un conteneur Docker | Automatiser un déploiement | Créer une architecture simple","FinOps (Gestion des coûts Cloud) | Cloud Computing | Réseaux | Linux | Virtualisation | Docker | Sécurité cloud | Cloud Engineer | DevOps Engineer | SRE","69","Publié"
"70","edge-computing","Edge Computing","Cloud Computing","Découvre Edge Computing : une spécialité du numérique pour comprendre, explorer, comparer et construire ton parcours.","Ce domaine consiste à conception, déploiement et gestion d’infrastructures et services informatiques sur des plateformes cloud. Il permet à l’élève de relier ses centres d’intérêt avec des métiers numériques concrets.","Important car la demande est moyenne au Maroc et haute à l’international, avec un impact de l’IA jugé fort.","Aime les infrastructures | Aime automatiser | Est méthodique | Aime comprendre comment fonctionnent les plateformes","Informatique | Culture numérique | Anglais technique | Projet pratique","Réseaux | Linux | Virtualisation | Docker | Sécurité cloud | Automatisation","Curiosité | Autonomie | Organisation | Communication | Esprit critique | Apprentissage continu","AWS | Azure | Google Cloud | Docker | Kubernetes | Terraform","Cloud Engineer | DevOps Engineer | Architecte Cloud | Administrateur Cloud | SRE","Apprendre réseaux et Linux | Comprendre la virtualisation | Découvrir Docker | Déployer une application cloud | Préparer une certification cloud débutant","FST/EST Informatique | ENSA/INPT Réseaux | Certifications AWS/Azure/GCP | Formations DevOps","AWS Cloud Practitioner | Microsoft Azure Fundamentals | Google Cloud Digital Leader | Docker/Kubernetes basics","Haute","Moyenne","Moyen à avancé","Très fort","Fort","4","5","2","2","3","5","6500","13000","15000","30000","Estimation pédagogique mensuelle en MAD, à vérifier et mettre à jour selon la ville, l’expérience, l’entreprise et l’année.","Bonnes perspectives d’apprentissage | Possibilité de créer des projets concrets | Compétences utiles dans plusieurs secteurs | Compatible avec le travail à distance | Possibilité de freelance","Nécessite une pratique régulière | Demande une veille technologique | Peut devenir difficile sans projets réels","Commence par les bases, réalise un petit projet lié à Edge Computing, puis documente ton travail dans un portfolio.","Déployer une application sur le cloud | Créer un conteneur Docker | Automatiser un déploiement | Créer une architecture simple","Edge Computing | Cloud Computing | Réseaux | Linux | Virtualisation | Docker | Sécurité cloud | Cloud Engineer | DevOps Engineer | Architecte Cloud","70","Publié"
"71","fog-computing","Fog Computing","Cloud Computing","Découvre Fog Computing : une spécialité du numérique pour comprendre, explorer, comparer et construire ton parcours.","Ce domaine consiste à conception, déploiement et gestion d’infrastructures et services informatiques sur des plateformes cloud. Il permet à l’élève de relier ses centres d’intérêt avec des métiers numériques concrets.","Important car la demande est faible au Maroc et moyenne à l’international, avec un impact de l’IA jugé fort.","Aime les infrastructures | Aime automatiser | Est méthodique | Aime comprendre comment fonctionnent les plateformes","Informatique | Culture numérique | Anglais technique | Projet pratique","Réseaux | Linux | Virtualisation | Docker | Sécurité cloud | Automatisation","Curiosité | Autonomie | Organisation | Communication | Esprit critique | Apprentissage continu","AWS | Azure | Google Cloud | Docker | Kubernetes | Terraform","Cloud Engineer | DevOps Engineer | Architecte Cloud | Administrateur Cloud | SRE","Apprendre réseaux et Linux | Comprendre la virtualisation | Découvrir Docker | Déployer une application cloud | Préparer une certification cloud débutant","FST/EST Informatique | ENSA/INPT Réseaux | Certifications AWS/Azure/GCP | Formations DevOps","AWS Cloud Practitioner | Microsoft Azure Fundamentals | Google Cloud Digital Leader | Docker/Kubernetes basics","Moyenne","Faible","Moyen à avancé","Fort","Fort","4","5","2","2","3","5","6000","12000","14000","28000","Estimation pédagogique mensuelle en MAD, à vérifier et mettre à jour selon la ville, l’expérience, l’entreprise et l’année.","Bonnes perspectives d’apprentissage | Possibilité de créer des projets concrets | Compétences utiles dans plusieurs secteurs | Compatible avec le travail à distance | Possibilité de freelance","Nécessite une pratique régulière | Demande une veille technologique | Peut devenir difficile sans projets réels","Commence par les bases, réalise un petit projet lié à Fog Computing, puis documente ton travail dans un portfolio.","Déployer une application sur le cloud | Créer un conteneur Docker | Automatiser un déploiement | Créer une architecture simple","Fog Computing | Cloud Computing | Réseaux | Linux | Virtualisation | Docker | Sécurité cloud | Cloud Engineer | DevOps Engineer | Architecte Cloud","71","Publié"
"72","virtualisation-vmware-hyper-v","Virtualisation (VMware, Hyper-V)","Cloud Computing","Découvre Virtualisation (VMware, Hyper-V) : une spécialité du numérique pour comprendre, explorer, comparer et construire ton parcours.","Ce domaine consiste à conception, déploiement et gestion d’infrastructures et services informatiques sur des plateformes cloud. Il permet à l’élève de relier ses centres d’intérêt avec des métiers numériques concrets.","Important car la demande est haute au Maroc et haute à l’international, avec un impact de l’IA jugé fort.","Aime les infrastructures | Aime automatiser | Est méthodique | Aime comprendre comment fonctionnent les plateformes","Informatique | Culture numérique | Anglais technique | Projet pratique","Réseaux | Linux | Virtualisation | Docker | Sécurité cloud | Automatisation","Curiosité | Autonomie | Organisation | Communication | Esprit critique | Apprentissage continu","AWS | Azure | Google Cloud | Docker | Kubernetes | Terraform","Cloud Engineer | DevOps Engineer | Architecte Cloud | Administrateur Cloud | SRE","Apprendre réseaux et Linux | Comprendre la virtualisation | Découvrir Docker | Déployer une application cloud | Préparer une certification cloud débutant","FST/EST Informatique | ENSA/INPT Réseaux | Certifications AWS/Azure/GCP | Formations DevOps","AWS Cloud Practitioner | Microsoft Azure Fundamentals | Google Cloud Digital Leader | Docker/Kubernetes basics","Haute","Haute","Moyen à avancé","Très fort","Fort","4","5","2","2","3","5","6500","13000","15000","30000","Estimation pédagogique mensuelle en MAD, à vérifier et mettre à jour selon la ville, l’expérience, l’entreprise et l’année.","Bonnes perspectives d’apprentissage | Possibilité de créer des projets concrets | Compétences utiles dans plusieurs secteurs | Compatible avec le travail à distance | Possibilité de freelance","Nécessite une pratique régulière | Demande une veille technologique | Peut devenir difficile sans projets réels","Commence par les bases, réalise un petit projet lié à Virtualisation (VMware, Hyper-V), puis documente ton travail dans un portfolio.","Déployer une application sur le cloud | Créer un conteneur Docker | Automatiser un déploiement | Créer une architecture simple","Virtualisation (VMware, Hyper-V) | Cloud Computing | Réseaux | Linux | Virtualisation | Docker | Sécurité cloud | Cloud Engineer | DevOps Engineer | Architecte Cloud","72","Publié"
"73","sre-site-reliability-engineering","SRE (Site Reliability Engineering)","Cloud Computing","Découvre SRE (Site Reliability Engineering) : une spécialité du numérique pour comprendre, explorer, comparer et construire ton parcours.","Ce domaine consiste à conception, déploiement et gestion d’infrastructures et services informatiques sur des plateformes cloud. Il permet à l’élève de relier ses centres d’intérêt avec des métiers numériques concrets.","Important car la demande est moyenne au Maroc et haute à l’international, avec un impact de l’IA jugé très fort.","Aime les infrastructures | Aime automatiser | Est méthodique | Aime comprendre comment fonctionnent les plateformes","Informatique | Culture numérique | Anglais technique | Projet pratique","Réseaux | Linux | Virtualisation | Docker | Sécurité cloud | Automatisation","Curiosité | Autonomie | Organisation | Communication | Esprit critique | Apprentissage continu","AWS | Azure | Google Cloud | Docker | Kubernetes | Terraform","Cloud Engineer | DevOps Engineer | Architecte Cloud | Administrateur Cloud | SRE","Apprendre réseaux et Linux | Comprendre la virtualisation | Découvrir Docker | Déployer une application cloud | Préparer une certification cloud débutant","FST/EST Informatique | ENSA/INPT Réseaux | Certifications AWS/Azure/GCP | Formations DevOps","AWS Cloud Practitioner | Microsoft Azure Fundamentals | Google Cloud Digital Leader | Docker/Kubernetes basics","Haute","Moyenne","Moyen à avancé","Très fort","Très fort","4","5","2","2","3","5","6500","13000","15000","30000","Estimation pédagogique mensuelle en MAD, à vérifier et mettre à jour selon la ville, l’expérience, l’entreprise et l’année.","Bonnes perspectives d’apprentissage | Possibilité de créer des projets concrets | Compétences utiles dans plusieurs secteurs | Compatible avec le travail à distance | Possibilité de freelance","Nécessite une pratique régulière | Demande une veille technologique | Peut devenir difficile sans projets réels","Commence par les bases, réalise un petit projet lié à SRE (Site Reliability Engineering), puis documente ton travail dans un portfolio.","Déployer une application sur le cloud | Créer un conteneur Docker | Automatiser un déploiement | Créer une architecture simple","SRE (Site Reliability Engineering) | Cloud Computing | Réseaux | Linux | Virtualisation | Docker | Sécurité cloud | Cloud Engineer | DevOps Engineer | Architecte Cloud","73","Publié"
"74","administration-reseaux-lan-wan","Administration Réseaux (LAN/WAN)","Réseaux & Télécoms","Découvre Administration Réseaux (LAN/WAN) : une spécialité du numérique pour comprendre, explorer, comparer et construire ton parcours.","Ce domaine consiste à installation, configuration et optimisation des réseaux informatiques et télécommunications. Il permet à l’élève de relier ses centres d’intérêt avec des métiers numériques concrets.","Important car la demande est haute au Maroc et haute à l’international, avec un impact de l’IA jugé moyen.","Aime comprendre les connexions | Aime manipuler des équipements | Est patient | Aime résoudre les pannes","Informatique | Culture numérique | Anglais technique | Projet pratique","Adressage IP | Routage | Switching | Sécurité réseau | Administration systèmes | Diagnostic technique | Prototypage | Design system","Curiosité | Autonomie | Organisation | Communication | Esprit critique | Apprentissage continu","Cisco Packet Tracer | Wireshark | Linux | pfSense | MikroTik | Cisco IOS | Figma | Canva","UX/UI Designer | Product Designer | Web Designer","Comprendre les bases réseau | Pratiquer avec Packet Tracer | Étudier Cisco CCNA | Apprendre Linux réseau | Faire des projets de mini-infrastructure","OFPPT Réseaux | BTS/EST Réseaux | INPT | ENSA Réseaux | Certifications CCNA","Cisco CCNA | MikroTik MTCNA | CompTIA Network+ | Linux networking basics","Haute","Haute","Moyen","Très fort","Moyen","2","3","2","2","3","4","5500","11000","12000","24000","Estimation pédagogique mensuelle en MAD, à vérifier et mettre à jour selon la ville, l’expérience, l’entreprise et l’année.","Bonnes perspectives d’apprentissage | Possibilité de créer des projets concrets | Compétences utiles dans plusieurs secteurs","Nécessite une pratique régulière | Demande une veille technologique | Peut devenir difficile sans projets réels","Commence par les bases, réalise un petit projet lié à Administration Réseaux (LAN/WAN), puis documente ton travail dans un portfolio.","Créer une fiche de veille | Réaliser un mini-projet appliqué | Présenter le domaine à ses camarades | Comparer 3 métiers associés","Administration Réseaux (LAN/WAN) | Réseaux & Télécoms | Adressage IP | Routage | Switching | Sécurité réseau | Administration systèmes | UX/UI Designer | Product Designer | Web Designer","74","Publié"
"75","protocoles-tcp-ip-bgp","Protocoles TCP/IP & BGP","Réseaux & Télécoms","Découvre Protocoles TCP/IP & BGP : une spécialité du numérique pour comprendre, explorer, comparer et construire ton parcours.","Ce domaine consiste à installation, configuration et optimisation des réseaux informatiques et télécommunications. Il permet à l’élève de relier ses centres d’intérêt avec des métiers numériques concrets.","Important car la demande est haute au Maroc et haute à l’international, avec un impact de l’IA jugé moyen.","Aime comprendre les connexions | Aime manipuler des équipements | Est patient | Aime résoudre les pannes","Informatique | Culture numérique | Anglais technique | Projet pratique","Adressage IP | Routage | Switching | Sécurité réseau | Administration systèmes | Diagnostic technique","Curiosité | Autonomie | Organisation | Communication | Esprit critique | Apprentissage continu","Cisco Packet Tracer | Wireshark | Linux | pfSense | MikroTik | Cisco IOS","Technicien réseau | Administrateur réseau | Ingénieur télécoms | Architecte réseau | NOC Engineer","Comprendre les bases réseau | Pratiquer avec Packet Tracer | Étudier Cisco CCNA | Apprendre Linux réseau | Faire des projets de mini-infrastructure","OFPPT Réseaux | BTS/EST Réseaux | INPT | ENSA Réseaux | Certifications CCNA","Cisco CCNA | MikroTik MTCNA | CompTIA Network+ | Linux networking basics","Haute","Haute","Moyen","Très fort","Moyen","2","3","2","2","3","4","5500","11000","12000","24000","Estimation pédagogique mensuelle en MAD, à vérifier et mettre à jour selon la ville, l’expérience, l’entreprise et l’année.","Bonnes perspectives d’apprentissage | Possibilité de créer des projets concrets | Compétences utiles dans plusieurs secteurs","Nécessite une pratique régulière | Demande une veille technologique | Peut devenir difficile sans projets réels","Commence par les bases, réalise un petit projet lié à Protocoles TCP/IP & BGP, puis documente ton travail dans un portfolio.","Créer une fiche de veille | Réaliser un mini-projet appliqué | Présenter le domaine à ses camarades | Comparer 3 métiers associés","Protocoles TCP/IP & BGP | Réseaux & Télécoms | Adressage IP | Routage | Switching | Sécurité réseau | Administration systèmes | Technicien réseau | Administrateur réseau | Ingénieur télécoms","75","Publié"
"76","reseaux-definis-par-logiciel-sdn","Réseaux Définis par Logiciel (SDN)","Réseaux & Télécoms","Découvre Réseaux Définis par Logiciel (SDN) : une spécialité du numérique pour comprendre, explorer, comparer et construire ton parcours.","Ce domaine consiste à installation, configuration et optimisation des réseaux informatiques et télécommunications. Il permet à l’élève de relier ses centres d’intérêt avec des métiers numériques concrets.","Important car la demande est moyenne au Maroc et haute à l’international, avec un impact de l’IA jugé moyen.","Aime comprendre les connexions | Aime manipuler des équipements | Est patient | Aime résoudre les pannes","Informatique | Culture numérique | Anglais technique | Projet pratique","Adressage IP | Routage | Switching | Sécurité réseau | Administration systèmes | Diagnostic technique | Prototypage | Design system","Curiosité | Autonomie | Organisation | Communication | Esprit critique | Apprentissage continu","Cisco Packet Tracer | Wireshark | Linux | pfSense | MikroTik | Cisco IOS | Figma | Canva","UX/UI Designer | Product Designer | Web Designer","Comprendre les bases réseau | Pratiquer avec Packet Tracer | Étudier Cisco CCNA | Apprendre Linux réseau | Faire des projets de mini-infrastructure","OFPPT Réseaux | BTS/EST Réseaux | INPT | ENSA Réseaux | Certifications CCNA","Cisco CCNA | MikroTik MTCNA | CompTIA Network+ | Linux networking basics","Haute","Moyenne","Moyen","Fort","Moyen","2","3","2","2","3","4","5500","11000","12000","24000","Estimation pédagogique mensuelle en MAD, à vérifier et mettre à jour selon la ville, l’expérience, l’entreprise et l’année.","Bonnes perspectives d’apprentissage | Possibilité de créer des projets concrets | Compétences utiles dans plusieurs secteurs","Nécessite une pratique régulière | Demande une veille technologique | Peut devenir difficile sans projets réels","Commence par les bases, réalise un petit projet lié à Réseaux Définis par Logiciel (SDN), puis documente ton travail dans un portfolio.","Créer une fiche de veille | Réaliser un mini-projet appliqué | Présenter le domaine à ses camarades | Comparer 3 métiers associés","Réseaux Définis par Logiciel (SDN) | Réseaux & Télécoms | Adressage IP | Routage | Switching | Sécurité réseau | Administration systèmes | UX/UI Designer | Product Designer | Web Designer","76","Publié"
"77","telephonie-voip-unified-communications","Téléphonie VoIP & Unified Communications","Réseaux & Télécoms","Découvre Téléphonie VoIP & Unified Communications : une spécialité du numérique pour comprendre, explorer, comparer et construire ton parcours.","Ce domaine consiste à installation, configuration et optimisation des réseaux informatiques et télécommunications. Il permet à l’élève de relier ses centres d’intérêt avec des métiers numériques concrets.","Important car la demande est moyenne au Maroc et moyenne à l’international, avec un impact de l’IA jugé moyen.","Aime comprendre les connexions | Aime manipuler des équipements | Est patient | Aime résoudre les pannes","Informatique | Culture numérique | Anglais technique | Projet pratique","Adressage IP | Routage | Switching | Sécurité réseau | Administration systèmes | Diagnostic technique","Curiosité | Autonomie | Organisation | Communication | Esprit critique | Apprentissage continu","Cisco Packet Tracer | Wireshark | Linux | pfSense | MikroTik | Cisco IOS","Technicien réseau | Administrateur réseau | Ingénieur télécoms | Architecte réseau | NOC Engineer","Comprendre les bases réseau | Pratiquer avec Packet Tracer | Étudier Cisco CCNA | Apprendre Linux réseau | Faire des projets de mini-infrastructure","OFPPT Réseaux | BTS/EST Réseaux | INPT | ENSA Réseaux | Certifications CCNA","Cisco CCNA | MikroTik MTCNA | CompTIA Network+ | Linux networking basics","Moyenne","Moyenne","Moyen","Fort","Moyen","2","3","2","2","3","4","5000","10000","11000","22000","Estimation pédagogique mensuelle en MAD, à vérifier et mettre à jour selon la ville, l’expérience, l’entreprise et l’année.","Bonnes perspectives d’apprentissage | Possibilité de créer des projets concrets | Compétences utiles dans plusieurs secteurs","Nécessite une pratique régulière | Demande une veille technologique | Peut devenir difficile sans projets réels","Commence par les bases, réalise un petit projet lié à Téléphonie VoIP & Unified Communications, puis documente ton travail dans un portfolio.","Créer une fiche de veille | Réaliser un mini-projet appliqué | Présenter le domaine à ses camarades | Comparer 3 métiers associés","Téléphonie VoIP & Unified Communications | Réseaux & Télécoms | Adressage IP | Routage | Switching | Sécurité réseau | Administration systèmes | Technicien réseau | Administrateur réseau | Ingénieur télécoms","77","Publié"
"78","reseaux-sans-fil-wi-fi-6-5g","Réseaux sans fil (Wi-Fi 6, 5G)","Réseaux & Télécoms","Découvre Réseaux sans fil (Wi-Fi 6, 5G) : une spécialité du numérique pour comprendre, explorer, comparer et construire ton parcours.","Ce domaine consiste à installation, configuration et optimisation des réseaux informatiques et télécommunications. Il permet à l’élève de relier ses centres d’intérêt avec des métiers numériques concrets.","Important car la demande est haute au Maroc et très haute à l’international, avec un impact de l’IA jugé moyen.","Aime comprendre les connexions | Aime manipuler des équipements | Est patient | Aime résoudre les pannes","Informatique | Culture numérique | Anglais technique | Projet pratique","Adressage IP | Routage | Switching | Sécurité réseau | Administration systèmes | Diagnostic technique | Prototypage | Design system","Curiosité | Autonomie | Organisation | Communication | Esprit critique | Apprentissage continu","Cisco Packet Tracer | Wireshark | Linux | pfSense | MikroTik | Cisco IOS | Figma | Canva","UX/UI Designer | Product Designer | Web Designer","Comprendre les bases réseau | Pratiquer avec Packet Tracer | Étudier Cisco CCNA | Apprendre Linux réseau | Faire des projets de mini-infrastructure","OFPPT Réseaux | BTS/EST Réseaux | INPT | ENSA Réseaux | Certifications CCNA","Cisco CCNA | MikroTik MTCNA | CompTIA Network+ | Linux networking basics","Très haute","Haute","Moyen","Très fort","Moyen","2","3","2","2","3","4","6000","12000","13000","26000","Estimation pédagogique mensuelle en MAD, à vérifier et mettre à jour selon la ville, l’expérience, l’entreprise et l’année.","Bonnes perspectives d’apprentissage | Possibilité de créer des projets concrets | Compétences utiles dans plusieurs secteurs","Nécessite une pratique régulière | Demande une veille technologique | Peut devenir difficile sans projets réels","Commence par les bases, réalise un petit projet lié à Réseaux sans fil (Wi-Fi 6, 5G), puis documente ton travail dans un portfolio.","Créer une fiche de veille | Réaliser un mini-projet appliqué | Présenter le domaine à ses camarades | Comparer 3 métiers associés","Réseaux sans fil (Wi-Fi 6, 5G) | Réseaux & Télécoms | Adressage IP | Routage | Switching | Sécurité réseau | Administration systèmes | UX/UI Designer | Product Designer | Web Designer","78","Publié"
"79","internet-des-objets-iot","Internet des Objets (IoT)","Réseaux & Télécoms","Découvre Internet des Objets (IoT) : une spécialité du numérique pour comprendre, explorer, comparer et construire ton parcours.","Ce domaine consiste à installation, configuration et optimisation des réseaux informatiques et télécommunications. Il permet à l’élève de relier ses centres d’intérêt avec des métiers numériques concrets.","Important car la demande est haute au Maroc et très haute à l’international, avec un impact de l’IA jugé moyen.","Aime comprendre les connexions | Aime manipuler des équipements | Est patient | Aime résoudre les pannes","Informatique | Culture numérique | Anglais technique | Projet pratique","Adressage IP | Routage | Switching | Sécurité réseau | Administration systèmes | Diagnostic technique | Capteurs | Systèmes embarqués","Curiosité | Autonomie | Organisation | Communication | Esprit critique | Apprentissage continu","Cisco Packet Tracer | Wireshark | Linux | pfSense | MikroTik | Cisco IOS | Arduino | Raspberry Pi","Ingénieur IoT | Développeur embarqué | Ingénieur robotique","Comprendre les bases réseau | Pratiquer avec Packet Tracer | Étudier Cisco CCNA | Apprendre Linux réseau | Faire des projets de mini-infrastructure","OFPPT Réseaux | BTS/EST Réseaux | INPT | ENSA Réseaux | Certifications CCNA","Cisco CCNA | MikroTik MTCNA | CompTIA Network+ | Linux networking basics","Très haute","Haute","Moyen","Très fort","Moyen","2","3","2","2","3","4","6000","12000","13000","26000","Estimation pédagogique mensuelle en MAD, à vérifier et mettre à jour selon la ville, l’expérience, l’entreprise et l’année.","Bonnes perspectives d’apprentissage | Possibilité de créer des projets concrets | Compétences utiles dans plusieurs secteurs","Nécessite une pratique régulière | Demande une veille technologique | Peut devenir difficile sans projets réels","Commence par les bases, réalise un petit projet lié à Internet des Objets (IoT), puis documente ton travail dans un portfolio.","Créer une fiche de veille | Réaliser un mini-projet appliqué | Présenter le domaine à ses camarades | Comparer 3 métiers associés","Internet des Objets (IoT) | Réseaux & Télécoms | Adressage IP | Routage | Switching | Sécurité réseau | Administration systèmes | Ingénieur IoT | Développeur embarqué | Ingénieur robotique","79","Publié"
"80","6g-communications-du-futur","6G & Communications du Futur","Réseaux & Télécoms","Découvre 6G & Communications du Futur : une spécialité du numérique pour comprendre, explorer, comparer et construire ton parcours.","Ce domaine consiste à installation, configuration et optimisation des réseaux informatiques et télécommunications. Il permet à l’élève de relier ses centres d’intérêt avec des métiers numériques concrets.","Important car la demande est faible au Maroc et moyenne à l’international, avec un impact de l’IA jugé moyen.","Aime comprendre les connexions | Aime manipuler des équipements | Est patient | Aime résoudre les pannes","Informatique | Culture numérique | Anglais technique | Projet pratique","Adressage IP | Routage | Switching | Sécurité réseau | Administration systèmes | Diagnostic technique","Curiosité | Autonomie | Organisation | Communication | Esprit critique | Apprentissage continu","Cisco Packet Tracer | Wireshark | Linux | pfSense | MikroTik | Cisco IOS","Technicien réseau | Administrateur réseau | Ingénieur télécoms | Architecte réseau | NOC Engineer","Comprendre les bases réseau | Pratiquer avec Packet Tracer | Étudier Cisco CCNA | Apprendre Linux réseau | Faire des projets de mini-infrastructure","OFPPT Réseaux | BTS/EST Réseaux | INPT | ENSA Réseaux | Certifications CCNA","Cisco CCNA | MikroTik MTCNA | CompTIA Network+ | Linux networking basics","Moyenne","Faible","Moyen","Moyen","Moyen","2","3","2","2","3","4","5000","10000","11000","22000","Estimation pédagogique mensuelle en MAD, à vérifier et mettre à jour selon la ville, l’expérience, l’entreprise et l’année.","Bonnes perspectives d’apprentissage | Possibilité de créer des projets concrets | Compétences utiles dans plusieurs secteurs","Nécessite une pratique régulière | Demande une veille technologique | Peut devenir difficile sans projets réels","Commence par les bases, réalise un petit projet lié à 6G & Communications du Futur, puis documente ton travail dans un portfolio.","Créer une fiche de veille | Réaliser un mini-projet appliqué | Présenter le domaine à ses camarades | Comparer 3 métiers associés","6G & Communications du Futur | Réseaux & Télécoms | Adressage IP | Routage | Switching | Sécurité réseau | Administration systèmes | Technicien réseau | Administrateur réseau | Ingénieur télécoms","80","Publié"
"81","reseaux-prives-virtuels-vpn","Réseaux Privés Virtuels (VPN)","Réseaux & Télécoms","Découvre Réseaux Privés Virtuels (VPN) : une spécialité du numérique pour comprendre, explorer, comparer et construire ton parcours.","Ce domaine consiste à installation, configuration et optimisation des réseaux informatiques et télécommunications. Il permet à l’élève de relier ses centres d’intérêt avec des métiers numériques concrets.","Important car la demande est moyenne au Maroc et moyenne à l’international, avec un impact de l’IA jugé moyen.","Aime comprendre les connexions | Aime manipuler des équipements | Est patient | Aime résoudre les pannes","Informatique | Culture numérique | Anglais technique | Projet pratique","Adressage IP | Routage | Switching | Sécurité réseau | Administration systèmes | Diagnostic technique | Prototypage | Design system","Curiosité | Autonomie | Organisation | Communication | Esprit critique | Apprentissage continu","Cisco Packet Tracer | Wireshark | Linux | pfSense | MikroTik | Cisco IOS | Figma | Canva","UX/UI Designer | Product Designer | Web Designer","Comprendre les bases réseau | Pratiquer avec Packet Tracer | Étudier Cisco CCNA | Apprendre Linux réseau | Faire des projets de mini-infrastructure","OFPPT Réseaux | BTS/EST Réseaux | INPT | ENSA Réseaux | Certifications CCNA","Cisco CCNA | MikroTik MTCNA | CompTIA Network+ | Linux networking basics","Moyenne","Moyenne","Moyen","Fort","Moyen","2","3","2","2","3","4","5000","10000","11000","22000","Estimation pédagogique mensuelle en MAD, à vérifier et mettre à jour selon la ville, l’expérience, l’entreprise et l’année.","Bonnes perspectives d’apprentissage | Possibilité de créer des projets concrets | Compétences utiles dans plusieurs secteurs","Nécessite une pratique régulière | Demande une veille technologique | Peut devenir difficile sans projets réels","Commence par les bases, réalise un petit projet lié à Réseaux Privés Virtuels (VPN), puis documente ton travail dans un portfolio.","Créer une fiche de veille | Réaliser un mini-projet appliqué | Présenter le domaine à ses camarades | Comparer 3 métiers associés","Réseaux Privés Virtuels (VPN) | Réseaux & Télécoms | Adressage IP | Routage | Switching | Sécurité réseau | Administration systèmes | UX/UI Designer | Product Designer | Web Designer","81","Publié"
"82","network-automation","Network Automation","Réseaux & Télécoms","Découvre Network Automation : une spécialité du numérique pour comprendre, explorer, comparer et construire ton parcours.","Ce domaine consiste à installation, configuration et optimisation des réseaux informatiques et télécommunications. Il permet à l’élève de relier ses centres d’intérêt avec des métiers numériques concrets.","Important car la demande est moyenne au Maroc et haute à l’international, avec un impact de l’IA jugé moyen.","Aime comprendre les connexions | Aime manipuler des équipements | Est patient | Aime résoudre les pannes","Informatique | Culture numérique | Anglais technique | Projet pratique","Adressage IP | Routage | Switching | Sécurité réseau | Administration systèmes | Diagnostic technique","Curiosité | Autonomie | Organisation | Communication | Esprit critique | Apprentissage continu","Cisco Packet Tracer | Wireshark | Linux | pfSense | MikroTik | Cisco IOS","Technicien réseau | Administrateur réseau | Ingénieur télécoms | Architecte réseau | NOC Engineer","Comprendre les bases réseau | Pratiquer avec Packet Tracer | Étudier Cisco CCNA | Apprendre Linux réseau | Faire des projets de mini-infrastructure","OFPPT Réseaux | BTS/EST Réseaux | INPT | ENSA Réseaux | Certifications CCNA","Cisco CCNA | MikroTik MTCNA | CompTIA Network+ | Linux networking basics","Haute","Moyenne","Moyen","Fort","Moyen","2","3","2","2","3","4","5500","11000","12000","24000","Estimation pédagogique mensuelle en MAD, à vérifier et mettre à jour selon la ville, l’expérience, l’entreprise et l’année.","Bonnes perspectives d’apprentissage | Possibilité de créer des projets concrets | Compétences utiles dans plusieurs secteurs","Nécessite une pratique régulière | Demande une veille technologique | Peut devenir difficile sans projets réels","Commence par les bases, réalise un petit projet lié à Network Automation, puis documente ton travail dans un portfolio.","Créer une fiche de veille | Réaliser un mini-projet appliqué | Présenter le domaine à ses camarades | Comparer 3 métiers associés","Network Automation | Réseaux & Télécoms | Adressage IP | Routage | Switching | Sécurité réseau | Administration systèmes | Technicien réseau | Administrateur réseau | Ingénieur télécoms","82","Publié"
"83","fibre-optique-infrastructure-telecom","Fibre Optique & Infrastructure Télécom","Réseaux & Télécoms","Découvre Fibre Optique & Infrastructure Télécom : une spécialité du numérique pour comprendre, explorer, comparer et construire ton parcours.","Ce domaine consiste à installation, configuration et optimisation des réseaux informatiques et télécommunications. Il permet à l’élève de relier ses centres d’intérêt avec des métiers numériques concrets.","Important car la demande est très haute au Maroc et haute à l’international, avec un impact de l’IA jugé moyen.","Aime comprendre les connexions | Aime manipuler des équipements | Est patient | Aime résoudre les pannes","Informatique | Culture numérique | Anglais technique | Projet pratique","Adressage IP | Routage | Switching | Sécurité réseau | Administration systèmes | Diagnostic technique","Curiosité | Autonomie | Organisation | Communication | Esprit critique | Apprentissage continu","Cisco Packet Tracer | Wireshark | Linux | pfSense | MikroTik | Cisco IOS","Technicien réseau | Administrateur réseau | Ingénieur télécoms | Architecte réseau | NOC Engineer","Comprendre les bases réseau | Pratiquer avec Packet Tracer | Étudier Cisco CCNA | Apprendre Linux réseau | Faire des projets de mini-infrastructure","OFPPT Réseaux | BTS/EST Réseaux | INPT | ENSA Réseaux | Certifications CCNA","Cisco CCNA | MikroTik MTCNA | CompTIA Network+ | Linux networking basics","Haute","Très haute","Moyen","Très fort","Moyen","2","3","2","2","3","4","6000","12000","13000","26000","Estimation pédagogique mensuelle en MAD, à vérifier et mettre à jour selon la ville, l’expérience, l’entreprise et l’année.","Bonnes perspectives d’apprentissage | Possibilité de créer des projets concrets | Compétences utiles dans plusieurs secteurs","Nécessite une pratique régulière | Demande une veille technologique | Peut devenir difficile sans projets réels","Commence par les bases, réalise un petit projet lié à Fibre Optique & Infrastructure Télécom, puis documente ton travail dans un portfolio.","Créer une fiche de veille | Réaliser un mini-projet appliqué | Présenter le domaine à ses camarades | Comparer 3 métiers associés","Fibre Optique & Infrastructure Télécom | Réseaux & Télécoms | Adressage IP | Routage | Switching | Sécurité réseau | Administration systèmes | Technicien réseau | Administrateur réseau | Ingénieur télécoms","83","Publié"
"84","administration-systemes-linux-unix","Administration Systèmes Linux/Unix","Systèmes & Administration","Découvre Administration Systèmes Linux/Unix : une spécialité du numérique pour comprendre, explorer, comparer et construire ton parcours.","Ce domaine consiste à installation, maintenance et sécurisation des serveurs, postes de travail et environnements informatiques. Il permet à l’élève de relier ses centres d’intérêt avec des métiers numériques concrets.","Important car la demande est haute au Maroc et haute à l’international, avec un impact de l’IA jugé moyen.","Aime configurer et réparer | Est patient | Aime comprendre les systèmes | Aime résoudre des incidents","Informatique | Culture numérique | Anglais technique | Projet pratique","Linux | Windows Server | Virtualisation | Scripting | Sauvegarde | Support technique | Prototypage | Design system","Curiosité | Autonomie | Organisation | Communication | Esprit critique | Apprentissage continu","Linux | Windows Server | VMware | Docker | PowerShell | Bash | Figma | Canva","UX/UI Designer | Product Designer | Web Designer","Apprendre les bases Windows/Linux | Pratiquer la virtualisation | Faire du scripting simple | Étudier la sauvegarde et sécurité | Gérer un mini-lab serveur","OFPPT Systèmes et Réseaux | BTS/EST Informatique | ENSA/INPT | Certifications Linux/Microsoft","Certification débutant liée au domaine | Cours en ligne avec projet pratique | Portfolio personnel | Participation à hackathon/club informatique","Haute","Haute","Moyen","Très fort","Moyen","2","3","1","2","3","4","5500","11000","12000","24000","Estimation pédagogique mensuelle en MAD, à vérifier et mettre à jour selon la ville, l’expérience, l’entreprise et l’année.","Bonnes perspectives d’apprentissage | Possibilité de créer des projets concrets | Compétences utiles dans plusieurs secteurs","Nécessite une pratique régulière | Demande une veille technologique | Peut devenir difficile sans projets réels","Commence par les bases, réalise un petit projet lié à Administration Systèmes Linux/Unix, puis documente ton travail dans un portfolio.","Créer une fiche de veille | Réaliser un mini-projet appliqué | Présenter le domaine à ses camarades | Comparer 3 métiers associés","Administration Systèmes Linux/Unix | Systèmes & Administration | Linux | Windows Server | Virtualisation | Scripting | Sauvegarde | UX/UI Designer | Product Designer | Web Designer","84","Publié"
"85","administration-windows-server","Administration Windows Server","Systèmes & Administration","Découvre Administration Windows Server : une spécialité du numérique pour comprendre, explorer, comparer et construire ton parcours.","Ce domaine consiste à installation, maintenance et sécurisation des serveurs, postes de travail et environnements informatiques. Il permet à l’élève de relier ses centres d’intérêt avec des métiers numériques concrets.","Important car la demande est haute au Maroc et haute à l’international, avec un impact de l’IA jugé moyen.","Aime configurer et réparer | Est patient | Aime comprendre les systèmes | Aime résoudre des incidents","Informatique | Culture numérique | Anglais technique | Projet pratique","Linux | Windows Server | Virtualisation | Scripting | Sauvegarde | Support technique","Curiosité | Autonomie | Organisation | Communication | Esprit critique | Apprentissage continu","Linux | Windows Server | VMware | Docker | PowerShell | Bash","Administrateur système | Technicien support | SysAdmin Linux | Ingénieur systèmes | Support IT","Apprendre les bases Windows/Linux | Pratiquer la virtualisation | Faire du scripting simple | Étudier la sauvegarde et sécurité | Gérer un mini-lab serveur","OFPPT Systèmes et Réseaux | BTS/EST Informatique | ENSA/INPT | Certifications Linux/Microsoft","Certification débutant liée au domaine | Cours en ligne avec projet pratique | Portfolio personnel | Participation à hackathon/club informatique","Haute","Haute","Moyen","Très fort","Moyen","2","3","1","2","3","4","5500","11000","12000","24000","Estimation pédagogique mensuelle en MAD, à vérifier et mettre à jour selon la ville, l’expérience, l’entreprise et l’année.","Bonnes perspectives d’apprentissage | Possibilité de créer des projets concrets | Compétences utiles dans plusieurs secteurs","Nécessite une pratique régulière | Demande une veille technologique | Peut devenir difficile sans projets réels","Commence par les bases, réalise un petit projet lié à Administration Windows Server, puis documente ton travail dans un portfolio.","Créer une fiche de veille | Réaliser un mini-projet appliqué | Présenter le domaine à ses camarades | Comparer 3 métiers associés","Administration Windows Server | Systèmes & Administration | Linux | Windows Server | Virtualisation | Scripting | Sauvegarde | Administrateur système | Technicien support | SysAdmin Linux","85","Publié"
"86","active-directory-ldap","Active Directory & LDAP","Systèmes & Administration","Découvre Active Directory & LDAP : une spécialité du numérique pour comprendre, explorer, comparer et construire ton parcours.","Ce domaine consiste à installation, maintenance et sécurisation des serveurs, postes de travail et environnements informatiques. Il permet à l’élève de relier ses centres d’intérêt avec des métiers numériques concrets.","Important car la demande est haute au Maroc et haute à l’international, avec un impact de l’IA jugé moyen.","Aime configurer et réparer | Est patient | Aime comprendre les systèmes | Aime résoudre des incidents","Informatique | Culture numérique | Anglais technique | Projet pratique","Linux | Windows Server | Virtualisation | Scripting | Sauvegarde | Support technique","Curiosité | Autonomie | Organisation | Communication | Esprit critique | Apprentissage continu","Linux | Windows Server | VMware | Docker | PowerShell | Bash","Administrateur système | Technicien support | SysAdmin Linux | Ingénieur systèmes | Support IT","Apprendre les bases Windows/Linux | Pratiquer la virtualisation | Faire du scripting simple | Étudier la sauvegarde et sécurité | Gérer un mini-lab serveur","OFPPT Systèmes et Réseaux | BTS/EST Informatique | ENSA/INPT | Certifications Linux/Microsoft","Certification débutant liée au domaine | Cours en ligne avec projet pratique | Portfolio personnel | Participation à hackathon/club informatique","Haute","Haute","Moyen","Très fort","Moyen","2","3","1","2","3","4","5500","11000","12000","24000","Estimation pédagogique mensuelle en MAD, à vérifier et mettre à jour selon la ville, l’expérience, l’entreprise et l’année.","Bonnes perspectives d’apprentissage | Possibilité de créer des projets concrets | Compétences utiles dans plusieurs secteurs","Nécessite une pratique régulière | Demande une veille technologique | Peut devenir difficile sans projets réels","Commence par les bases, réalise un petit projet lié à Active Directory & LDAP, puis documente ton travail dans un portfolio.","Créer une fiche de veille | Réaliser un mini-projet appliqué | Présenter le domaine à ses camarades | Comparer 3 métiers associés","Active Directory & LDAP | Systèmes & Administration | Linux | Windows Server | Virtualisation | Scripting | Sauvegarde | Administrateur système | Technicien support | SysAdmin Linux","86","Publié"
"87","scripting-bash-powershell-python","Scripting (Bash, PowerShell, Python)","Systèmes & Administration","Découvre Scripting (Bash, PowerShell, Python) : une spécialité du numérique pour comprendre, explorer, comparer et construire ton parcours.","Ce domaine consiste à installation, maintenance et sécurisation des serveurs, postes de travail et environnements informatiques. Il permet à l’élève de relier ses centres d’intérêt avec des métiers numériques concrets.","Important car la demande est très haute au Maroc et très haute à l’international, avec un impact de l’IA jugé moyen.","Aime configurer et réparer | Est patient | Aime comprendre les systèmes | Aime résoudre des incidents","Informatique | Culture numérique | Anglais technique | Projet pratique","Linux | Windows Server | Virtualisation | Scripting | Sauvegarde | Support technique","Curiosité | Autonomie | Organisation | Communication | Esprit critique | Apprentissage continu","Linux | Windows Server | VMware | Docker | PowerShell | Bash","Administrateur système | Technicien support | SysAdmin Linux | Ingénieur systèmes | Support IT","Apprendre les bases Windows/Linux | Pratiquer la virtualisation | Faire du scripting simple | Étudier la sauvegarde et sécurité | Gérer un mini-lab serveur","OFPPT Systèmes et Réseaux | BTS/EST Informatique | ENSA/INPT | Certifications Linux/Microsoft","Certification débutant liée au domaine | Cours en ligne avec projet pratique | Portfolio personnel | Participation à hackathon/club informatique","Très haute","Très haute","Moyen","Excellent","Moyen","2","3","1","2","3","4","6000","12000","13000","26000","Estimation pédagogique mensuelle en MAD, à vérifier et mettre à jour selon la ville, l’expérience, l’entreprise et l’année.","Bonnes perspectives d’apprentissage | Possibilité de créer des projets concrets | Compétences utiles dans plusieurs secteurs","Nécessite une pratique régulière | Demande une veille technologique | Peut devenir difficile sans projets réels","Commence par les bases, réalise un petit projet lié à Scripting (Bash, PowerShell, Python), puis documente ton travail dans un portfolio.","Créer une fiche de veille | Réaliser un mini-projet appliqué | Présenter le domaine à ses camarades | Comparer 3 métiers associés","Scripting (Bash, PowerShell, Python) | Systèmes & Administration | Linux | Windows Server | Virtualisation | Scripting | Sauvegarde | Administrateur système | Technicien support | SysAdmin Linux","87","Publié"
"88","gestion-des-sauvegardes-pca-pra","Gestion des Sauvegardes & PCA/PRA","Systèmes & Administration","Découvre Gestion des Sauvegardes & PCA/PRA : une spécialité du numérique pour comprendre, explorer, comparer et construire ton parcours.","Ce domaine consiste à installation, maintenance et sécurisation des serveurs, postes de travail et environnements informatiques. Il permet à l’élève de relier ses centres d’intérêt avec des métiers numériques concrets.","Important car la demande est moyenne au Maroc et moyenne à l’international, avec un impact de l’IA jugé moyen.","Aime configurer et réparer | Est patient | Aime comprendre les systèmes | Aime résoudre des incidents","Informatique | Culture numérique | Anglais technique | Projet pratique","Linux | Windows Server | Virtualisation | Scripting | Sauvegarde | Support technique","Curiosité | Autonomie | Organisation | Communication | Esprit critique | Apprentissage continu","Linux | Windows Server | VMware | Docker | PowerShell | Bash","Administrateur système | Technicien support | SysAdmin Linux | Ingénieur systèmes | Support IT","Apprendre les bases Windows/Linux | Pratiquer la virtualisation | Faire du scripting simple | Étudier la sauvegarde et sécurité | Gérer un mini-lab serveur","OFPPT Systèmes et Réseaux | BTS/EST Informatique | ENSA/INPT | Certifications Linux/Microsoft","Certification débutant liée au domaine | Cours en ligne avec projet pratique | Portfolio personnel | Participation à hackathon/club informatique","Moyenne","Moyenne","Moyen","Fort","Moyen","2","3","1","2","3","4","5000","10000","11000","22000","Estimation pédagogique mensuelle en MAD, à vérifier et mettre à jour selon la ville, l’expérience, l’entreprise et l’année.","Bonnes perspectives d’apprentissage | Possibilité de créer des projets concrets | Compétences utiles dans plusieurs secteurs","Nécessite une pratique régulière | Demande une veille technologique | Peut devenir difficile sans projets réels","Commence par les bases, réalise un petit projet lié à Gestion des Sauvegardes & PCA/PRA, puis documente ton travail dans un portfolio.","Créer une fiche de veille | Réaliser un mini-projet appliqué | Présenter le domaine à ses camarades | Comparer 3 métiers associés","Gestion des Sauvegardes & PCA/PRA | Systèmes & Administration | Linux | Windows Server | Virtualisation | Scripting | Sauvegarde | Administrateur système | Technicien support | SysAdmin Linux","88","Publié"
"89","monitoring-observabilite-grafana-prometheus","Monitoring & Observabilité (Grafana/Prometheus)","Systèmes & Administration","Découvre Monitoring & Observabilité (Grafana/Prometheus) : une spécialité du numérique pour comprendre, explorer, comparer et construire ton parcours.","Ce domaine consiste à installation, maintenance et sécurisation des serveurs, postes de travail et environnements informatiques. Il permet à l’élève de relier ses centres d’intérêt avec des métiers numériques concrets.","Important car la demande est moyenne au Maroc et haute à l’international, avec un impact de l’IA jugé moyen.","Aime configurer et réparer | Est patient | Aime comprendre les systèmes | Aime résoudre des incidents","Informatique | Culture numérique | Anglais technique | Projet pratique","Linux | Windows Server | Virtualisation | Scripting | Sauvegarde | Support technique","Curiosité | Autonomie | Organisation | Communication | Esprit critique | Apprentissage continu","Linux | Windows Server | VMware | Docker | PowerShell | Bash","Administrateur système | Technicien support | SysAdmin Linux | Ingénieur systèmes | Support IT","Apprendre les bases Windows/Linux | Pratiquer la virtualisation | Faire du scripting simple | Étudier la sauvegarde et sécurité | Gérer un mini-lab serveur","OFPPT Systèmes et Réseaux | BTS/EST Informatique | ENSA/INPT | Certifications Linux/Microsoft","Certification débutant liée au domaine | Cours en ligne avec projet pratique | Portfolio personnel | Participation à hackathon/club informatique","Haute","Moyenne","Moyen","Fort","Moyen","2","3","1","2","3","4","5500","11000","12000","24000","Estimation pédagogique mensuelle en MAD, à vérifier et mettre à jour selon la ville, l’expérience, l’entreprise et l’année.","Bonnes perspectives d’apprentissage | Possibilité de créer des projets concrets | Compétences utiles dans plusieurs secteurs","Nécessite une pratique régulière | Demande une veille technologique | Peut devenir difficile sans projets réels","Commence par les bases, réalise un petit projet lié à Monitoring & Observabilité (Grafana/Prometheus), puis documente ton travail dans un portfolio.","Créer une fiche de veille | Réaliser un mini-projet appliqué | Présenter le domaine à ses camarades | Comparer 3 métiers associés","Monitoring & Observabilité (Grafana/Prometheus) | Systèmes & Administration | Linux | Windows Server | Virtualisation | Scripting | Sauvegarde | Administrateur système | Technicien support | SysAdmin Linux","89","Publié"
"90","itil-itsm-gestion-des-services-it","ITIL & ITSM (Gestion des Services IT)","Systèmes & Administration","Découvre ITIL & ITSM (Gestion des Services IT) : une spécialité du numérique pour comprendre, explorer, comparer et construire ton parcours.","Ce domaine consiste à installation, maintenance et sécurisation des serveurs, postes de travail et environnements informatiques. Il permet à l’élève de relier ses centres d’intérêt avec des métiers numériques concrets.","Important car la demande est moyenne au Maroc et moyenne à l’international, avec un impact de l’IA jugé moyen.","Aime configurer et réparer | Est patient | Aime comprendre les systèmes | Aime résoudre des incidents","Informatique | Culture numérique | Anglais technique | Projet pratique","Linux | Windows Server | Virtualisation | Scripting | Sauvegarde | Support technique","Curiosité | Autonomie | Organisation | Communication | Esprit critique | Apprentissage continu","Linux | Windows Server | VMware | Docker | PowerShell | Bash","Administrateur système | Technicien support | SysAdmin Linux | Ingénieur systèmes | Support IT","Apprendre les bases Windows/Linux | Pratiquer la virtualisation | Faire du scripting simple | Étudier la sauvegarde et sécurité | Gérer un mini-lab serveur","OFPPT Systèmes et Réseaux | BTS/EST Informatique | ENSA/INPT | Certifications Linux/Microsoft","Certification débutant liée au domaine | Cours en ligne avec projet pratique | Portfolio personnel | Participation à hackathon/club informatique","Moyenne","Moyenne","Moyen","Fort","Moyen","2","3","1","2","3","4","5000","10000","11000","22000","Estimation pédagogique mensuelle en MAD, à vérifier et mettre à jour selon la ville, l’expérience, l’entreprise et l’année.","Bonnes perspectives d’apprentissage | Possibilité de créer des projets concrets | Compétences utiles dans plusieurs secteurs","Nécessite une pratique régulière | Demande une veille technologique | Peut devenir difficile sans projets réels","Commence par les bases, réalise un petit projet lié à ITIL & ITSM (Gestion des Services IT), puis documente ton travail dans un portfolio.","Créer une fiche de veille | Réaliser un mini-projet appliqué | Présenter le domaine à ses camarades | Comparer 3 métiers associés","ITIL & ITSM (Gestion des Services IT) | Systèmes & Administration | Linux | Windows Server | Virtualisation | Scripting | Sauvegarde | Administrateur système | Technicien support | SysAdmin Linux","90","Publié"
"91","conception-de-bases-de-donnees-relationnelles","Conception de Bases de Données Relationnelles","Bases de Données","Découvre Conception de Bases de Données Relationnelles : une spécialité du numérique pour comprendre, explorer, comparer et construire ton parcours.","Ce domaine consiste à organisation, stockage, sécurisation et optimisation des données utilisées par les applications et les entreprises. Il permet à l’élève de relier ses centres d’intérêt avec des métiers numériques concrets.","Important car la demande est très haute au Maroc et très haute à l’international, avec un impact de l’IA jugé moyen.","Aime organiser l’information | Est précis | Aime les requêtes logiques | Aime garantir la qualité des données","Informatique | Mathématiques | Anglais technique | Projet pratique","SQL | Modélisation de données | Optimisation | Sauvegarde | Sécurité des données | Analyse","Curiosité | Autonomie | Organisation | Communication | Esprit critique | Apprentissage continu","MySQL | PostgreSQL | MongoDB | Oracle | SQL Server | Redis","Database Administrator | Data Engineer | Développeur SQL | BI Developer | Architecte Data","Apprendre SQL | Modéliser une base relationnelle | Créer un projet avec MySQL/PostgreSQL | Apprendre sauvegarde et sécurité | Optimiser les requêtes","FST/EST Informatique | Masters Data/BI | Formations Oracle/Microsoft SQL | ENSA/ENSIAS","Certification débutant liée au domaine | Cours en ligne avec projet pratique | Portfolio personnel | Participation à hackathon/club informatique","Très haute","Très haute","Moyen","Excellent","Moyen","3","4","3","2","3","4","6000","12000","13000","26000","Estimation pédagogique mensuelle en MAD, à vérifier et mettre à jour selon la ville, l’expérience, l’entreprise et l’année.","Bonnes perspectives d’apprentissage | Possibilité de créer des projets concrets | Compétences utiles dans plusieurs secteurs | Compatible avec le travail à distance","Nécessite une pratique régulière | Demande une veille technologique | Peut devenir difficile sans projets réels","Commence par les bases, réalise un petit projet lié à Conception de Bases de Données Relationnelles, puis documente ton travail dans un portfolio.","Créer une fiche de veille | Réaliser un mini-projet appliqué | Présenter le domaine à ses camarades | Comparer 3 métiers associés","Conception de Bases de Données Relationnelles | Bases de Données | SQL | Modélisation de données | Optimisation | Sauvegarde | Sécurité des données | Database Administrator | Data Engineer | Développeur SQL","91","Publié"
"92","sql-avance-postgresql-mysql-oracle","SQL Avancé (PostgreSQL, MySQL, Oracle)","Bases de Données","Découvre SQL Avancé (PostgreSQL, MySQL, Oracle) : une spécialité du numérique pour comprendre, explorer, comparer et construire ton parcours.","Ce domaine consiste à organisation, stockage, sécurisation et optimisation des données utilisées par les applications et les entreprises. Il permet à l’élève de relier ses centres d’intérêt avec des métiers numériques concrets.","Important car la demande est très haute au Maroc et très haute à l’international, avec un impact de l’IA jugé moyen.","Aime organiser l’information | Est précis | Aime les requêtes logiques | Aime garantir la qualité des données","Informatique | Mathématiques | Anglais technique | Projet pratique","SQL | Modélisation de données | Optimisation | Sauvegarde | Sécurité des données | Analyse","Curiosité | Autonomie | Organisation | Communication | Esprit critique | Apprentissage continu","MySQL | PostgreSQL | MongoDB | Oracle | SQL Server | Redis","Database Administrator | Data Engineer | Développeur SQL | BI Developer | Architecte Data","Apprendre SQL | Modéliser une base relationnelle | Créer un projet avec MySQL/PostgreSQL | Apprendre sauvegarde et sécurité | Optimiser les requêtes","FST/EST Informatique | Masters Data/BI | Formations Oracle/Microsoft SQL | ENSA/ENSIAS","Certification débutant liée au domaine | Cours en ligne avec projet pratique | Portfolio personnel | Participation à hackathon/club informatique","Très haute","Très haute","Moyen","Excellent","Moyen","3","4","3","2","3","4","6000","12000","13000","26000","Estimation pédagogique mensuelle en MAD, à vérifier et mettre à jour selon la ville, l’expérience, l’entreprise et l’année.","Bonnes perspectives d’apprentissage | Possibilité de créer des projets concrets | Compétences utiles dans plusieurs secteurs | Compatible avec le travail à distance","Nécessite une pratique régulière | Demande une veille technologique | Peut devenir difficile sans projets réels","Commence par les bases, réalise un petit projet lié à SQL Avancé (PostgreSQL, MySQL, Oracle), puis documente ton travail dans un portfolio.","Créer une fiche de veille | Réaliser un mini-projet appliqué | Présenter le domaine à ses camarades | Comparer 3 métiers associés","SQL Avancé (PostgreSQL, MySQL, Oracle) | Bases de Données | SQL | Modélisation de données | Optimisation | Sauvegarde | Sécurité des données | Database Administrator | Data Engineer | Développeur SQL","92","Publié"
"93","bases-de-donnees-nosql-mongodb-cassandra","Bases de Données NoSQL (MongoDB, Cassandra)","Bases de Données","Découvre Bases de Données NoSQL (MongoDB, Cassandra) : une spécialité du numérique pour comprendre, explorer, comparer et construire ton parcours.","Ce domaine consiste à organisation, stockage, sécurisation et optimisation des données utilisées par les applications et les entreprises. Il permet à l’élève de relier ses centres d’intérêt avec des métiers numériques concrets.","Important car la demande est haute au Maroc et très haute à l’international, avec un impact de l’IA jugé moyen.","Aime organiser l’information | Est précis | Aime les requêtes logiques | Aime garantir la qualité des données","Informatique | Mathématiques | Anglais technique | Projet pratique","SQL | Modélisation de données | Optimisation | Sauvegarde | Sécurité des données | Analyse","Curiosité | Autonomie | Organisation | Communication | Esprit critique | Apprentissage continu","MySQL | PostgreSQL | MongoDB | Oracle | SQL Server | Redis","Database Administrator | Data Engineer | Développeur SQL | BI Developer | Architecte Data","Apprendre SQL | Modéliser une base relationnelle | Créer un projet avec MySQL/PostgreSQL | Apprendre sauvegarde et sécurité | Optimiser les requêtes","FST/EST Informatique | Masters Data/BI | Formations Oracle/Microsoft SQL | ENSA/ENSIAS","Certification débutant liée au domaine | Cours en ligne avec projet pratique | Portfolio personnel | Participation à hackathon/club informatique","Très haute","Haute","Moyen","Très fort","Moyen","3","4","3","2","3","4","6000","12000","13000","26000","Estimation pédagogique mensuelle en MAD, à vérifier et mettre à jour selon la ville, l’expérience, l’entreprise et l’année.","Bonnes perspectives d’apprentissage | Possibilité de créer des projets concrets | Compétences utiles dans plusieurs secteurs | Compatible avec le travail à distance","Nécessite une pratique régulière | Demande une veille technologique | Peut devenir difficile sans projets réels","Commence par les bases, réalise un petit projet lié à Bases de Données NoSQL (MongoDB, Cassandra), puis documente ton travail dans un portfolio.","Créer une fiche de veille | Réaliser un mini-projet appliqué | Présenter le domaine à ses camarades | Comparer 3 métiers associés","Bases de Données NoSQL (MongoDB, Cassandra) | Bases de Données | SQL | Modélisation de données | Optimisation | Sauvegarde | Sécurité des données | Database Administrator | Data Engineer | Développeur SQL","93","Publié"
"94","bases-de-donnees-graphes-neo4j","Bases de Données Graphes (Neo4j)","Bases de Données","Découvre Bases de Données Graphes (Neo4j) : une spécialité du numérique pour comprendre, explorer, comparer et construire ton parcours.","Ce domaine consiste à organisation, stockage, sécurisation et optimisation des données utilisées par les applications et les entreprises. Il permet à l’élève de relier ses centres d’intérêt avec des métiers numériques concrets.","Important car la demande est faible au Maroc et moyenne à l’international, avec un impact de l’IA jugé moyen.","Aime organiser l’information | Est précis | Aime les requêtes logiques | Aime garantir la qualité des données","Informatique | Mathématiques | Anglais technique | Projet pratique","SQL | Modélisation de données | Optimisation | Sauvegarde | Sécurité des données | Analyse","Curiosité | Autonomie | Organisation | Communication | Esprit critique | Apprentissage continu","MySQL | PostgreSQL | MongoDB | Oracle | SQL Server | Redis","Database Administrator | Data Engineer | Développeur SQL | BI Developer | Architecte Data","Apprendre SQL | Modéliser une base relationnelle | Créer un projet avec MySQL/PostgreSQL | Apprendre sauvegarde et sécurité | Optimiser les requêtes","FST/EST Informatique | Masters Data/BI | Formations Oracle/Microsoft SQL | ENSA/ENSIAS","Certification débutant liée au domaine | Cours en ligne avec projet pratique | Portfolio personnel | Participation à hackathon/club informatique","Moyenne","Faible","Moyen","Moyen","Moyen","3","4","3","2","3","4","5000","10000","11000","22000","Estimation pédagogique mensuelle en MAD, à vérifier et mettre à jour selon la ville, l’expérience, l’entreprise et l’année.","Bonnes perspectives d’apprentissage | Possibilité de créer des projets concrets | Compétences utiles dans plusieurs secteurs | Compatible avec le travail à distance","Nécessite une pratique régulière | Demande une veille technologique | Peut devenir difficile sans projets réels","Commence par les bases, réalise un petit projet lié à Bases de Données Graphes (Neo4j), puis documente ton travail dans un portfolio.","Créer une fiche de veille | Réaliser un mini-projet appliqué | Présenter le domaine à ses camarades | Comparer 3 métiers associés","Bases de Données Graphes (Neo4j) | Bases de Données | SQL | Modélisation de données | Optimisation | Sauvegarde | Sécurité des données | Database Administrator | Data Engineer | Développeur SQL","94","Publié"
"95","bases-de-donnees-temps-reel-redis","Bases de Données Temps Réel (Redis)","Bases de Données","Découvre Bases de Données Temps Réel (Redis) : une spécialité du numérique pour comprendre, explorer, comparer et construire ton parcours.","Ce domaine consiste à organisation, stockage, sécurisation et optimisation des données utilisées par les applications et les entreprises. Il permet à l’élève de relier ses centres d’intérêt avec des métiers numériques concrets.","Important car la demande est moyenne au Maroc et haute à l’international, avec un impact de l’IA jugé moyen.","Aime organiser l’information | Est précis | Aime les requêtes logiques | Aime garantir la qualité des données","Informatique | Mathématiques | Anglais technique | Projet pratique","SQL | Modélisation de données | Optimisation | Sauvegarde | Sécurité des données | Analyse","Curiosité | Autonomie | Organisation | Communication | Esprit critique | Apprentissage continu","MySQL | PostgreSQL | MongoDB | Oracle | SQL Server | Redis","Database Administrator | Data Engineer | Développeur SQL | BI Developer | Architecte Data","Apprendre SQL | Modéliser une base relationnelle | Créer un projet avec MySQL/PostgreSQL | Apprendre sauvegarde et sécurité | Optimiser les requêtes","FST/EST Informatique | Masters Data/BI | Formations Oracle/Microsoft SQL | ENSA/ENSIAS","Certification débutant liée au domaine | Cours en ligne avec projet pratique | Portfolio personnel | Participation à hackathon/club informatique","Haute","Moyenne","Moyen","Fort","Moyen","3","4","3","2","3","4","5500","11000","12000","24000","Estimation pédagogique mensuelle en MAD, à vérifier et mettre à jour selon la ville, l’expérience, l’entreprise et l’année.","Bonnes perspectives d’apprentissage | Possibilité de créer des projets concrets | Compétences utiles dans plusieurs secteurs | Compatible avec le travail à distance","Nécessite une pratique régulière | Demande une veille technologique | Peut devenir difficile sans projets réels","Commence par les bases, réalise un petit projet lié à Bases de Données Temps Réel (Redis), puis documente ton travail dans un portfolio.","Créer une fiche de veille | Réaliser un mini-projet appliqué | Présenter le domaine à ses camarades | Comparer 3 métiers associés","Bases de Données Temps Réel (Redis) | Bases de Données | SQL | Modélisation de données | Optimisation | Sauvegarde | Sécurité des données | Database Administrator | Data Engineer | Développeur SQL","95","Publié"
"96","bases-de-donnees-vectorielles-ia","Bases de Données Vectorielles (IA)","Bases de Données","Découvre Bases de Données Vectorielles (IA) : une spécialité du numérique pour comprendre, explorer, comparer et construire ton parcours.","Ce domaine consiste à organisation, stockage, sécurisation et optimisation des données utilisées par les applications et les entreprises. Il permet à l’élève de relier ses centres d’intérêt avec des métiers numériques concrets.","Important car la demande est moyenne au Maroc et très haute à l’international, avec un impact de l’IA jugé très fort.","Aime organiser l’information | Est précis | Aime les requêtes logiques | Aime garantir la qualité des données","Informatique | Mathématiques | Anglais technique | Projet pratique","SQL | Modélisation de données | Optimisation | Sauvegarde | Sécurité des données | Analyse","Curiosité | Autonomie | Organisation | Communication | Esprit critique | Apprentissage continu","MySQL | PostgreSQL | MongoDB | Oracle | SQL Server | Redis","Database Administrator | Data Engineer | Développeur SQL | BI Developer | Architecte Data","Apprendre SQL | Modéliser une base relationnelle | Créer un projet avec MySQL/PostgreSQL | Apprendre sauvegarde et sécurité | Optimiser les requêtes","FST/EST Informatique | Masters Data/BI | Formations Oracle/Microsoft SQL | ENSA/ENSIAS","Certification débutant liée au domaine | Cours en ligne avec projet pratique | Portfolio personnel | Participation à hackathon/club informatique","Très haute","Moyenne","Moyen","Très fort","Très fort","3","4","3","2","3","4","6000","12000","13000","26000","Estimation pédagogique mensuelle en MAD, à vérifier et mettre à jour selon la ville, l’expérience, l’entreprise et l’année.","Bonnes perspectives d’apprentissage | Possibilité de créer des projets concrets | Compétences utiles dans plusieurs secteurs | Compatible avec le travail à distance","Nécessite une pratique régulière | Demande une veille technologique | Peut devenir difficile sans projets réels","Commence par les bases, réalise un petit projet lié à Bases de Données Vectorielles (IA), puis documente ton travail dans un portfolio.","Créer une fiche de veille | Réaliser un mini-projet appliqué | Présenter le domaine à ses camarades | Comparer 3 métiers associés","Bases de Données Vectorielles (IA) | Bases de Données | SQL | Modélisation de données | Optimisation | Sauvegarde | Sécurité des données | Database Administrator | Data Engineer | Développeur SQL","96","Publié"
"97","data-lake-data-lakehouse","Data Lake & Data Lakehouse","Bases de Données","Découvre Data Lake & Data Lakehouse : une spécialité du numérique pour comprendre, explorer, comparer et construire ton parcours.","Ce domaine consiste à organisation, stockage, sécurisation et optimisation des données utilisées par les applications et les entreprises. Il permet à l’élève de relier ses centres d’intérêt avec des métiers numériques concrets.","Important car la demande est moyenne au Maroc et haute à l’international, avec un impact de l’IA jugé très fort.","Aime organiser l’information | Est précis | Aime les requêtes logiques | Aime garantir la qualité des données","Informatique | Mathématiques | Anglais technique | Projet pratique","SQL | Modélisation de données | Optimisation | Sauvegarde | Sécurité des données | Analyse","Curiosité | Autonomie | Organisation | Communication | Esprit critique | Apprentissage continu","MySQL | PostgreSQL | MongoDB | Oracle | SQL Server | Redis","Database Administrator | Data Engineer | Développeur SQL | BI Developer | Architecte Data","Apprendre SQL | Modéliser une base relationnelle | Créer un projet avec MySQL/PostgreSQL | Apprendre sauvegarde et sécurité | Optimiser les requêtes","FST/EST Informatique | Masters Data/BI | Formations Oracle/Microsoft SQL | ENSA/ENSIAS","Certification débutant liée au domaine | Cours en ligne avec projet pratique | Portfolio personnel | Participation à hackathon/club informatique","Haute","Moyenne","Moyen","Très fort","Très fort","3","4","3","2","3","4","5500","11000","12000","24000","Estimation pédagogique mensuelle en MAD, à vérifier et mettre à jour selon la ville, l’expérience, l’entreprise et l’année.","Bonnes perspectives d’apprentissage | Possibilité de créer des projets concrets | Compétences utiles dans plusieurs secteurs | Compatible avec le travail à distance","Nécessite une pratique régulière | Demande une veille technologique | Peut devenir difficile sans projets réels","Commence par les bases, réalise un petit projet lié à Data Lake & Data Lakehouse, puis documente ton travail dans un portfolio.","Créer une fiche de veille | Réaliser un mini-projet appliqué | Présenter le domaine à ses camarades | Comparer 3 métiers associés","Data Lake & Data Lakehouse | Bases de Données | SQL | Modélisation de données | Optimisation | Sauvegarde | Sécurité des données | Database Administrator | Data Engineer | Développeur SQL","97","Publié"
"98","database-administration-dba","Database Administration (DBA)","Bases de Données","Découvre Database Administration (DBA) : une spécialité du numérique pour comprendre, explorer, comparer et construire ton parcours.","Ce domaine consiste à organisation, stockage, sécurisation et optimisation des données utilisées par les applications et les entreprises. Il permet à l’élève de relier ses centres d’intérêt avec des métiers numériques concrets.","Important car la demande est haute au Maroc et haute à l’international, avec un impact de l’IA jugé très fort.","Aime organiser l’information | Est précis | Aime les requêtes logiques | Aime garantir la qualité des données","Informatique | Mathématiques | Anglais technique | Projet pratique","SQL | Modélisation de données | Optimisation | Sauvegarde | Sécurité des données | Analyse","Curiosité | Autonomie | Organisation | Communication | Esprit critique | Apprentissage continu","MySQL | PostgreSQL | MongoDB | Oracle | SQL Server | Redis","Database Administrator | Data Engineer | Développeur SQL | BI Developer | Architecte Data","Apprendre SQL | Modéliser une base relationnelle | Créer un projet avec MySQL/PostgreSQL | Apprendre sauvegarde et sécurité | Optimiser les requêtes","FST/EST Informatique | Masters Data/BI | Formations Oracle/Microsoft SQL | ENSA/ENSIAS","Certification débutant liée au domaine | Cours en ligne avec projet pratique | Portfolio personnel | Participation à hackathon/club informatique","Haute","Haute","Moyen","Très fort","Très fort","3","4","3","2","3","4","5500","11000","12000","24000","Estimation pédagogique mensuelle en MAD, à vérifier et mettre à jour selon la ville, l’expérience, l’entreprise et l’année.","Bonnes perspectives d’apprentissage | Possibilité de créer des projets concrets | Compétences utiles dans plusieurs secteurs | Compatible avec le travail à distance","Nécessite une pratique régulière | Demande une veille technologique | Peut devenir difficile sans projets réels","Commence par les bases, réalise un petit projet lié à Database Administration (DBA), puis documente ton travail dans un portfolio.","Créer une fiche de veille | Réaliser un mini-projet appliqué | Présenter le domaine à ses camarades | Comparer 3 métiers associés","Database Administration (DBA) | Bases de Données | SQL | Modélisation de données | Optimisation | Sauvegarde | Sécurité des données | Database Administrator | Data Engineer | Développeur SQL","98","Publié"
"99","olap-systemes-analytiques","OLAP & Systèmes Analytiques","Bases de Données","Découvre OLAP & Systèmes Analytiques : une spécialité du numérique pour comprendre, explorer, comparer et construire ton parcours.","Ce domaine consiste à organisation, stockage, sécurisation et optimisation des données utilisées par les applications et les entreprises. Il permet à l’élève de relier ses centres d’intérêt avec des métiers numériques concrets.","Important car la demande est moyenne au Maroc et moyenne à l’international, avec un impact de l’IA jugé moyen.","Aime organiser l’information | Est précis | Aime les requêtes logiques | Aime garantir la qualité des données","Informatique | Mathématiques | Anglais technique | Projet pratique","SQL | Modélisation de données | Optimisation | Sauvegarde | Sécurité des données | Analyse","Curiosité | Autonomie | Organisation | Communication | Esprit critique | Apprentissage continu","MySQL | PostgreSQL | MongoDB | Oracle | SQL Server | Redis","Database Administrator | Data Engineer | Développeur SQL | BI Developer | Architecte Data","Apprendre SQL | Modéliser une base relationnelle | Créer un projet avec MySQL/PostgreSQL | Apprendre sauvegarde et sécurité | Optimiser les requêtes","FST/EST Informatique | Masters Data/BI | Formations Oracle/Microsoft SQL | ENSA/ENSIAS","Certification débutant liée au domaine | Cours en ligne avec projet pratique | Portfolio personnel | Participation à hackathon/club informatique","Moyenne","Moyenne","Moyen","Fort","Moyen","3","4","3","2","3","4","5000","10000","11000","22000","Estimation pédagogique mensuelle en MAD, à vérifier et mettre à jour selon la ville, l’expérience, l’entreprise et l’année.","Bonnes perspectives d’apprentissage | Possibilité de créer des projets concrets | Compétences utiles dans plusieurs secteurs | Compatible avec le travail à distance","Nécessite une pratique régulière | Demande une veille technologique | Peut devenir difficile sans projets réels","Commence par les bases, réalise un petit projet lié à OLAP & Systèmes Analytiques, puis documente ton travail dans un portfolio.","Créer une fiche de veille | Réaliser un mini-projet appliqué | Présenter le domaine à ses camarades | Comparer 3 métiers associés","OLAP & Systèmes Analytiques | Bases de Données | SQL | Modélisation de données | Optimisation | Sauvegarde | Sécurité des données | Database Administrator | Data Engineer | Développeur SQL","99","Publié"
"100","ux-design-user-experience","UX Design (User Experience)","UX/UI & Design","Découvre UX Design (User Experience) : une spécialité du numérique pour comprendre, explorer, comparer et construire ton parcours.","Ce domaine consiste à conception d’interfaces simples, utiles et agréables pour améliorer l’expérience utilisateur des applications. Il permet à l’élève de relier ses centres d’intérêt avec des métiers numériques concrets.","Important car la demande est haute au Maroc et très haute à l’international, avec un impact de l’IA jugé moyen.","Aime créer des choses visuelles | Aime comprendre les utilisateurs | Est créatif | Aime améliorer les interfaces","Informatique | Culture numérique | Français/communication | Projet pratique","Design thinking | Ergonomie | Figma | Communication visuelle | Recherche utilisateur | Prototypage | Design system","Curiosité | Autonomie | Organisation | Communication | Esprit critique | Apprentissage continu","Figma | Adobe XD | Illustrator | Canva | Miro | Notion","UX/UI Designer | Product Designer | Web Designer","Apprendre les principes UX | Pratiquer Figma | Analyser des interfaces | Créer 3 maquettes complètes | Construire un portfolio design","Formations design digital | Écoles de design | FST/EST avec projets web | Certifications UX/UI","Google UX Design | Figma UI/UX | Design Thinking | Accessibility basics","Très haute","Haute","Moyen","Très fort","Moyen","5","5","1","5","5","4","6000","12000","13000","26000","Estimation pédagogique mensuelle en MAD, à vérifier et mettre à jour selon la ville, l’expérience, l’entreprise et l’année.","Bonnes perspectives d’apprentissage | Possibilité de créer des projets concrets | Compétences utiles dans plusieurs secteurs | Compatible avec le travail à distance | Possibilité de freelance","Nécessite une pratique régulière | Demande une veille technologique | Peut devenir difficile sans projets réels","Commence par les bases, réalise un petit projet lié à UX Design (User Experience), puis documente ton travail dans un portfolio.","Créer une maquette Figma | Refaire l’interface d’une application | Faire un test utilisateur | Créer un design system simple","UX Design (User Experience) | UX/UI & Design | Design thinking | Ergonomie | Figma | Communication visuelle | Recherche utilisateur | UX/UI Designer | Product Designer | Web Designer","100","Publié"
"101","ui-design-user-interface","UI Design (User Interface)","UX/UI & Design","Découvre UI Design (User Interface) : une spécialité du numérique pour comprendre, explorer, comparer et construire ton parcours.","Ce domaine consiste à conception d’interfaces simples, utiles et agréables pour améliorer l’expérience utilisateur des applications. Il permet à l’élève de relier ses centres d’intérêt avec des métiers numériques concrets.","Important car la demande est haute au Maroc et très haute à l’international, avec un impact de l’IA jugé moyen.","Aime créer des choses visuelles | Aime comprendre les utilisateurs | Est créatif | Aime améliorer les interfaces","Informatique | Culture numérique | Français/communication | Projet pratique","Design thinking | Ergonomie | Figma | Communication visuelle | Recherche utilisateur | Prototypage | Design system","Curiosité | Autonomie | Organisation | Communication | Esprit critique | Apprentissage continu","Figma | Adobe XD | Illustrator | Canva | Miro | Notion","UX/UI Designer | Product Designer | Web Designer","Apprendre les principes UX | Pratiquer Figma | Analyser des interfaces | Créer 3 maquettes complètes | Construire un portfolio design","Formations design digital | Écoles de design | FST/EST avec projets web | Certifications UX/UI","Google UX Design | Figma UI/UX | Design Thinking | Accessibility basics","Très haute","Haute","Moyen","Très fort","Moyen","5","5","1","5","5","4","6000","12000","13000","26000","Estimation pédagogique mensuelle en MAD, à vérifier et mettre à jour selon la ville, l’expérience, l’entreprise et l’année.","Bonnes perspectives d’apprentissage | Possibilité de créer des projets concrets | Compétences utiles dans plusieurs secteurs | Compatible avec le travail à distance | Possibilité de freelance","Nécessite une pratique régulière | Demande une veille technologique | Peut devenir difficile sans projets réels","Commence par les bases, réalise un petit projet lié à UI Design (User Interface), puis documente ton travail dans un portfolio.","Créer une maquette Figma | Refaire l’interface d’une application | Faire un test utilisateur | Créer un design system simple","UI Design (User Interface) | UX/UI & Design | Design thinking | Ergonomie | Figma | Communication visuelle | Recherche utilisateur | UX/UI Designer | Product Designer | Web Designer","101","Publié"
"102","design-de-produit-numerique","Design de Produit Numérique","UX/UI & Design","Découvre Design de Produit Numérique : une spécialité du numérique pour comprendre, explorer, comparer et construire ton parcours.","Ce domaine consiste à conception d’interfaces simples, utiles et agréables pour améliorer l’expérience utilisateur des applications. Il permet à l’élève de relier ses centres d’intérêt avec des métiers numériques concrets.","Important car la demande est haute au Maroc et très haute à l’international, avec un impact de l’IA jugé moyen.","Aime créer des choses visuelles | Aime comprendre les utilisateurs | Est créatif | Aime améliorer les interfaces","Informatique | Culture numérique | Français/communication | Projet pratique","Design thinking | Ergonomie | Figma | Communication visuelle | Recherche utilisateur | Prototypage | Design system","Curiosité | Autonomie | Organisation | Communication | Esprit critique | Apprentissage continu","Figma | Adobe XD | Illustrator | Canva | Miro | Notion","UX/UI Designer | Product Designer | Web Designer","Apprendre les principes UX | Pratiquer Figma | Analyser des interfaces | Créer 3 maquettes complètes | Construire un portfolio design","Formations design digital | Écoles de design | FST/EST avec projets web | Certifications UX/UI","Google UX Design | Figma UI/UX | Design Thinking | Accessibility basics","Très haute","Haute","Moyen","Très fort","Moyen","5","5","1","5","5","4","6000","12000","13000","26000","Estimation pédagogique mensuelle en MAD, à vérifier et mettre à jour selon la ville, l’expérience, l’entreprise et l’année.","Bonnes perspectives d’apprentissage | Possibilité de créer des projets concrets | Compétences utiles dans plusieurs secteurs | Compatible avec le travail à distance | Possibilité de freelance","Nécessite une pratique régulière | Demande une veille technologique | Peut devenir difficile sans projets réels","Commence par les bases, réalise un petit projet lié à Design de Produit Numérique, puis documente ton travail dans un portfolio.","Créer une maquette Figma | Refaire l’interface d’une application | Faire un test utilisateur | Créer un design system simple","Design de Produit Numérique | UX/UI & Design | Design thinking | Ergonomie | Figma | Communication visuelle | Recherche utilisateur | UX/UI Designer | Product Designer | Web Designer","102","Publié"
"103","design-system-composants","Design System & Composants","UX/UI & Design","Découvre Design System & Composants : une spécialité du numérique pour comprendre, explorer, comparer et construire ton parcours.","Ce domaine consiste à conception d’interfaces simples, utiles et agréables pour améliorer l’expérience utilisateur des applications. Il permet à l’élève de relier ses centres d’intérêt avec des métiers numériques concrets.","Important car la demande est moyenne au Maroc et haute à l’international, avec un impact de l’IA jugé moyen.","Aime créer des choses visuelles | Aime comprendre les utilisateurs | Est créatif | Aime améliorer les interfaces","Informatique | Culture numérique | Français/communication | Projet pratique","Design thinking | Ergonomie | Figma | Communication visuelle | Recherche utilisateur | Prototypage | Design system","Curiosité | Autonomie | Organisation | Communication | Esprit critique | Apprentissage continu","Figma | Adobe XD | Illustrator | Canva | Miro | Notion","UX/UI Designer | Product Designer | Web Designer","Apprendre les principes UX | Pratiquer Figma | Analyser des interfaces | Créer 3 maquettes complètes | Construire un portfolio design","Formations design digital | Écoles de design | FST/EST avec projets web | Certifications UX/UI","Google UX Design | Figma UI/UX | Design Thinking | Accessibility basics","Haute","Moyenne","Moyen","Fort","Moyen","5","5","1","5","5","4","5500","11000","12000","24000","Estimation pédagogique mensuelle en MAD, à vérifier et mettre à jour selon la ville, l’expérience, l’entreprise et l’année.","Bonnes perspectives d’apprentissage | Possibilité de créer des projets concrets | Compétences utiles dans plusieurs secteurs | Compatible avec le travail à distance | Possibilité de freelance","Nécessite une pratique régulière | Demande une veille technologique | Peut devenir difficile sans projets réels","Commence par les bases, réalise un petit projet lié à Design System & Composants, puis documente ton travail dans un portfolio.","Créer une maquette Figma | Refaire l’interface d’une application | Faire un test utilisateur | Créer un design system simple","Design System & Composants | UX/UI & Design | Design thinking | Ergonomie | Figma | Communication visuelle | Recherche utilisateur | UX/UI Designer | Product Designer | Web Designer","103","Publié"
"104","prototypage-figma-adobe-xd","Prototypage (Figma, Adobe XD)","UX/UI & Design","Découvre Prototypage (Figma, Adobe XD) : une spécialité du numérique pour comprendre, explorer, comparer et construire ton parcours.","Ce domaine consiste à conception d’interfaces simples, utiles et agréables pour améliorer l’expérience utilisateur des applications. Il permet à l’élève de relier ses centres d’intérêt avec des métiers numériques concrets.","Important car la demande est moyenne au Maroc et haute à l’international, avec un impact de l’IA jugé moyen.","Aime créer des choses visuelles | Aime comprendre les utilisateurs | Est créatif | Aime améliorer les interfaces","Informatique | Culture numérique | Français/communication | Projet pratique","Design thinking | Ergonomie | Figma | Communication visuelle | Recherche utilisateur | Prototypage","Curiosité | Autonomie | Organisation | Communication | Esprit critique | Apprentissage continu","Figma | Adobe XD | Illustrator | Canva | Miro | Notion","UI Designer | UX Designer | Product Designer | Web Designer | UX Researcher","Apprendre les principes UX | Pratiquer Figma | Analyser des interfaces | Créer 3 maquettes complètes | Construire un portfolio design","Formations design digital | Écoles de design | FST/EST avec projets web | Certifications UX/UI","Google UX Design | Figma UI/UX | Design Thinking | Accessibility basics","Haute","Moyenne","Moyen","Fort","Moyen","5","5","1","5","5","4","5500","11000","12000","24000","Estimation pédagogique mensuelle en MAD, à vérifier et mettre à jour selon la ville, l’expérience, l’entreprise et l’année.","Bonnes perspectives d’apprentissage | Possibilité de créer des projets concrets | Compétences utiles dans plusieurs secteurs | Compatible avec le travail à distance | Possibilité de freelance","Nécessite une pratique régulière | Demande une veille technologique | Peut devenir difficile sans projets réels","Commence par les bases, réalise un petit projet lié à Prototypage (Figma, Adobe XD), puis documente ton travail dans un portfolio.","Créer une maquette Figma | Refaire l’interface d’une application | Faire un test utilisateur | Créer un design system simple","Prototypage (Figma, Adobe XD) | UX/UI & Design | Design thinking | Ergonomie | Figma | Communication visuelle | Recherche utilisateur | UI Designer | UX Designer | Product Designer","104","Publié"
"105","user-research-tests-d-utilisabilite","User Research & Tests d'Utilisabilité","UX/UI & Design","Découvre User Research & Tests d'Utilisabilité : une spécialité du numérique pour comprendre, explorer, comparer et construire ton parcours.","Ce domaine consiste à conception d’interfaces simples, utiles et agréables pour améliorer l’expérience utilisateur des applications. Il permet à l’élève de relier ses centres d’intérêt avec des métiers numériques concrets.","Important car la demande est moyenne au Maroc et haute à l’international, avec un impact de l’IA jugé moyen.","Aime créer des choses visuelles | Aime comprendre les utilisateurs | Est créatif | Aime améliorer les interfaces","Informatique | Culture numérique | Français/communication | Projet pratique","Design thinking | Ergonomie | Figma | Communication visuelle | Recherche utilisateur | Prototypage","Curiosité | Autonomie | Organisation | Communication | Esprit critique | Apprentissage continu","Figma | Adobe XD | Illustrator | Canva | Miro | Notion","UI Designer | UX Designer | Product Designer | Web Designer | UX Researcher","Apprendre les principes UX | Pratiquer Figma | Analyser des interfaces | Créer 3 maquettes complètes | Construire un portfolio design","Formations design digital | Écoles de design | FST/EST avec projets web | Certifications UX/UI","Google UX Design | Figma UI/UX | Design Thinking | Accessibility basics","Haute","Moyenne","Moyen","Fort","Moyen","5","5","1","5","5","4","5500","11000","12000","24000","Estimation pédagogique mensuelle en MAD, à vérifier et mettre à jour selon la ville, l’expérience, l’entreprise et l’année.","Bonnes perspectives d’apprentissage | Possibilité de créer des projets concrets | Compétences utiles dans plusieurs secteurs | Compatible avec le travail à distance | Possibilité de freelance","Nécessite une pratique régulière | Demande une veille technologique | Peut devenir difficile sans projets réels","Commence par les bases, réalise un petit projet lié à User Research & Tests d'Utilisabilité, puis documente ton travail dans un portfolio.","Créer une maquette Figma | Refaire l’interface d’une application | Faire un test utilisateur | Créer un design system simple","User Research & Tests d'Utilisabilité | UX/UI & Design | Design thinking | Ergonomie | Figma | Communication visuelle | Recherche utilisateur | UI Designer | UX Designer | Product Designer","105","Publié"
"106","motion-design-animation-ui","Motion Design & Animation UI","UX/UI & Design","Découvre Motion Design & Animation UI : une spécialité du numérique pour comprendre, explorer, comparer et construire ton parcours.","Ce domaine consiste à conception d’interfaces simples, utiles et agréables pour améliorer l’expérience utilisateur des applications. Il permet à l’élève de relier ses centres d’intérêt avec des métiers numériques concrets.","Important car la demande est moyenne au Maroc et haute à l’international, avec un impact de l’IA jugé moyen.","Aime créer des choses visuelles | Aime comprendre les utilisateurs | Est créatif | Aime améliorer les interfaces","Informatique | Culture numérique | Français/communication | Projet pratique","Design thinking | Ergonomie | Figma | Communication visuelle | Recherche utilisateur | Prototypage | Design system","Curiosité | Autonomie | Organisation | Communication | Esprit critique | Apprentissage continu","Figma | Adobe XD | Illustrator | Canva | Miro | Notion","UX/UI Designer | Product Designer | Web Designer","Apprendre les principes UX | Pratiquer Figma | Analyser des interfaces | Créer 3 maquettes complètes | Construire un portfolio design","Formations design digital | Écoles de design | FST/EST avec projets web | Certifications UX/UI","Google UX Design | Figma UI/UX | Design Thinking | Accessibility basics","Haute","Moyenne","Moyen","Fort","Moyen","5","5","1","5","5","4","5500","11000","12000","24000","Estimation pédagogique mensuelle en MAD, à vérifier et mettre à jour selon la ville, l’expérience, l’entreprise et l’année.","Bonnes perspectives d’apprentissage | Possibilité de créer des projets concrets | Compétences utiles dans plusieurs secteurs | Compatible avec le travail à distance | Possibilité de freelance","Nécessite une pratique régulière | Demande une veille technologique | Peut devenir difficile sans projets réels","Commence par les bases, réalise un petit projet lié à Motion Design & Animation UI, puis documente ton travail dans un portfolio.","Créer une maquette Figma | Refaire l’interface d’une application | Faire un test utilisateur | Créer un design system simple","Motion Design & Animation UI | UX/UI & Design | Design thinking | Ergonomie | Figma | Communication visuelle | Recherche utilisateur | UX/UI Designer | Product Designer | Web Designer","106","Publié"
"107","accessibilite-numerique-wcag","Accessibilité Numérique (WCAG)","UX/UI & Design","Découvre Accessibilité Numérique (WCAG) : une spécialité du numérique pour comprendre, explorer, comparer et construire ton parcours.","Ce domaine consiste à conception d’interfaces simples, utiles et agréables pour améliorer l’expérience utilisateur des applications. Il permet à l’élève de relier ses centres d’intérêt avec des métiers numériques concrets.","Important car la demande est faible au Maroc et moyenne à l’international, avec un impact de l’IA jugé moyen.","Aime créer des choses visuelles | Aime comprendre les utilisateurs | Est créatif | Aime améliorer les interfaces","Informatique | Culture numérique | Français/communication | Projet pratique","Design thinking | Ergonomie | Figma | Communication visuelle | Recherche utilisateur | Prototypage","Curiosité | Autonomie | Organisation | Communication | Esprit critique | Apprentissage continu","Figma | Adobe XD | Illustrator | Canva | Miro | Notion","UI Designer | UX Designer | Product Designer | Web Designer | UX Researcher","Apprendre les principes UX | Pratiquer Figma | Analyser des interfaces | Créer 3 maquettes complètes | Construire un portfolio design","Formations design digital | Écoles de design | FST/EST avec projets web | Certifications UX/UI","Google UX Design | Figma UI/UX | Design Thinking | Accessibility basics","Moyenne","Faible","Moyen","Moyen","Moyen","5","5","1","5","5","4","5000","10000","11000","22000","Estimation pédagogique mensuelle en MAD, à vérifier et mettre à jour selon la ville, l’expérience, l’entreprise et l’année.","Bonnes perspectives d’apprentissage | Possibilité de créer des projets concrets | Compétences utiles dans plusieurs secteurs | Compatible avec le travail à distance | Possibilité de freelance","Nécessite une pratique régulière | Demande une veille technologique | Peut devenir difficile sans projets réels","Commence par les bases, réalise un petit projet lié à Accessibilité Numérique (WCAG), puis documente ton travail dans un portfolio.","Créer une maquette Figma | Refaire l’interface d’une application | Faire un test utilisateur | Créer un design system simple","Accessibilité Numérique (WCAG) | UX/UI & Design | Design thinking | Ergonomie | Figma | Communication visuelle | Recherche utilisateur | UI Designer | UX Designer | Product Designer","107","Publié"
"108","design-de-jeux-game-design","Design de Jeux (Game Design)","UX/UI & Design","Découvre Design de Jeux (Game Design) : une spécialité du numérique pour comprendre, explorer, comparer et construire ton parcours.","Ce domaine consiste à conception d’interfaces simples, utiles et agréables pour améliorer l’expérience utilisateur des applications. Il permet à l’élève de relier ses centres d’intérêt avec des métiers numériques concrets.","Important car la demande est moyenne au Maroc et moyenne à l’international, avec un impact de l’IA jugé moyen.","Aime créer des choses visuelles | Aime comprendre les utilisateurs | Est créatif | Aime améliorer les interfaces","Informatique | Culture numérique | Français/communication | Projet pratique","Design thinking | Ergonomie | Figma | Communication visuelle | Recherche utilisateur | Prototypage | Design system","Curiosité | Autonomie | Organisation | Communication | Esprit critique | Apprentissage continu","Figma | Adobe XD | Illustrator | Canva | Miro | Notion","UX/UI Designer | Product Designer | Web Designer","Apprendre les principes UX | Pratiquer Figma | Analyser des interfaces | Créer 3 maquettes complètes | Construire un portfolio design","Formations design digital | Écoles de design | FST/EST avec projets web | Certifications UX/UI","Google UX Design | Figma UI/UX | Design Thinking | Accessibility basics","Moyenne","Moyenne","Moyen","Fort","Moyen","5","5","1","5","5","4","5000","10000","11000","22000","Estimation pédagogique mensuelle en MAD, à vérifier et mettre à jour selon la ville, l’expérience, l’entreprise et l’année.","Bonnes perspectives d’apprentissage | Possibilité de créer des projets concrets | Compétences utiles dans plusieurs secteurs | Compatible avec le travail à distance | Possibilité de freelance","Nécessite une pratique régulière | Demande une veille technologique | Peut devenir difficile sans projets réels","Commence par les bases, réalise un petit projet lié à Design de Jeux (Game Design), puis documente ton travail dans un portfolio.","Créer une maquette Figma | Refaire l’interface d’une application | Faire un test utilisateur | Créer un design system simple","Design de Jeux (Game Design) | UX/UI & Design | Design thinking | Ergonomie | Figma | Communication visuelle | Recherche utilisateur | UX/UI Designer | Product Designer | Web Designer","108","Publié"
"109","sap-erp","SAP (ERP)","ERP & SI","Découvre SAP (ERP) : une spécialité du numérique pour comprendre, explorer, comparer et construire ton parcours.","Ce domaine consiste à gestion des systèmes d’information et des logiciels métiers qui organisent les processus d’une entreprise. Il permet à l’élève de relier ses centres d’intérêt avec des métiers numériques concrets.","Important car la demande est très haute au Maroc et très haute à l’international, avec un impact de l’IA jugé moyen.","Aime comprendre les organisations | Aime résoudre les problèmes d’entreprise | Communique bien | Est méthodique","Informatique | Culture numérique | Français/communication | Projet pratique","Processus métier | Bases de données | Analyse fonctionnelle | ERP | Communication | Gestion de projet","Curiosité | Autonomie | Organisation | Communication | Esprit critique | Apprentissage continu","SAP | Odoo | Microsoft Dynamics | SQL | Excel | Power BI","Consultant ERP | Analyste fonctionnel | Chef de projet SI | Administrateur ERP | Business Analyst","Comprendre les processus d’entreprise | Apprendre les bases ERP | Pratiquer Odoo ou SAP | Étudier SQL et reporting | Participer à des projets métiers","Écoles de commerce/gestion | FST/EST Informatique | Formations ERP Odoo/SAP | Masters SI","Certification débutant liée au domaine | Cours en ligne avec projet pratique | Portfolio personnel | Participation à hackathon/club informatique","Très haute","Très haute","Moyen","Excellent","Moyen","3","4","2","2","5","4","6000","12000","13000","26000","Estimation pédagogique mensuelle en MAD, à vérifier et mettre à jour selon la ville, l’expérience, l’entreprise et l’année.","Bonnes perspectives d’apprentissage | Possibilité de créer des projets concrets | Compétences utiles dans plusieurs secteurs | Compatible avec le travail à distance","Nécessite une pratique régulière | Demande une veille technologique | Peut devenir difficile sans projets réels","Commence par les bases, réalise un petit projet lié à SAP (ERP), puis documente ton travail dans un portfolio.","Créer une fiche de veille | Réaliser un mini-projet appliqué | Présenter le domaine à ses camarades | Comparer 3 métiers associés","SAP (ERP) | ERP & SI | Processus métier | Bases de données | Analyse fonctionnelle | ERP | Communication | Consultant ERP | Analyste fonctionnel | Chef de projet SI","109","Publié"
"110","odoo-erp-open-source","Odoo (ERP Open Source)","ERP & SI","Découvre Odoo (ERP Open Source) : une spécialité du numérique pour comprendre, explorer, comparer et construire ton parcours.","Ce domaine consiste à gestion des systèmes d’information et des logiciels métiers qui organisent les processus d’une entreprise. Il permet à l’élève de relier ses centres d’intérêt avec des métiers numériques concrets.","Important car la demande est très haute au Maroc et haute à l’international, avec un impact de l’IA jugé moyen.","Aime comprendre les organisations | Aime résoudre les problèmes d’entreprise | Communique bien | Est méthodique","Informatique | Culture numérique | Français/communication | Projet pratique","Processus métier | Bases de données | Analyse fonctionnelle | ERP | Communication | Gestion de projet","Curiosité | Autonomie | Organisation | Communication | Esprit critique | Apprentissage continu","SAP | Odoo | Microsoft Dynamics | SQL | Excel | Power BI","Consultant ERP | Analyste fonctionnel | Chef de projet SI | Administrateur ERP | Business Analyst","Comprendre les processus d’entreprise | Apprendre les bases ERP | Pratiquer Odoo ou SAP | Étudier SQL et reporting | Participer à des projets métiers","Écoles de commerce/gestion | FST/EST Informatique | Formations ERP Odoo/SAP | Masters SI","Certification débutant liée au domaine | Cours en ligne avec projet pratique | Portfolio personnel | Participation à hackathon/club informatique","Haute","Très haute","Moyen","Très fort","Moyen","3","4","2","2","5","4","6000","12000","13000","26000","Estimation pédagogique mensuelle en MAD, à vérifier et mettre à jour selon la ville, l’expérience, l’entreprise et l’année.","Bonnes perspectives d’apprentissage | Possibilité de créer des projets concrets | Compétences utiles dans plusieurs secteurs | Compatible avec le travail à distance","Nécessite une pratique régulière | Demande une veille technologique | Peut devenir difficile sans projets réels","Commence par les bases, réalise un petit projet lié à Odoo (ERP Open Source), puis documente ton travail dans un portfolio.","Créer une fiche de veille | Réaliser un mini-projet appliqué | Présenter le domaine à ses camarades | Comparer 3 métiers associés","Odoo (ERP Open Source) | ERP & SI | Processus métier | Bases de données | Analyse fonctionnelle | ERP | Communication | Consultant ERP | Analyste fonctionnel | Chef de projet SI","110","Publié"
"111","oracle-erp","Oracle ERP","ERP & SI","Découvre Oracle ERP : une spécialité du numérique pour comprendre, explorer, comparer et construire ton parcours.","Ce domaine consiste à gestion des systèmes d’information et des logiciels métiers qui organisent les processus d’une entreprise. Il permet à l’élève de relier ses centres d’intérêt avec des métiers numériques concrets.","Important car la demande est haute au Maroc et haute à l’international, avec un impact de l’IA jugé moyen.","Aime comprendre les organisations | Aime résoudre les problèmes d’entreprise | Communique bien | Est méthodique","Informatique | Culture numérique | Français/communication | Projet pratique","Processus métier | Bases de données | Analyse fonctionnelle | ERP | Communication | Gestion de projet","Curiosité | Autonomie | Organisation | Communication | Esprit critique | Apprentissage continu","SAP | Odoo | Microsoft Dynamics | SQL | Excel | Power BI","Consultant ERP | Analyste fonctionnel | Chef de projet SI | Administrateur ERP | Business Analyst","Comprendre les processus d’entreprise | Apprendre les bases ERP | Pratiquer Odoo ou SAP | Étudier SQL et reporting | Participer à des projets métiers","Écoles de commerce/gestion | FST/EST Informatique | Formations ERP Odoo/SAP | Masters SI","Certification débutant liée au domaine | Cours en ligne avec projet pratique | Portfolio personnel | Participation à hackathon/club informatique","Haute","Haute","Moyen","Très fort","Moyen","3","4","2","2","5","4","5500","11000","12000","24000","Estimation pédagogique mensuelle en MAD, à vérifier et mettre à jour selon la ville, l’expérience, l’entreprise et l’année.","Bonnes perspectives d’apprentissage | Possibilité de créer des projets concrets | Compétences utiles dans plusieurs secteurs | Compatible avec le travail à distance","Nécessite une pratique régulière | Demande une veille technologique | Peut devenir difficile sans projets réels","Commence par les bases, réalise un petit projet lié à Oracle ERP, puis documente ton travail dans un portfolio.","Créer une fiche de veille | Réaliser un mini-projet appliqué | Présenter le domaine à ses camarades | Comparer 3 métiers associés","Oracle ERP | ERP & SI | Processus métier | Bases de données | Analyse fonctionnelle | ERP | Communication | Consultant ERP | Analyste fonctionnel | Chef de projet SI","111","Publié"
"112","microsoft-dynamics-365","Microsoft Dynamics 365","ERP & SI","Découvre Microsoft Dynamics 365 : une spécialité du numérique pour comprendre, explorer, comparer et construire ton parcours.","Ce domaine consiste à gestion des systèmes d’information et des logiciels métiers qui organisent les processus d’une entreprise. Il permet à l’élève de relier ses centres d’intérêt avec des métiers numériques concrets.","Important car la demande est moyenne au Maroc et haute à l’international, avec un impact de l’IA jugé moyen.","Aime comprendre les organisations | Aime résoudre les problèmes d’entreprise | Communique bien | Est méthodique","Informatique | Culture numérique | Français/communication | Projet pratique","Processus métier | Bases de données | Analyse fonctionnelle | ERP | Communication | Gestion de projet","Curiosité | Autonomie | Organisation | Communication | Esprit critique | Apprentissage continu","SAP | Odoo | Microsoft Dynamics | SQL | Excel | Power BI","Consultant ERP | Analyste fonctionnel | Chef de projet SI | Administrateur ERP | Business Analyst","Comprendre les processus d’entreprise | Apprendre les bases ERP | Pratiquer Odoo ou SAP | Étudier SQL et reporting | Participer à des projets métiers","Écoles de commerce/gestion | FST/EST Informatique | Formations ERP Odoo/SAP | Masters SI","Certification débutant liée au domaine | Cours en ligne avec projet pratique | Portfolio personnel | Participation à hackathon/club informatique","Haute","Moyenne","Moyen","Fort","Moyen","3","4","2","2","5","4","5500","11000","12000","24000","Estimation pédagogique mensuelle en MAD, à vérifier et mettre à jour selon la ville, l’expérience, l’entreprise et l’année.","Bonnes perspectives d’apprentissage | Possibilité de créer des projets concrets | Compétences utiles dans plusieurs secteurs | Compatible avec le travail à distance","Nécessite une pratique régulière | Demande une veille technologique | Peut devenir difficile sans projets réels","Commence par les bases, réalise un petit projet lié à Microsoft Dynamics 365, puis documente ton travail dans un portfolio.","Créer une fiche de veille | Réaliser un mini-projet appliqué | Présenter le domaine à ses camarades | Comparer 3 métiers associés","Microsoft Dynamics 365 | ERP & SI | Processus métier | Bases de données | Analyse fonctionnelle | ERP | Communication | Consultant ERP | Analyste fonctionnel | Chef de projet SI","112","Publié"
"113","crm-salesforce-hubspot","CRM (Salesforce, HubSpot)","ERP & SI","Découvre CRM (Salesforce, HubSpot) : une spécialité du numérique pour comprendre, explorer, comparer et construire ton parcours.","Ce domaine consiste à gestion des systèmes d’information et des logiciels métiers qui organisent les processus d’une entreprise. Il permet à l’élève de relier ses centres d’intérêt avec des métiers numériques concrets.","Important car la demande est haute au Maroc et très haute à l’international, avec un impact de l’IA jugé moyen.","Aime comprendre les organisations | Aime résoudre les problèmes d’entreprise | Communique bien | Est méthodique","Informatique | Culture numérique | Français/communication | Projet pratique","Processus métier | Bases de données | Analyse fonctionnelle | ERP | Communication | Gestion de projet","Curiosité | Autonomie | Organisation | Communication | Esprit critique | Apprentissage continu","SAP | Odoo | Microsoft Dynamics | SQL | Excel | Power BI","Consultant ERP | Analyste fonctionnel | Chef de projet SI | Administrateur ERP | Business Analyst","Comprendre les processus d’entreprise | Apprendre les bases ERP | Pratiquer Odoo ou SAP | Étudier SQL et reporting | Participer à des projets métiers","Écoles de commerce/gestion | FST/EST Informatique | Formations ERP Odoo/SAP | Masters SI","Certification débutant liée au domaine | Cours en ligne avec projet pratique | Portfolio personnel | Participation à hackathon/club informatique","Très haute","Haute","Moyen","Très fort","Moyen","3","4","2","2","5","4","6000","12000","13000","26000","Estimation pédagogique mensuelle en MAD, à vérifier et mettre à jour selon la ville, l’expérience, l’entreprise et l’année.","Bonnes perspectives d’apprentissage | Possibilité de créer des projets concrets | Compétences utiles dans plusieurs secteurs | Compatible avec le travail à distance","Nécessite une pratique régulière | Demande une veille technologique | Peut devenir difficile sans projets réels","Commence par les bases, réalise un petit projet lié à CRM (Salesforce, HubSpot), puis documente ton travail dans un portfolio.","Créer une fiche de veille | Réaliser un mini-projet appliqué | Présenter le domaine à ses camarades | Comparer 3 métiers associés","CRM (Salesforce, HubSpot) | ERP & SI | Processus métier | Bases de données | Analyse fonctionnelle | ERP | Communication | Consultant ERP | Analyste fonctionnel | Chef de projet SI","113","Publié"
"114","gestion-de-projet-jira-asana","Gestion de Projet (JIRA, Asana)","ERP & SI","Découvre Gestion de Projet (JIRA, Asana) : une spécialité du numérique pour comprendre, explorer, comparer et construire ton parcours.","Ce domaine consiste à gestion des systèmes d’information et des logiciels métiers qui organisent les processus d’une entreprise. Il permet à l’élève de relier ses centres d’intérêt avec des métiers numériques concrets.","Important car la demande est haute au Maroc et haute à l’international, avec un impact de l’IA jugé moyen.","Aime comprendre les organisations | Aime résoudre les problèmes d’entreprise | Communique bien | Est méthodique","Informatique | Culture numérique | Français/communication | Projet pratique","Processus métier | Bases de données | Analyse fonctionnelle | ERP | Communication | Gestion de projet","Curiosité | Autonomie | Organisation | Communication | Esprit critique | Apprentissage continu","SAP | Odoo | Microsoft Dynamics | SQL | Excel | Power BI","Consultant ERP | Analyste fonctionnel | Chef de projet SI | Administrateur ERP | Business Analyst","Comprendre les processus d’entreprise | Apprendre les bases ERP | Pratiquer Odoo ou SAP | Étudier SQL et reporting | Participer à des projets métiers","Écoles de commerce/gestion | FST/EST Informatique | Formations ERP Odoo/SAP | Masters SI","Certification débutant liée au domaine | Cours en ligne avec projet pratique | Portfolio personnel | Participation à hackathon/club informatique","Haute","Haute","Moyen","Très fort","Moyen","3","4","2","2","5","4","5500","11000","12000","24000","Estimation pédagogique mensuelle en MAD, à vérifier et mettre à jour selon la ville, l’expérience, l’entreprise et l’année.","Bonnes perspectives d’apprentissage | Possibilité de créer des projets concrets | Compétences utiles dans plusieurs secteurs | Compatible avec le travail à distance","Nécessite une pratique régulière | Demande une veille technologique | Peut devenir difficile sans projets réels","Commence par les bases, réalise un petit projet lié à Gestion de Projet (JIRA, Asana), puis documente ton travail dans un portfolio.","Créer une fiche de veille | Réaliser un mini-projet appliqué | Présenter le domaine à ses camarades | Comparer 3 métiers associés","Gestion de Projet (JIRA, Asana) | ERP & SI | Processus métier | Bases de données | Analyse fonctionnelle | ERP | Communication | Consultant ERP | Analyste fonctionnel | Chef de projet SI","114","Publié"
"115","integration-de-systemes-esb-api-gateway","Intégration de Systèmes (ESB, API Gateway)","ERP & SI","Découvre Intégration de Systèmes (ESB, API Gateway) : une spécialité du numérique pour comprendre, explorer, comparer et construire ton parcours.","Ce domaine consiste à gestion des systèmes d’information et des logiciels métiers qui organisent les processus d’une entreprise. Il permet à l’élève de relier ses centres d’intérêt avec des métiers numériques concrets.","Important car la demande est haute au Maroc et haute à l’international, avec un impact de l’IA jugé moyen.","Aime comprendre les organisations | Aime résoudre les problèmes d’entreprise | Communique bien | Est méthodique","Informatique | Culture numérique | Français/communication | Projet pratique","Processus métier | Bases de données | Analyse fonctionnelle | ERP | Communication | Gestion de projet | API REST | Sécurité backend","Curiosité | Autonomie | Organisation | Communication | Esprit critique | Apprentissage continu","SAP | Odoo | Microsoft Dynamics | SQL | Excel | Power BI | Laravel | Node.js","Développeur back-end | API Developer | Software Engineer","Comprendre les processus d’entreprise | Apprendre les bases ERP | Pratiquer Odoo ou SAP | Étudier SQL et reporting | Participer à des projets métiers","Écoles de commerce/gestion | FST/EST Informatique | Formations ERP Odoo/SAP | Masters SI","Certification débutant liée au domaine | Cours en ligne avec projet pratique | Portfolio personnel | Participation à hackathon/club informatique","Haute","Haute","Moyen","Très fort","Moyen","3","4","2","2","5","4","5500","11000","12000","24000","Estimation pédagogique mensuelle en MAD, à vérifier et mettre à jour selon la ville, l’expérience, l’entreprise et l’année.","Bonnes perspectives d’apprentissage | Possibilité de créer des projets concrets | Compétences utiles dans plusieurs secteurs | Compatible avec le travail à distance","Nécessite une pratique régulière | Demande une veille technologique | Peut devenir difficile sans projets réels","Commence par les bases, réalise un petit projet lié à Intégration de Systèmes (ESB, API Gateway), puis documente ton travail dans un portfolio.","Créer une fiche de veille | Réaliser un mini-projet appliqué | Présenter le domaine à ses camarades | Comparer 3 métiers associés","Intégration de Systèmes (ESB, API Gateway) | ERP & SI | Processus métier | Bases de données | Analyse fonctionnelle | ERP | Communication | Développeur back-end | API Developer | Software Engineer","115","Publié"
"116","urbanisme-des-systemes-d-information","Urbanisme des Systèmes d'Information","ERP & SI","Découvre Urbanisme des Systèmes d'Information : une spécialité du numérique pour comprendre, explorer, comparer et construire ton parcours.","Ce domaine consiste à gestion des systèmes d’information et des logiciels métiers qui organisent les processus d’une entreprise. Il permet à l’élève de relier ses centres d’intérêt avec des métiers numériques concrets.","Important car la demande est moyenne au Maroc et moyenne à l’international, avec un impact de l’IA jugé moyen.","Aime comprendre les organisations | Aime résoudre les problèmes d’entreprise | Communique bien | Est méthodique","Informatique | Culture numérique | Français/communication | Projet pratique","Processus métier | Bases de données | Analyse fonctionnelle | ERP | Communication | Gestion de projet","Curiosité | Autonomie | Organisation | Communication | Esprit critique | Apprentissage continu","SAP | Odoo | Microsoft Dynamics | SQL | Excel | Power BI","Consultant ERP | Analyste fonctionnel | Chef de projet SI | Administrateur ERP | Business Analyst","Comprendre les processus d’entreprise | Apprendre les bases ERP | Pratiquer Odoo ou SAP | Étudier SQL et reporting | Participer à des projets métiers","Écoles de commerce/gestion | FST/EST Informatique | Formations ERP Odoo/SAP | Masters SI","Certification débutant liée au domaine | Cours en ligne avec projet pratique | Portfolio personnel | Participation à hackathon/club informatique","Moyenne","Moyenne","Moyen","Fort","Moyen","3","4","2","2","5","4","5000","10000","11000","22000","Estimation pédagogique mensuelle en MAD, à vérifier et mettre à jour selon la ville, l’expérience, l’entreprise et l’année.","Bonnes perspectives d’apprentissage | Possibilité de créer des projets concrets | Compétences utiles dans plusieurs secteurs | Compatible avec le travail à distance","Nécessite une pratique régulière | Demande une veille technologique | Peut devenir difficile sans projets réels","Commence par les bases, réalise un petit projet lié à Urbanisme des Systèmes d'Information, puis documente ton travail dans un portfolio.","Créer une fiche de veille | Réaliser un mini-projet appliqué | Présenter le domaine à ses camarades | Comparer 3 métiers associés","Urbanisme des Systèmes d'Information | ERP & SI | Processus métier | Bases de données | Analyse fonctionnelle | ERP | Communication | Consultant ERP | Analyste fonctionnel | Chef de projet SI","116","Publié"
"117","sirh-systemes-d-information-rh","SIRH (Systèmes d'Information RH)","ERP & SI","Découvre SIRH (Systèmes d'Information RH) : une spécialité du numérique pour comprendre, explorer, comparer et construire ton parcours.","Ce domaine consiste à gestion des systèmes d’information et des logiciels métiers qui organisent les processus d’une entreprise. Il permet à l’élève de relier ses centres d’intérêt avec des métiers numériques concrets.","Important car la demande est moyenne au Maroc et moyenne à l’international, avec un impact de l’IA jugé moyen.","Aime comprendre les organisations | Aime résoudre les problèmes d’entreprise | Communique bien | Est méthodique","Informatique | Culture numérique | Français/communication | Projet pratique","Processus métier | Bases de données | Analyse fonctionnelle | ERP | Communication | Gestion de projet","Curiosité | Autonomie | Organisation | Communication | Esprit critique | Apprentissage continu","SAP | Odoo | Microsoft Dynamics | SQL | Excel | Power BI","Consultant ERP | Analyste fonctionnel | Chef de projet SI | Administrateur ERP | Business Analyst","Comprendre les processus d’entreprise | Apprendre les bases ERP | Pratiquer Odoo ou SAP | Étudier SQL et reporting | Participer à des projets métiers","Écoles de commerce/gestion | FST/EST Informatique | Formations ERP Odoo/SAP | Masters SI","Certification débutant liée au domaine | Cours en ligne avec projet pratique | Portfolio personnel | Participation à hackathon/club informatique","Moyenne","Moyenne","Moyen","Fort","Moyen","3","4","2","2","5","4","5000","10000","11000","22000","Estimation pédagogique mensuelle en MAD, à vérifier et mettre à jour selon la ville, l’expérience, l’entreprise et l’année.","Bonnes perspectives d’apprentissage | Possibilité de créer des projets concrets | Compétences utiles dans plusieurs secteurs | Compatible avec le travail à distance","Nécessite une pratique régulière | Demande une veille technologique | Peut devenir difficile sans projets réels","Commence par les bases, réalise un petit projet lié à SIRH (Systèmes d'Information RH), puis documente ton travail dans un portfolio.","Créer une fiche de veille | Réaliser un mini-projet appliqué | Présenter le domaine à ses camarades | Comparer 3 métiers associés","SIRH (Systèmes d'Information RH) | ERP & SI | Processus métier | Bases de données | Analyse fonctionnelle | ERP | Communication | Consultant ERP | Analyste fonctionnel | Chef de projet SI","117","Publié"
"118","gestion-de-projet-it-pmp-prince2","Gestion de Projet IT (PMP, PRINCE2)","Management IT","Découvre Gestion de Projet IT (PMP, PRINCE2) : une spécialité du numérique pour comprendre, explorer, comparer et construire ton parcours.","Ce domaine consiste à pilotage des projets, équipes et stratégies numériques pour réussir la transformation technologique. Il permet à l’élève de relier ses centres d’intérêt avec des métiers numériques concrets.","Important car la demande est haute au Maroc et haute à l’international, avec un impact de l’IA jugé moyen.","Aime organiser | Aime communiquer | Aime diriger une équipe | S’intéresse à la technologie et au business","Informatique | Culture numérique | Français/communication | Projet pratique","Gestion de projet | Communication | Agilité | Leadership | Analyse des besoins | Planification","Curiosité | Autonomie | Organisation | Communication | Esprit critique | Apprentissage continu","Jira | Trello | Notion | MS Project | Slack | Power BI","Chef de projet IT | Scrum Master | Product Owner | IT Manager | Consultant transformation digitale","Comprendre les bases IT | Apprendre la gestion de projet | Découvrir Agile/Scrum | Pratiquer avec des projets simples | Développer communication et leadership","Écoles de management | Masters SI/Management IT | Formations Agile/Scrum | Écoles d’ingénieurs + gestion","Certification débutant liée au domaine | Cours en ligne avec projet pratique | Portfolio personnel | Participation à hackathon/club informatique","Haute","Haute","Moyen","Très fort","Moyen","3","4","1","3","5","4","5500","11000","12000","24000","Estimation pédagogique mensuelle en MAD, à vérifier et mettre à jour selon la ville, l’expérience, l’entreprise et l’année.","Bonnes perspectives d’apprentissage | Possibilité de créer des projets concrets | Compétences utiles dans plusieurs secteurs | Compatible avec le travail à distance","Nécessite une pratique régulière | Demande une veille technologique | Peut devenir difficile sans projets réels","Commence par les bases, réalise un petit projet lié à Gestion de Projet IT (PMP, PRINCE2), puis documente ton travail dans un portfolio.","Créer une fiche de veille | Réaliser un mini-projet appliqué | Présenter le domaine à ses camarades | Comparer 3 métiers associés","Gestion de Projet IT (PMP, PRINCE2) | Management IT | Gestion de projet | Communication | Agilité | Leadership | Analyse des besoins | Chef de projet IT | Scrum Master | Product Owner","118","Publié"
"119","agilite-scrum","Agilité & Scrum","Management IT","Découvre Agilité & Scrum : une spécialité du numérique pour comprendre, explorer, comparer et construire ton parcours.","Ce domaine consiste à pilotage des projets, équipes et stratégies numériques pour réussir la transformation technologique. Il permet à l’élève de relier ses centres d’intérêt avec des métiers numériques concrets.","Important car la demande est très haute au Maroc et très haute à l’international, avec un impact de l’IA jugé moyen.","Aime organiser | Aime communiquer | Aime diriger une équipe | S’intéresse à la technologie et au business","Informatique | Culture numérique | Français/communication | Projet pratique","Gestion de projet | Communication | Agilité | Leadership | Analyse des besoins | Planification","Curiosité | Autonomie | Organisation | Communication | Esprit critique | Apprentissage continu","Jira | Trello | Notion | MS Project | Slack | Power BI","Chef de projet IT | Scrum Master | Product Owner | IT Manager | Consultant transformation digitale","Comprendre les bases IT | Apprendre la gestion de projet | Découvrir Agile/Scrum | Pratiquer avec des projets simples | Développer communication et leadership","Écoles de management | Masters SI/Management IT | Formations Agile/Scrum | Écoles d’ingénieurs + gestion","Certification débutant liée au domaine | Cours en ligne avec projet pratique | Portfolio personnel | Participation à hackathon/club informatique","Très haute","Très haute","Moyen","Excellent","Moyen","3","4","1","3","5","4","6000","12000","13000","26000","Estimation pédagogique mensuelle en MAD, à vérifier et mettre à jour selon la ville, l’expérience, l’entreprise et l’année.","Bonnes perspectives d’apprentissage | Possibilité de créer des projets concrets | Compétences utiles dans plusieurs secteurs | Compatible avec le travail à distance","Nécessite une pratique régulière | Demande une veille technologique | Peut devenir difficile sans projets réels","Commence par les bases, réalise un petit projet lié à Agilité & Scrum, puis documente ton travail dans un portfolio.","Créer une fiche de veille | Réaliser un mini-projet appliqué | Présenter le domaine à ses camarades | Comparer 3 métiers associés","Agilité & Scrum | Management IT | Gestion de projet | Communication | Agilité | Leadership | Analyse des besoins | Chef de projet IT | Scrum Master | Product Owner","119","Publié"
"120","product-management-chef-de-produit","Product Management (Chef de Produit)","Management IT","Découvre Product Management (Chef de Produit) : une spécialité du numérique pour comprendre, explorer, comparer et construire ton parcours.","Ce domaine consiste à pilotage des projets, équipes et stratégies numériques pour réussir la transformation technologique. Il permet à l’élève de relier ses centres d’intérêt avec des métiers numériques concrets.","Important car la demande est haute au Maroc et très haute à l’international, avec un impact de l’IA jugé moyen.","Aime organiser | Aime communiquer | Aime diriger une équipe | S’intéresse à la technologie et au business","Informatique | Culture numérique | Français/communication | Projet pratique","Gestion de projet | Communication | Agilité | Leadership | Analyse des besoins | Planification | Prototypage | Design system","Curiosité | Autonomie | Organisation | Communication | Esprit critique | Apprentissage continu","Jira | Trello | Notion | MS Project | Slack | Power BI | Figma | Canva","UX/UI Designer | Product Designer | Web Designer","Comprendre les bases IT | Apprendre la gestion de projet | Découvrir Agile/Scrum | Pratiquer avec des projets simples | Développer communication et leadership","Écoles de management | Masters SI/Management IT | Formations Agile/Scrum | Écoles d’ingénieurs + gestion","Certification débutant liée au domaine | Cours en ligne avec projet pratique | Portfolio personnel | Participation à hackathon/club informatique","Très haute","Haute","Moyen","Très fort","Moyen","3","4","1","3","5","4","6000","12000","13000","26000","Estimation pédagogique mensuelle en MAD, à vérifier et mettre à jour selon la ville, l’expérience, l’entreprise et l’année.","Bonnes perspectives d’apprentissage | Possibilité de créer des projets concrets | Compétences utiles dans plusieurs secteurs | Compatible avec le travail à distance","Nécessite une pratique régulière | Demande une veille technologique | Peut devenir difficile sans projets réels","Commence par les bases, réalise un petit projet lié à Product Management (Chef de Produit), puis documente ton travail dans un portfolio.","Créer une fiche de veille | Réaliser un mini-projet appliqué | Présenter le domaine à ses camarades | Comparer 3 métiers associés","Product Management (Chef de Produit) | Management IT | Gestion de projet | Communication | Agilité | Leadership | Analyse des besoins | UX/UI Designer | Product Designer | Web Designer","120","Publié"
"121","it-consulting-conseil-en-transformation","IT Consulting & Conseil en Transformation","Management IT","Découvre IT Consulting & Conseil en Transformation : une spécialité du numérique pour comprendre, explorer, comparer et construire ton parcours.","Ce domaine consiste à pilotage des projets, équipes et stratégies numériques pour réussir la transformation technologique. Il permet à l’élève de relier ses centres d’intérêt avec des métiers numériques concrets.","Important car la demande est haute au Maroc et très haute à l’international, avec un impact de l’IA jugé moyen.","Aime organiser | Aime communiquer | Aime diriger une équipe | S’intéresse à la technologie et au business","Informatique | Culture numérique | Français/communication | Projet pratique","Gestion de projet | Communication | Agilité | Leadership | Analyse des besoins | Planification","Curiosité | Autonomie | Organisation | Communication | Esprit critique | Apprentissage continu","Jira | Trello | Notion | MS Project | Slack | Power BI","Chef de projet IT | Scrum Master | Product Owner | IT Manager | Consultant transformation digitale","Comprendre les bases IT | Apprendre la gestion de projet | Découvrir Agile/Scrum | Pratiquer avec des projets simples | Développer communication et leadership","Écoles de management | Masters SI/Management IT | Formations Agile/Scrum | Écoles d’ingénieurs + gestion","Certification débutant liée au domaine | Cours en ligne avec projet pratique | Portfolio personnel | Participation à hackathon/club informatique","Très haute","Haute","Moyen","Très fort","Moyen","3","4","1","3","5","4","6000","12000","13000","26000","Estimation pédagogique mensuelle en MAD, à vérifier et mettre à jour selon la ville, l’expérience, l’entreprise et l’année.","Bonnes perspectives d’apprentissage | Possibilité de créer des projets concrets | Compétences utiles dans plusieurs secteurs | Compatible avec le travail à distance","Nécessite une pratique régulière | Demande une veille technologique | Peut devenir difficile sans projets réels","Commence par les bases, réalise un petit projet lié à IT Consulting & Conseil en Transformation, puis documente ton travail dans un portfolio.","Créer une fiche de veille | Réaliser un mini-projet appliqué | Présenter le domaine à ses camarades | Comparer 3 métiers associés","IT Consulting & Conseil en Transformation | Management IT | Gestion de projet | Communication | Agilité | Leadership | Analyse des besoins | Chef de projet IT | Scrum Master | Product Owner","121","Publié"
"122","gestion-des-risques-it","Gestion des Risques IT","Management IT","Découvre Gestion des Risques IT : une spécialité du numérique pour comprendre, explorer, comparer et construire ton parcours.","Ce domaine consiste à pilotage des projets, équipes et stratégies numériques pour réussir la transformation technologique. Il permet à l’élève de relier ses centres d’intérêt avec des métiers numériques concrets.","Important car la demande est haute au Maroc et haute à l’international, avec un impact de l’IA jugé moyen.","Aime organiser | Aime communiquer | Aime diriger une équipe | S’intéresse à la technologie et au business","Informatique | Culture numérique | Français/communication | Projet pratique","Gestion de projet | Communication | Agilité | Leadership | Analyse des besoins | Planification","Curiosité | Autonomie | Organisation | Communication | Esprit critique | Apprentissage continu","Jira | Trello | Notion | MS Project | Slack | Power BI","Chef de projet IT | Scrum Master | Product Owner | IT Manager | Consultant transformation digitale","Comprendre les bases IT | Apprendre la gestion de projet | Découvrir Agile/Scrum | Pratiquer avec des projets simples | Développer communication et leadership","Écoles de management | Masters SI/Management IT | Formations Agile/Scrum | Écoles d’ingénieurs + gestion","Certification débutant liée au domaine | Cours en ligne avec projet pratique | Portfolio personnel | Participation à hackathon/club informatique","Haute","Haute","Moyen","Très fort","Moyen","3","4","1","3","5","4","5500","11000","12000","24000","Estimation pédagogique mensuelle en MAD, à vérifier et mettre à jour selon la ville, l’expérience, l’entreprise et l’année.","Bonnes perspectives d’apprentissage | Possibilité de créer des projets concrets | Compétences utiles dans plusieurs secteurs | Compatible avec le travail à distance","Nécessite une pratique régulière | Demande une veille technologique | Peut devenir difficile sans projets réels","Commence par les bases, réalise un petit projet lié à Gestion des Risques IT, puis documente ton travail dans un portfolio.","Créer une fiche de veille | Réaliser un mini-projet appliqué | Présenter le domaine à ses camarades | Comparer 3 métiers associés","Gestion des Risques IT | Management IT | Gestion de projet | Communication | Agilité | Leadership | Analyse des besoins | Chef de projet IT | Scrum Master | Product Owner","122","Publié"
"123","architecture-d-entreprise-togaf","Architecture d'Entreprise (TOGAF)","Management IT","Découvre Architecture d'Entreprise (TOGAF) : une spécialité du numérique pour comprendre, explorer, comparer et construire ton parcours.","Ce domaine consiste à pilotage des projets, équipes et stratégies numériques pour réussir la transformation technologique. Il permet à l’élève de relier ses centres d’intérêt avec des métiers numériques concrets.","Important car la demande est moyenne au Maroc et moyenne à l’international, avec un impact de l’IA jugé moyen.","Aime organiser | Aime communiquer | Aime diriger une équipe | S’intéresse à la technologie et au business","Informatique | Culture numérique | Français/communication | Projet pratique","Gestion de projet | Communication | Agilité | Leadership | Analyse des besoins | Planification","Curiosité | Autonomie | Organisation | Communication | Esprit critique | Apprentissage continu","Jira | Trello | Notion | MS Project | Slack | Power BI","Chef de projet IT | Scrum Master | Product Owner | IT Manager | Consultant transformation digitale","Comprendre les bases IT | Apprendre la gestion de projet | Découvrir Agile/Scrum | Pratiquer avec des projets simples | Développer communication et leadership","Écoles de management | Masters SI/Management IT | Formations Agile/Scrum | Écoles d’ingénieurs + gestion","Certification débutant liée au domaine | Cours en ligne avec projet pratique | Portfolio personnel | Participation à hackathon/club informatique","Moyenne","Moyenne","Moyen","Fort","Moyen","3","4","1","3","5","4","5000","10000","11000","22000","Estimation pédagogique mensuelle en MAD, à vérifier et mettre à jour selon la ville, l’expérience, l’entreprise et l’année.","Bonnes perspectives d’apprentissage | Possibilité de créer des projets concrets | Compétences utiles dans plusieurs secteurs | Compatible avec le travail à distance","Nécessite une pratique régulière | Demande une veille technologique | Peut devenir difficile sans projets réels","Commence par les bases, réalise un petit projet lié à Architecture d'Entreprise (TOGAF), puis documente ton travail dans un portfolio.","Créer une fiche de veille | Réaliser un mini-projet appliqué | Présenter le domaine à ses camarades | Comparer 3 métiers associés","Architecture d'Entreprise (TOGAF) | Management IT | Gestion de projet | Communication | Agilité | Leadership | Analyse des besoins | Chef de projet IT | Scrum Master | Product Owner","123","Publié"
"124","digital-transformation-management","Digital Transformation Management","Management IT","Découvre Digital Transformation Management : une spécialité du numérique pour comprendre, explorer, comparer et construire ton parcours.","Ce domaine consiste à pilotage des projets, équipes et stratégies numériques pour réussir la transformation technologique. Il permet à l’élève de relier ses centres d’intérêt avec des métiers numériques concrets.","Important car la demande est très haute au Maroc et très haute à l’international, avec un impact de l’IA jugé moyen.","Aime organiser | Aime communiquer | Aime diriger une équipe | S’intéresse à la technologie et au business","Informatique | Culture numérique | Français/communication | Projet pratique","Gestion de projet | Communication | Agilité | Leadership | Analyse des besoins | Planification","Curiosité | Autonomie | Organisation | Communication | Esprit critique | Apprentissage continu","Jira | Trello | Notion | MS Project | Slack | Power BI","Chef de projet IT | Scrum Master | Product Owner | IT Manager | Consultant transformation digitale","Comprendre les bases IT | Apprendre la gestion de projet | Découvrir Agile/Scrum | Pratiquer avec des projets simples | Développer communication et leadership","Écoles de management | Masters SI/Management IT | Formations Agile/Scrum | Écoles d’ingénieurs + gestion","Certification débutant liée au domaine | Cours en ligne avec projet pratique | Portfolio personnel | Participation à hackathon/club informatique","Très haute","Très haute","Moyen","Excellent","Moyen","3","4","1","3","5","4","6000","12000","13000","26000","Estimation pédagogique mensuelle en MAD, à vérifier et mettre à jour selon la ville, l’expérience, l’entreprise et l’année.","Bonnes perspectives d’apprentissage | Possibilité de créer des projets concrets | Compétences utiles dans plusieurs secteurs | Compatible avec le travail à distance","Nécessite une pratique régulière | Demande une veille technologique | Peut devenir difficile sans projets réels","Commence par les bases, réalise un petit projet lié à Digital Transformation Management, puis documente ton travail dans un portfolio.","Créer une fiche de veille | Réaliser un mini-projet appliqué | Présenter le domaine à ses camarades | Comparer 3 métiers associés","Digital Transformation Management | Management IT | Gestion de projet | Communication | Agilité | Leadership | Analyse des besoins | Chef de projet IT | Scrum Master | Product Owner","124","Publié"
"125","metavers-xr-vr-ar-mr","Métavers & XR (VR/AR/MR)","Technologies Émergentes","Découvre Métavers & XR (VR/AR/MR) : une spécialité du numérique pour comprendre, explorer, comparer et construire ton parcours.","Ce domaine consiste à exploration des nouvelles technologies comme blockchain, réalité virtuelle, iot avancé et innovations numériques. Il permet à l’élève de relier ses centres d’intérêt avec des métiers numériques concrets.","Important car la demande est faible au Maroc et moyenne à l’international, avec un impact de l’IA jugé fort.","Est curieux | Aime expérimenter | Aime créer des prototypes | Accepte l’incertitude et l’apprentissage continu","Informatique | Mathématiques | Anglais technique | Projet pratique","Veille technologique | Programmation | Innovation | Prototypage | Analyse des usages | Adaptabilité","Curiosité | Autonomie | Organisation | Communication | Esprit critique | Apprentissage continu","Unity | Unreal Engine | Blockchain tools | Arduino | WebXR | Python","Développeur XR | Blockchain Developer | IoT Developer | Consultant innovation | Product Innovator","Faire une veille régulière | Choisir une technologie émergente | Créer un prototype simple | Participer à un hackathon | Documenter ses expérimentations","Écoles d’ingénieurs | FST/EST Informatique | Formations spécialisées XR/Blockchain/IoT | Labs et hackathons","Certification débutant liée au domaine | Cours en ligne avec projet pratique | Portfolio personnel | Participation à hackathon/club informatique","Moyenne","Faible","Avancé","Fort","Fort","3","4","3","5","3","5","7000","14000","16000","35000","Estimation pédagogique mensuelle en MAD, à vérifier et mettre à jour selon la ville, l’expérience, l’entreprise et l’année.","Bonnes perspectives d’apprentissage | Possibilité de créer des projets concrets | Compétences utiles dans plusieurs secteurs | Compatible avec le travail à distance","Nécessite une pratique régulière | Demande une veille technologique | Peut devenir difficile sans projets réels","Commence par les bases, réalise un petit projet lié à Métavers & XR (VR/AR/MR), puis documente ton travail dans un portfolio.","Créer une fiche de veille | Réaliser un mini-projet appliqué | Présenter le domaine à ses camarades | Comparer 3 métiers associés","Métavers & XR (VR/AR/MR) | Technologies Émergentes | Veille technologique | Programmation | Innovation | Prototypage | Analyse des usages | Développeur XR | Blockchain Developer | IoT Developer","125","Publié"
"126","realite-augmentee-ar","Réalité Augmentée (AR)","Technologies Émergentes","Découvre Réalité Augmentée (AR) : une spécialité du numérique pour comprendre, explorer, comparer et construire ton parcours.","Ce domaine consiste à exploration des nouvelles technologies comme blockchain, réalité virtuelle, iot avancé et innovations numériques. Il permet à l’élève de relier ses centres d’intérêt avec des métiers numériques concrets.","Important car la demande est moyenne au Maroc et haute à l’international, avec un impact de l’IA jugé fort.","Est curieux | Aime expérimenter | Aime créer des prototypes | Accepte l’incertitude et l’apprentissage continu","Informatique | Mathématiques | Anglais technique | Projet pratique","Veille technologique | Programmation | Innovation | Prototypage | Analyse des usages | Adaptabilité","Curiosité | Autonomie | Organisation | Communication | Esprit critique | Apprentissage continu","Unity | Unreal Engine | Blockchain tools | Arduino | WebXR | Python","Développeur XR | Blockchain Developer | IoT Developer | Consultant innovation | Product Innovator","Faire une veille régulière | Choisir une technologie émergente | Créer un prototype simple | Participer à un hackathon | Documenter ses expérimentations","Écoles d’ingénieurs | FST/EST Informatique | Formations spécialisées XR/Blockchain/IoT | Labs et hackathons","Certification débutant liée au domaine | Cours en ligne avec projet pratique | Portfolio personnel | Participation à hackathon/club informatique","Haute","Moyenne","Avancé","Très fort","Fort","3","4","3","5","3","5","7500","15000","17500","38000","Estimation pédagogique mensuelle en MAD, à vérifier et mettre à jour selon la ville, l’expérience, l’entreprise et l’année.","Bonnes perspectives d’apprentissage | Possibilité de créer des projets concrets | Compétences utiles dans plusieurs secteurs | Compatible avec le travail à distance","Nécessite une pratique régulière | Demande une veille technologique | Peut devenir difficile sans projets réels","Commence par les bases, réalise un petit projet lié à Réalité Augmentée (AR), puis documente ton travail dans un portfolio.","Créer une fiche de veille | Réaliser un mini-projet appliqué | Présenter le domaine à ses camarades | Comparer 3 métiers associés","Réalité Augmentée (AR) | Technologies Émergentes | Veille technologique | Programmation | Innovation | Prototypage | Analyse des usages | Développeur XR | Blockchain Developer | IoT Developer","126","Publié"
"127","realite-virtuelle-vr","Réalité Virtuelle (VR)","Technologies Émergentes","Découvre Réalité Virtuelle (VR) : une spécialité du numérique pour comprendre, explorer, comparer et construire ton parcours.","Ce domaine consiste à exploration des nouvelles technologies comme blockchain, réalité virtuelle, iot avancé et innovations numériques. Il permet à l’élève de relier ses centres d’intérêt avec des métiers numériques concrets.","Important car la demande est moyenne au Maroc et moyenne à l’international, avec un impact de l’IA jugé fort.","Est curieux | Aime expérimenter | Aime créer des prototypes | Accepte l’incertitude et l’apprentissage continu","Informatique | Mathématiques | Anglais technique | Projet pratique","Veille technologique | Programmation | Innovation | Prototypage | Analyse des usages | Adaptabilité","Curiosité | Autonomie | Organisation | Communication | Esprit critique | Apprentissage continu","Unity | Unreal Engine | Blockchain tools | Arduino | WebXR | Python","Développeur XR | Blockchain Developer | IoT Developer | Consultant innovation | Product Innovator","Faire une veille régulière | Choisir une technologie émergente | Créer un prototype simple | Participer à un hackathon | Documenter ses expérimentations","Écoles d’ingénieurs | FST/EST Informatique | Formations spécialisées XR/Blockchain/IoT | Labs et hackathons","Certification débutant liée au domaine | Cours en ligne avec projet pratique | Portfolio personnel | Participation à hackathon/club informatique","Moyenne","Moyenne","Avancé","Fort","Fort","3","4","3","5","3","5","7000","14000","16000","35000","Estimation pédagogique mensuelle en MAD, à vérifier et mettre à jour selon la ville, l’expérience, l’entreprise et l’année.","Bonnes perspectives d’apprentissage | Possibilité de créer des projets concrets | Compétences utiles dans plusieurs secteurs | Compatible avec le travail à distance","Nécessite une pratique régulière | Demande une veille technologique | Peut devenir difficile sans projets réels","Commence par les bases, réalise un petit projet lié à Réalité Virtuelle (VR), puis documente ton travail dans un portfolio.","Créer une fiche de veille | Réaliser un mini-projet appliqué | Présenter le domaine à ses camarades | Comparer 3 métiers associés","Réalité Virtuelle (VR) | Technologies Émergentes | Veille technologique | Programmation | Innovation | Prototypage | Analyse des usages | Développeur XR | Blockchain Developer | IoT Developer","127","Publié"
"128","impression-3d-fabrication-numerique","Impression 3D & Fabrication Numérique","Technologies Émergentes","Découvre Impression 3D & Fabrication Numérique : une spécialité du numérique pour comprendre, explorer, comparer et construire ton parcours.","Ce domaine consiste à exploration des nouvelles technologies comme blockchain, réalité virtuelle, iot avancé et innovations numériques. Il permet à l’élève de relier ses centres d’intérêt avec des métiers numériques concrets.","Important car la demande est moyenne au Maroc et moyenne à l’international, avec un impact de l’IA jugé fort.","Est curieux | Aime expérimenter | Aime créer des prototypes | Accepte l’incertitude et l’apprentissage continu","Informatique | Mathématiques | Anglais technique | Projet pratique","Veille technologique | Programmation | Innovation | Prototypage | Analyse des usages | Adaptabilité","Curiosité | Autonomie | Organisation | Communication | Esprit critique | Apprentissage continu","Unity | Unreal Engine | Blockchain tools | Arduino | WebXR | Python","Développeur XR | Blockchain Developer | IoT Developer | Consultant innovation | Product Innovator","Faire une veille régulière | Choisir une technologie émergente | Créer un prototype simple | Participer à un hackathon | Documenter ses expérimentations","Écoles d’ingénieurs | FST/EST Informatique | Formations spécialisées XR/Blockchain/IoT | Labs et hackathons","Certification débutant liée au domaine | Cours en ligne avec projet pratique | Portfolio personnel | Participation à hackathon/club informatique","Moyenne","Moyenne","Avancé","Fort","Fort","3","4","3","5","3","5","7000","14000","16000","35000","Estimation pédagogique mensuelle en MAD, à vérifier et mettre à jour selon la ville, l’expérience, l’entreprise et l’année.","Bonnes perspectives d’apprentissage | Possibilité de créer des projets concrets | Compétences utiles dans plusieurs secteurs | Compatible avec le travail à distance","Nécessite une pratique régulière | Demande une veille technologique | Peut devenir difficile sans projets réels","Commence par les bases, réalise un petit projet lié à Impression 3D & Fabrication Numérique, puis documente ton travail dans un portfolio.","Créer une fiche de veille | Réaliser un mini-projet appliqué | Présenter le domaine à ses camarades | Comparer 3 métiers associés","Impression 3D & Fabrication Numérique | Technologies Émergentes | Veille technologique | Programmation | Innovation | Prototypage | Analyse des usages | Développeur XR | Blockchain Developer | IoT Developer","128","Publié"
"129","informatique-quantique","Informatique Quantique","Technologies Émergentes","Découvre Informatique Quantique : une spécialité du numérique pour comprendre, explorer, comparer et construire ton parcours.","Ce domaine consiste à exploration des nouvelles technologies comme blockchain, réalité virtuelle, iot avancé et innovations numériques. Il permet à l’élève de relier ses centres d’intérêt avec des métiers numériques concrets.","Important car la demande est faible au Maroc et moyenne à l’international, avec un impact de l’IA jugé fort.","Est curieux | Aime expérimenter | Aime créer des prototypes | Accepte l’incertitude et l’apprentissage continu","Informatique | Mathématiques | Anglais technique | Projet pratique","Veille technologique | Programmation | Innovation | Prototypage | Analyse des usages | Adaptabilité","Curiosité | Autonomie | Organisation | Communication | Esprit critique | Apprentissage continu","Unity | Unreal Engine | Blockchain tools | Arduino | WebXR | Python","Développeur XR | Blockchain Developer | IoT Developer | Consultant innovation | Product Innovator","Faire une veille régulière | Choisir une technologie émergente | Créer un prototype simple | Participer à un hackathon | Documenter ses expérimentations","Écoles d’ingénieurs | FST/EST Informatique | Formations spécialisées XR/Blockchain/IoT | Labs et hackathons","Certification débutant liée au domaine | Cours en ligne avec projet pratique | Portfolio personnel | Participation à hackathon/club informatique","Moyenne","Faible","Avancé","Fort","Fort","3","4","3","5","3","5","7000","14000","16000","35000","Estimation pédagogique mensuelle en MAD, à vérifier et mettre à jour selon la ville, l’expérience, l’entreprise et l’année.","Bonnes perspectives d’apprentissage | Possibilité de créer des projets concrets | Compétences utiles dans plusieurs secteurs | Compatible avec le travail à distance","Nécessite une pratique régulière | Demande une veille technologique | Peut devenir difficile sans projets réels","Commence par les bases, réalise un petit projet lié à Informatique Quantique, puis documente ton travail dans un portfolio.","Créer une fiche de veille | Réaliser un mini-projet appliqué | Présenter le domaine à ses camarades | Comparer 3 métiers associés","Informatique Quantique | Technologies Émergentes | Veille technologique | Programmation | Innovation | Prototypage | Analyse des usages | Développeur XR | Blockchain Developer | IoT Developer","129","Publié"
"130","nft-technologies-web3","NFT & Technologies Web3","Technologies Émergentes","Découvre NFT & Technologies Web3 : une spécialité du numérique pour comprendre, explorer, comparer et construire ton parcours.","Ce domaine consiste à exploration des nouvelles technologies comme blockchain, réalité virtuelle, iot avancé et innovations numériques. Il permet à l’élève de relier ses centres d’intérêt avec des métiers numériques concrets.","Important car la demande est faible au Maroc et faible à l’international, avec un impact de l’IA jugé fort.","Est curieux | Aime expérimenter | Aime créer des prototypes | Accepte l’incertitude et l’apprentissage continu","Informatique | Mathématiques | Anglais technique | Projet pratique","Veille technologique | Programmation | Innovation | Prototypage | Analyse des usages | Adaptabilité","Curiosité | Autonomie | Organisation | Communication | Esprit critique | Apprentissage continu","Unity | Unreal Engine | Blockchain tools | Arduino | WebXR | Python","Développeur XR | Blockchain Developer | IoT Developer | Consultant innovation | Product Innovator","Faire une veille régulière | Choisir une technologie émergente | Créer un prototype simple | Participer à un hackathon | Documenter ses expérimentations","Écoles d’ingénieurs | FST/EST Informatique | Formations spécialisées XR/Blockchain/IoT | Labs et hackathons","Certification débutant liée au domaine | Cours en ligne avec projet pratique | Portfolio personnel | Participation à hackathon/club informatique","Faible","Faible","Avancé","Moyen","Fort","3","4","3","5","3","5","6500","12500","14500","31500","Estimation pédagogique mensuelle en MAD, à vérifier et mettre à jour selon la ville, l’expérience, l’entreprise et l’année.","Bonnes perspectives d’apprentissage | Possibilité de créer des projets concrets | Compétences utiles dans plusieurs secteurs | Compatible avec le travail à distance","Nécessite une pratique régulière | Demande une veille technologique | Peut devenir difficile sans projets réels","Commence par les bases, réalise un petit projet lié à NFT & Technologies Web3, puis documente ton travail dans un portfolio.","Créer une fiche de veille | Réaliser un mini-projet appliqué | Présenter le domaine à ses camarades | Comparer 3 métiers associés","NFT & Technologies Web3 | Technologies Émergentes | Veille technologique | Programmation | Innovation | Prototypage | Analyse des usages | Développeur XR | Blockchain Developer | IoT Developer","130","Publié"
"131","digital-twin-jumeau-numerique","Digital Twin (Jumeau Numérique)","Technologies Émergentes","Découvre Digital Twin (Jumeau Numérique) : une spécialité du numérique pour comprendre, explorer, comparer et construire ton parcours.","Ce domaine consiste à exploration des nouvelles technologies comme blockchain, réalité virtuelle, iot avancé et innovations numériques. Il permet à l’élève de relier ses centres d’intérêt avec des métiers numériques concrets.","Important car la demande est moyenne au Maroc et haute à l’international, avec un impact de l’IA jugé fort.","Est curieux | Aime expérimenter | Aime créer des prototypes | Accepte l’incertitude et l’apprentissage continu","Informatique | Mathématiques | Anglais technique | Projet pratique","Veille technologique | Programmation | Innovation | Prototypage | Analyse des usages | Adaptabilité","Curiosité | Autonomie | Organisation | Communication | Esprit critique | Apprentissage continu","Unity | Unreal Engine | Blockchain tools | Arduino | WebXR | Python","Développeur XR | Blockchain Developer | IoT Developer | Consultant innovation | Product Innovator","Faire une veille régulière | Choisir une technologie émergente | Créer un prototype simple | Participer à un hackathon | Documenter ses expérimentations","Écoles d’ingénieurs | FST/EST Informatique | Formations spécialisées XR/Blockchain/IoT | Labs et hackathons","Certification débutant liée au domaine | Cours en ligne avec projet pratique | Portfolio personnel | Participation à hackathon/club informatique","Haute","Moyenne","Avancé","Très fort","Fort","3","4","3","5","3","5","7500","15000","17500","38000","Estimation pédagogique mensuelle en MAD, à vérifier et mettre à jour selon la ville, l’expérience, l’entreprise et l’année.","Bonnes perspectives d’apprentissage | Possibilité de créer des projets concrets | Compétences utiles dans plusieurs secteurs | Compatible avec le travail à distance","Nécessite une pratique régulière | Demande une veille technologique | Peut devenir difficile sans projets réels","Commence par les bases, réalise un petit projet lié à Digital Twin (Jumeau Numérique), puis documente ton travail dans un portfolio.","Créer une fiche de veille | Réaliser un mini-projet appliqué | Présenter le domaine à ses camarades | Comparer 3 métiers associés","Digital Twin (Jumeau Numérique) | Technologies Émergentes | Veille technologique | Programmation | Innovation | Prototypage | Analyse des usages | Développeur XR | Blockchain Developer | IoT Developer","131","Publié"
"132","technologies-spatiales-sig-gis","Technologies Spatiales & SIG (GIS)","Technologies Émergentes","Découvre Technologies Spatiales & SIG (GIS) : une spécialité du numérique pour comprendre, explorer, comparer et construire ton parcours.","Ce domaine consiste à exploration des nouvelles technologies comme blockchain, réalité virtuelle, iot avancé et innovations numériques. Il permet à l’élève de relier ses centres d’intérêt avec des métiers numériques concrets.","Important car la demande est moyenne au Maroc et moyenne à l’international, avec un impact de l’IA jugé très fort.","Est curieux | Aime expérimenter | Aime créer des prototypes | Accepte l’incertitude et l’apprentissage continu","Informatique | Mathématiques | Anglais technique | Projet pratique","Veille technologique | Programmation | Innovation | Prototypage | Analyse des usages | Adaptabilité","Curiosité | Autonomie | Organisation | Communication | Esprit critique | Apprentissage continu","Unity | Unreal Engine | Blockchain tools | Arduino | WebXR | Python","Développeur XR | Blockchain Developer | IoT Developer | Consultant innovation | Product Innovator","Faire une veille régulière | Choisir une technologie émergente | Créer un prototype simple | Participer à un hackathon | Documenter ses expérimentations","Écoles d’ingénieurs | FST/EST Informatique | Formations spécialisées XR/Blockchain/IoT | Labs et hackathons","Certification débutant liée au domaine | Cours en ligne avec projet pratique | Portfolio personnel | Participation à hackathon/club informatique","Moyenne","Moyenne","Avancé","Fort","Très fort","3","4","3","5","3","5","7000","14000","16000","35000","Estimation pédagogique mensuelle en MAD, à vérifier et mettre à jour selon la ville, l’expérience, l’entreprise et l’année.","Bonnes perspectives d’apprentissage | Possibilité de créer des projets concrets | Compétences utiles dans plusieurs secteurs | Compatible avec le travail à distance","Nécessite une pratique régulière | Demande une veille technologique | Peut devenir difficile sans projets réels","Commence par les bases, réalise un petit projet lié à Technologies Spatiales & SIG (GIS), puis documente ton travail dans un portfolio.","Créer une fiche de veille | Réaliser un mini-projet appliqué | Présenter le domaine à ses camarades | Comparer 3 métiers associés","Technologies Spatiales & SIG (GIS) | Technologies Émergentes | Veille technologique | Programmation | Innovation | Prototypage | Analyse des usages | Développeur XR | Blockchain Developer | IoT Developer","132","Publié"
"133","wearable-technology","Wearable Technology","Technologies Émergentes","Découvre Wearable Technology : une spécialité du numérique pour comprendre, explorer, comparer et construire ton parcours.","Ce domaine consiste à exploration des nouvelles technologies comme blockchain, réalité virtuelle, iot avancé et innovations numériques. Il permet à l’élève de relier ses centres d’intérêt avec des métiers numériques concrets.","Important car la demande est faible au Maroc et moyenne à l’international, avec un impact de l’IA jugé fort.","Est curieux | Aime expérimenter | Aime créer des prototypes | Accepte l’incertitude et l’apprentissage continu","Informatique | Mathématiques | Anglais technique | Projet pratique","Veille technologique | Programmation | Innovation | Prototypage | Analyse des usages | Adaptabilité","Curiosité | Autonomie | Organisation | Communication | Esprit critique | Apprentissage continu","Unity | Unreal Engine | Blockchain tools | Arduino | WebXR | Python","Développeur XR | Blockchain Developer | IoT Developer | Consultant innovation | Product Innovator","Faire une veille régulière | Choisir une technologie émergente | Créer un prototype simple | Participer à un hackathon | Documenter ses expérimentations","Écoles d’ingénieurs | FST/EST Informatique | Formations spécialisées XR/Blockchain/IoT | Labs et hackathons","Certification débutant liée au domaine | Cours en ligne avec projet pratique | Portfolio personnel | Participation à hackathon/club informatique","Moyenne","Faible","Avancé","Fort","Fort","3","4","3","5","3","5","7000","14000","16000","35000","Estimation pédagogique mensuelle en MAD, à vérifier et mettre à jour selon la ville, l’expérience, l’entreprise et l’année.","Bonnes perspectives d’apprentissage | Possibilité de créer des projets concrets | Compétences utiles dans plusieurs secteurs | Compatible avec le travail à distance","Nécessite une pratique régulière | Demande une veille technologique | Peut devenir difficile sans projets réels","Commence par les bases, réalise un petit projet lié à Wearable Technology, puis documente ton travail dans un portfolio.","Créer une fiche de veille | Réaliser un mini-projet appliqué | Présenter le domaine à ses camarades | Comparer 3 métiers associés","Wearable Technology | Technologies Émergentes | Veille technologique | Programmation | Innovation | Prototypage | Analyse des usages | Développeur XR | Blockchain Developer | IoT Developer","133","Publié"
"134","nanotechnologie-informatique","Nanotechnologie & Informatique","Technologies Émergentes","Découvre Nanotechnologie & Informatique : une spécialité du numérique pour comprendre, explorer, comparer et construire ton parcours.","Ce domaine consiste à exploration des nouvelles technologies comme blockchain, réalité virtuelle, iot avancé et innovations numériques. Il permet à l’élève de relier ses centres d’intérêt avec des métiers numériques concrets.","Important car la demande est faible au Maroc et faible à l’international, avec un impact de l’IA jugé fort.","Est curieux | Aime expérimenter | Aime créer des prototypes | Accepte l’incertitude et l’apprentissage continu","Informatique | Mathématiques | Anglais technique | Projet pratique","Veille technologique | Programmation | Innovation | Prototypage | Analyse des usages | Adaptabilité","Curiosité | Autonomie | Organisation | Communication | Esprit critique | Apprentissage continu","Unity | Unreal Engine | Blockchain tools | Arduino | WebXR | Python","Développeur XR | Blockchain Developer | IoT Developer | Consultant innovation | Product Innovator","Faire une veille régulière | Choisir une technologie émergente | Créer un prototype simple | Participer à un hackathon | Documenter ses expérimentations","Écoles d’ingénieurs | FST/EST Informatique | Formations spécialisées XR/Blockchain/IoT | Labs et hackathons","Certification débutant liée au domaine | Cours en ligne avec projet pratique | Portfolio personnel | Participation à hackathon/club informatique","Faible","Faible","Avancé","Moyen","Fort","3","4","3","5","3","5","6500","12500","14500","31500","Estimation pédagogique mensuelle en MAD, à vérifier et mettre à jour selon la ville, l’expérience, l’entreprise et l’année.","Bonnes perspectives d’apprentissage | Possibilité de créer des projets concrets | Compétences utiles dans plusieurs secteurs | Compatible avec le travail à distance","Nécessite une pratique régulière | Demande une veille technologique | Peut devenir difficile sans projets réels","Commence par les bases, réalise un petit projet lié à Nanotechnologie & Informatique, puis documente ton travail dans un portfolio.","Créer une fiche de veille | Réaliser un mini-projet appliqué | Présenter le domaine à ses camarades | Comparer 3 métiers associés","Nanotechnologie & Informatique | Technologies Émergentes | Veille technologique | Programmation | Innovation | Prototypage | Analyse des usages | Développeur XR | Blockchain Developer | IoT Developer","134","Publié"
"135","fintech-finance-technologie","Fintech (Finance & Technologie)","FinTech & Numérique","Découvre Fintech (Finance & Technologie) : une spécialité du numérique pour comprendre, explorer, comparer et construire ton parcours.","Ce domaine consiste à application des technologies numériques à la finance, aux paiements, aux banques et à l’analyse financière. Il permet à l’élève de relier ses centres d’intérêt avec des métiers numériques concrets.","Important car la demande est haute au Maroc et très haute à l’international, avec un impact de l’IA jugé très fort.","Aime les chiffres | S’intéresse à la finance | Est rigoureux | Aime les solutions numériques utiles","Informatique | Mathématiques | Français/communication | Projet pratique","Finance de base | Programmation | Sécurité | Data analysis | Blockchain | Réglementation | Finance numérique | Analyse de risques","Curiosité | Autonomie | Organisation | Communication | Esprit critique | Apprentissage continu","Python | SQL | Power BI | APIs bancaires | Blockchain tools | Excel","Analyste FinTech | Développeur FinTech | Data Analyst Finance","Comprendre finance et économie | Apprendre Python/SQL | Créer un tableau de bord financier | Étudier sécurité et conformité | Explorer APIs et paiement digital","Écoles de commerce/finance | FST/EST Informatique | Masters Finance/Data | ENSA/ENSIAS avec spécialisation","Certification débutant liée au domaine | Cours en ligne avec projet pratique | Portfolio personnel | Participation à hackathon/club informatique","Très haute","Haute","Moyen à avancé","Excellent","Très fort","3","4","4","2","4","4","7000","14000","16500","33000","Estimation pédagogique mensuelle en MAD, à vérifier et mettre à jour selon la ville, l’expérience, l’entreprise et l’année.","Bonnes perspectives d’apprentissage | Possibilité de créer des projets concrets | Compétences utiles dans plusieurs secteurs | Compatible avec le travail à distance","Nécessite une pratique régulière | Demande une veille technologique | Peut devenir difficile sans projets réels | Bases mathématiques importantes","Commence par les bases, réalise un petit projet lié à Fintech (Finance & Technologie), puis documente ton travail dans un portfolio.","Créer une fiche de veille | Réaliser un mini-projet appliqué | Présenter le domaine à ses camarades | Comparer 3 métiers associés","Fintech (Finance & Technologie) | FinTech & Numérique | Finance de base | Programmation | Sécurité | Data analysis | Blockchain | Analyste FinTech | Développeur FinTech | Data Analyst Finance","135","Publié"
"136","paiement-digital-mobile-payment","Paiement Digital & Mobile Payment","FinTech & Numérique","Découvre Paiement Digital & Mobile Payment : une spécialité du numérique pour comprendre, explorer, comparer et construire ton parcours.","Ce domaine consiste à application des technologies numériques à la finance, aux paiements, aux banques et à l’analyse financière. Il permet à l’élève de relier ses centres d’intérêt avec des métiers numériques concrets.","Important car la demande est très haute au Maroc et très haute à l’international, avec un impact de l’IA jugé très fort.","Aime les chiffres | S’intéresse à la finance | Est rigoureux | Aime les solutions numériques utiles","Informatique | Mathématiques | Français/communication | Projet pratique","Finance de base | Programmation | Sécurité | Data analysis | Blockchain | Réglementation","Curiosité | Autonomie | Organisation | Communication | Esprit critique | Apprentissage continu","Python | SQL | Power BI | APIs bancaires | Blockchain tools | Excel | Flutter | React Native","Développeur mobile | Mobile App Developer | Développeur cross-platform","Comprendre finance et économie | Apprendre Python/SQL | Créer un tableau de bord financier | Étudier sécurité et conformité | Explorer APIs et paiement digital","Écoles de commerce/finance | FST/EST Informatique | Masters Finance/Data | ENSA/ENSIAS avec spécialisation","Certification débutant liée au domaine | Cours en ligne avec projet pratique | Portfolio personnel | Participation à hackathon/club informatique","Très haute","Très haute","Moyen à avancé","Excellent","Très fort","3","4","4","2","4","4","7000","14000","16500","33000","Estimation pédagogique mensuelle en MAD, à vérifier et mettre à jour selon la ville, l’expérience, l’entreprise et l’année.","Bonnes perspectives d’apprentissage | Possibilité de créer des projets concrets | Compétences utiles dans plusieurs secteurs | Compatible avec le travail à distance","Nécessite une pratique régulière | Demande une veille technologique | Peut devenir difficile sans projets réels | Bases mathématiques importantes","Commence par les bases, réalise un petit projet lié à Paiement Digital & Mobile Payment, puis documente ton travail dans un portfolio.","Créer une fiche de veille | Réaliser un mini-projet appliqué | Présenter le domaine à ses camarades | Comparer 3 métiers associés","Paiement Digital & Mobile Payment | FinTech & Numérique | Finance de base | Programmation | Sécurité | Data analysis | Blockchain | Développeur mobile | Mobile App Developer | Développeur cross-platform","136","Publié"
"137","cryptomonnaies-defi","Cryptomonnaies & DeFi","FinTech & Numérique","Découvre Cryptomonnaies & DeFi : une spécialité du numérique pour comprendre, explorer, comparer et construire ton parcours.","Ce domaine consiste à application des technologies numériques à la finance, aux paiements, aux banques et à l’analyse financière. Il permet à l’élève de relier ses centres d’intérêt avec des métiers numériques concrets.","Important car la demande est moyenne au Maroc et moyenne à l’international, avec un impact de l’IA jugé très fort.","Aime les chiffres | S’intéresse à la finance | Est rigoureux | Aime les solutions numériques utiles","Informatique | Mathématiques | Français/communication | Projet pratique","Finance de base | Programmation | Sécurité | Data analysis | Blockchain | Réglementation","Curiosité | Autonomie | Organisation | Communication | Esprit critique | Apprentissage continu","Python | SQL | Power BI | APIs bancaires | Blockchain tools | Excel","FinTech Developer | Data Analyst Finance | Product Manager FinTech | Analyste risque | Blockchain Developer","Comprendre finance et économie | Apprendre Python/SQL | Créer un tableau de bord financier | Étudier sécurité et conformité | Explorer APIs et paiement digital","Écoles de commerce/finance | FST/EST Informatique | Masters Finance/Data | ENSA/ENSIAS avec spécialisation","Certification débutant liée au domaine | Cours en ligne avec projet pratique | Portfolio personnel | Participation à hackathon/club informatique","Moyenne","Moyenne","Moyen à avancé","Fort","Très fort","3","4","4","2","4","4","6000","12000","14000","28000","Estimation pédagogique mensuelle en MAD, à vérifier et mettre à jour selon la ville, l’expérience, l’entreprise et l’année.","Bonnes perspectives d’apprentissage | Possibilité de créer des projets concrets | Compétences utiles dans plusieurs secteurs | Compatible avec le travail à distance","Nécessite une pratique régulière | Demande une veille technologique | Peut devenir difficile sans projets réels | Bases mathématiques importantes","Commence par les bases, réalise un petit projet lié à Cryptomonnaies & DeFi, puis documente ton travail dans un portfolio.","Créer une fiche de veille | Réaliser un mini-projet appliqué | Présenter le domaine à ses camarades | Comparer 3 métiers associés","Cryptomonnaies & DeFi | FinTech & Numérique | Finance de base | Programmation | Sécurité | Data analysis | Blockchain | FinTech Developer | Data Analyst Finance | Product Manager FinTech","137","Publié"
"138","blockchain-financiere","Blockchain Financière","FinTech & Numérique","Découvre Blockchain Financière : une spécialité du numérique pour comprendre, explorer, comparer et construire ton parcours.","Ce domaine consiste à application des technologies numériques à la finance, aux paiements, aux banques et à l’analyse financière. Il permet à l’élève de relier ses centres d’intérêt avec des métiers numériques concrets.","Important car la demande est moyenne au Maroc et haute à l’international, avec un impact de l’IA jugé très fort.","Aime les chiffres | S’intéresse à la finance | Est rigoureux | Aime les solutions numériques utiles","Informatique | Mathématiques | Français/communication | Projet pratique","Finance de base | Programmation | Sécurité | Data analysis | Blockchain | Réglementation | Smart contracts | Web3","Curiosité | Autonomie | Organisation | Communication | Esprit critique | Apprentissage continu","Python | SQL | Power BI | APIs bancaires | Blockchain tools | Excel | Solidity | Ethereum","Blockchain Developer | Smart Contract Developer | Web3 Analyst","Comprendre finance et économie | Apprendre Python/SQL | Créer un tableau de bord financier | Étudier sécurité et conformité | Explorer APIs et paiement digital","Écoles de commerce/finance | FST/EST Informatique | Masters Finance/Data | ENSA/ENSIAS avec spécialisation","Certification débutant liée au domaine | Cours en ligne avec projet pratique | Portfolio personnel | Participation à hackathon/club informatique","Haute","Moyenne","Moyen à avancé","Très fort","Très fort","3","4","4","2","4","4","6500","13000","15000","30000","Estimation pédagogique mensuelle en MAD, à vérifier et mettre à jour selon la ville, l’expérience, l’entreprise et l’année.","Bonnes perspectives d’apprentissage | Possibilité de créer des projets concrets | Compétences utiles dans plusieurs secteurs | Compatible avec le travail à distance","Nécessite une pratique régulière | Demande une veille technologique | Peut devenir difficile sans projets réels | Bases mathématiques importantes","Commence par les bases, réalise un petit projet lié à Blockchain Financière, puis documente ton travail dans un portfolio.","Créer une fiche de veille | Réaliser un mini-projet appliqué | Présenter le domaine à ses camarades | Comparer 3 métiers associés","Blockchain Financière | FinTech & Numérique | Finance de base | Programmation | Sécurité | Data analysis | Blockchain | Blockchain Developer | Smart Contract Developer | Web3 Analyst","138","Publié"
"139","open-banking-apis-bancaires","Open Banking & APIs Bancaires","FinTech & Numérique","Découvre Open Banking & APIs Bancaires : une spécialité du numérique pour comprendre, explorer, comparer et construire ton parcours.","Ce domaine consiste à application des technologies numériques à la finance, aux paiements, aux banques et à l’analyse financière. Il permet à l’élève de relier ses centres d’intérêt avec des métiers numériques concrets.","Important car la demande est haute au Maroc et haute à l’international, avec un impact de l’IA jugé très fort.","Aime les chiffres | S’intéresse à la finance | Est rigoureux | Aime les solutions numériques utiles","Informatique | Mathématiques | Français/communication | Projet pratique","Finance de base | Programmation | Sécurité | Data analysis | Blockchain | Réglementation | API REST | Sécurité backend","Curiosité | Autonomie | Organisation | Communication | Esprit critique | Apprentissage continu","Python | SQL | Power BI | APIs bancaires | Blockchain tools | Excel | Laravel | Node.js","Développeur back-end | API Developer | Software Engineer","Comprendre finance et économie | Apprendre Python/SQL | Créer un tableau de bord financier | Étudier sécurité et conformité | Explorer APIs et paiement digital","Écoles de commerce/finance | FST/EST Informatique | Masters Finance/Data | ENSA/ENSIAS avec spécialisation","Certification débutant liée au domaine | Cours en ligne avec projet pratique | Portfolio personnel | Participation à hackathon/club informatique","Haute","Haute","Moyen à avancé","Très fort","Très fort","3","4","4","2","4","4","6500","13000","15000","30000","Estimation pédagogique mensuelle en MAD, à vérifier et mettre à jour selon la ville, l’expérience, l’entreprise et l’année.","Bonnes perspectives d’apprentissage | Possibilité de créer des projets concrets | Compétences utiles dans plusieurs secteurs | Compatible avec le travail à distance","Nécessite une pratique régulière | Demande une veille technologique | Peut devenir difficile sans projets réels | Bases mathématiques importantes","Commence par les bases, réalise un petit projet lié à Open Banking & APIs Bancaires, puis documente ton travail dans un portfolio.","Créer une fiche de veille | Réaliser un mini-projet appliqué | Présenter le domaine à ses camarades | Comparer 3 métiers associés","Open Banking & APIs Bancaires | FinTech & Numérique | Finance de base | Programmation | Sécurité | Data analysis | Blockchain | Développeur back-end | API Developer | Software Engineer","139","Publié"
"140","regtech-technologie-reglementaire","RegTech (Technologie Réglementaire)","FinTech & Numérique","Découvre RegTech (Technologie Réglementaire) : une spécialité du numérique pour comprendre, explorer, comparer et construire ton parcours.","Ce domaine consiste à application des technologies numériques à la finance, aux paiements, aux banques et à l’analyse financière. Il permet à l’élève de relier ses centres d’intérêt avec des métiers numériques concrets.","Important car la demande est moyenne au Maroc et haute à l’international, avec un impact de l’IA jugé très fort.","Aime les chiffres | S’intéresse à la finance | Est rigoureux | Aime les solutions numériques utiles","Informatique | Mathématiques | Français/communication | Projet pratique","Finance de base | Programmation | Sécurité | Data analysis | Blockchain | Réglementation","Curiosité | Autonomie | Organisation | Communication | Esprit critique | Apprentissage continu","Python | SQL | Power BI | APIs bancaires | Blockchain tools | Excel","FinTech Developer | Data Analyst Finance | Product Manager FinTech | Analyste risque | Blockchain Developer","Comprendre finance et économie | Apprendre Python/SQL | Créer un tableau de bord financier | Étudier sécurité et conformité | Explorer APIs et paiement digital","Écoles de commerce/finance | FST/EST Informatique | Masters Finance/Data | ENSA/ENSIAS avec spécialisation","Certification débutant liée au domaine | Cours en ligne avec projet pratique | Portfolio personnel | Participation à hackathon/club informatique","Haute","Moyenne","Moyen à avancé","Très fort","Très fort","3","4","4","2","4","4","6500","13000","15000","30000","Estimation pédagogique mensuelle en MAD, à vérifier et mettre à jour selon la ville, l’expérience, l’entreprise et l’année.","Bonnes perspectives d’apprentissage | Possibilité de créer des projets concrets | Compétences utiles dans plusieurs secteurs | Compatible avec le travail à distance","Nécessite une pratique régulière | Demande une veille technologique | Peut devenir difficile sans projets réels | Bases mathématiques importantes","Commence par les bases, réalise un petit projet lié à RegTech (Technologie Réglementaire), puis documente ton travail dans un portfolio.","Créer une fiche de veille | Réaliser un mini-projet appliqué | Présenter le domaine à ses camarades | Comparer 3 métiers associés","RegTech (Technologie Réglementaire) | FinTech & Numérique | Finance de base | Programmation | Sécurité | Data analysis | Blockchain | FinTech Developer | Data Analyst Finance | Product Manager FinTech","140","Publié"
"141","insurtech-assurance-digitale","InsurTech (Assurance Digitale)","FinTech & Numérique","Découvre InsurTech (Assurance Digitale) : une spécialité du numérique pour comprendre, explorer, comparer et construire ton parcours.","Ce domaine consiste à application des technologies numériques à la finance, aux paiements, aux banques et à l’analyse financière. Il permet à l’élève de relier ses centres d’intérêt avec des métiers numériques concrets.","Important car la demande est moyenne au Maroc et haute à l’international, avec un impact de l’IA jugé très fort.","Aime les chiffres | S’intéresse à la finance | Est rigoureux | Aime les solutions numériques utiles","Informatique | Mathématiques | Français/communication | Projet pratique","Finance de base | Programmation | Sécurité | Data analysis | Blockchain | Réglementation","Curiosité | Autonomie | Organisation | Communication | Esprit critique | Apprentissage continu","Python | SQL | Power BI | APIs bancaires | Blockchain tools | Excel","FinTech Developer | Data Analyst Finance | Product Manager FinTech | Analyste risque | Blockchain Developer","Comprendre finance et économie | Apprendre Python/SQL | Créer un tableau de bord financier | Étudier sécurité et conformité | Explorer APIs et paiement digital","Écoles de commerce/finance | FST/EST Informatique | Masters Finance/Data | ENSA/ENSIAS avec spécialisation","Certification débutant liée au domaine | Cours en ligne avec projet pratique | Portfolio personnel | Participation à hackathon/club informatique","Haute","Moyenne","Moyen à avancé","Très fort","Très fort","3","4","4","2","4","4","6500","13000","15000","30000","Estimation pédagogique mensuelle en MAD, à vérifier et mettre à jour selon la ville, l’expérience, l’entreprise et l’année.","Bonnes perspectives d’apprentissage | Possibilité de créer des projets concrets | Compétences utiles dans plusieurs secteurs | Compatible avec le travail à distance","Nécessite une pratique régulière | Demande une veille technologique | Peut devenir difficile sans projets réels | Bases mathématiques importantes","Commence par les bases, réalise un petit projet lié à InsurTech (Assurance Digitale), puis documente ton travail dans un portfolio.","Créer une fiche de veille | Réaliser un mini-projet appliqué | Présenter le domaine à ses camarades | Comparer 3 métiers associés","InsurTech (Assurance Digitale) | FinTech & Numérique | Finance de base | Programmation | Sécurité | Data analysis | Blockchain | FinTech Developer | Data Analyst Finance | Product Manager FinTech","141","Publié"
"142","e-commerce-boutiques-en-ligne","E-Commerce & Boutiques en Ligne","E-Commerce & Marketing Digital","Découvre E-Commerce & Boutiques en Ligne : une spécialité du numérique pour comprendre, explorer, comparer et construire ton parcours.","Ce domaine consiste à utilisation du numérique pour vendre, promouvoir, analyser et développer des activités commerciales en ligne. Il permet à l’élève de relier ses centres d’intérêt avec des métiers numériques concrets.","Important car la demande est très haute au Maroc et très haute à l’international, avec un impact de l’IA jugé moyen.","Aime communiquer | Aime vendre et convaincre | Est créatif | S’intéresse aux réseaux sociaux et au business","Informatique | Culture numérique | Français/communication | Projet pratique","Marketing digital | SEO | Publicité en ligne | Analyse de données | Création de contenu | E-commerce","Curiosité | Autonomie | Organisation | Communication | Esprit critique | Apprentissage continu","Google Analytics | Meta Ads | WordPress | Shopify | Google Ads | Canva","E-commerce Manager | SEO Specialist | Digital Marketer","Comprendre les bases du marketing | Créer une boutique test | Apprendre SEO et publicité | Analyser les performances | Créer des campagnes simples","Écoles de commerce | Facultés économie/gestion | Formations marketing digital | Certifications Google/Meta","Certification débutant liée au domaine | Cours en ligne avec projet pratique | Portfolio personnel | Participation à hackathon/club informatique","Très haute","Très haute","Facile à moyen","Excellent","Moyen","5","5","2","4","5","3","4500","9500","10500","21000","Estimation pédagogique mensuelle en MAD, à vérifier et mettre à jour selon la ville, l’expérience, l’entreprise et l’année.","Bonnes perspectives d’apprentissage | Possibilité de créer des projets concrets | Compétences utiles dans plusieurs secteurs | Compatible avec le travail à distance | Possibilité de freelance","Nécessite une pratique régulière | Demande une veille technologique | Peut devenir difficile sans projets réels","Commence par les bases, réalise un petit projet lié à E-Commerce & Boutiques en Ligne, puis documente ton travail dans un portfolio.","Créer une fiche de veille | Réaliser un mini-projet appliqué | Présenter le domaine à ses camarades | Comparer 3 métiers associés","E-Commerce & Boutiques en Ligne | E-Commerce & Marketing Digital | Marketing digital | SEO | Publicité en ligne | Analyse de données | Création de contenu | E-commerce Manager | SEO Specialist | Digital Marketer","142","Publié"
"143","seo-referencement-naturel","SEO (Référencement Naturel)","E-Commerce & Marketing Digital","Découvre SEO (Référencement Naturel) : une spécialité du numérique pour comprendre, explorer, comparer et construire ton parcours.","Ce domaine consiste à utilisation du numérique pour vendre, promouvoir, analyser et développer des activités commerciales en ligne. Il permet à l’élève de relier ses centres d’intérêt avec des métiers numériques concrets.","Important car la demande est très haute au Maroc et très haute à l’international, avec un impact de l’IA jugé moyen.","Aime communiquer | Aime vendre et convaincre | Est créatif | S’intéresse aux réseaux sociaux et au business","Informatique | Culture numérique | Français/communication | Projet pratique","Marketing digital | SEO | Publicité en ligne | Analyse de données | Création de contenu | E-commerce","Curiosité | Autonomie | Organisation | Communication | Esprit critique | Apprentissage continu","Google Analytics | Meta Ads | WordPress | Shopify | Google Ads | Canva","E-commerce Manager | SEO Specialist | Digital Marketer","Comprendre les bases du marketing | Créer une boutique test | Apprendre SEO et publicité | Analyser les performances | Créer des campagnes simples","Écoles de commerce | Facultés économie/gestion | Formations marketing digital | Certifications Google/Meta","Certification débutant liée au domaine | Cours en ligne avec projet pratique | Portfolio personnel | Participation à hackathon/club informatique","Très haute","Très haute","Facile à moyen","Excellent","Moyen","5","5","2","4","5","3","4500","9500","10500","21000","Estimation pédagogique mensuelle en MAD, à vérifier et mettre à jour selon la ville, l’expérience, l’entreprise et l’année.","Bonnes perspectives d’apprentissage | Possibilité de créer des projets concrets | Compétences utiles dans plusieurs secteurs | Compatible avec le travail à distance | Possibilité de freelance","Nécessite une pratique régulière | Demande une veille technologique | Peut devenir difficile sans projets réels","Commence par les bases, réalise un petit projet lié à SEO (Référencement Naturel), puis documente ton travail dans un portfolio.","Créer une fiche de veille | Réaliser un mini-projet appliqué | Présenter le domaine à ses camarades | Comparer 3 métiers associés","SEO (Référencement Naturel) | E-Commerce & Marketing Digital | Marketing digital | SEO | Publicité en ligne | Analyse de données | Création de contenu | E-commerce Manager | SEO Specialist | Digital Marketer","143","Publié"
"144","sea-publicite-digitale-google-ads","SEA / Publicité Digitale (Google Ads)","E-Commerce & Marketing Digital","Découvre SEA / Publicité Digitale (Google Ads) : une spécialité du numérique pour comprendre, explorer, comparer et construire ton parcours.","Ce domaine consiste à utilisation du numérique pour vendre, promouvoir, analyser et développer des activités commerciales en ligne. Il permet à l’élève de relier ses centres d’intérêt avec des métiers numériques concrets.","Important car la demande est haute au Maroc et très haute à l’international, avec un impact de l’IA jugé moyen.","Aime communiquer | Aime vendre et convaincre | Est créatif | S’intéresse aux réseaux sociaux et au business","Informatique | Culture numérique | Français/communication | Projet pratique","Marketing digital | SEO | Publicité en ligne | Analyse de données | Création de contenu | E-commerce","Curiosité | Autonomie | Organisation | Communication | Esprit critique | Apprentissage continu","Google Analytics | Meta Ads | WordPress | Shopify | Google Ads | Canva","Digital Marketer | E-commerce Manager | SEO Specialist | Traffic Manager | Content Strategist","Comprendre les bases du marketing | Créer une boutique test | Apprendre SEO et publicité | Analyser les performances | Créer des campagnes simples","Écoles de commerce | Facultés économie/gestion | Formations marketing digital | Certifications Google/Meta","Certification débutant liée au domaine | Cours en ligne avec projet pratique | Portfolio personnel | Participation à hackathon/club informatique","Très haute","Haute","Facile à moyen","Très fort","Moyen","5","5","2","4","5","3","4500","9500","10500","21000","Estimation pédagogique mensuelle en MAD, à vérifier et mettre à jour selon la ville, l’expérience, l’entreprise et l’année.","Bonnes perspectives d’apprentissage | Possibilité de créer des projets concrets | Compétences utiles dans plusieurs secteurs | Compatible avec le travail à distance | Possibilité de freelance","Nécessite une pratique régulière | Demande une veille technologique | Peut devenir difficile sans projets réels","Commence par les bases, réalise un petit projet lié à SEA / Publicité Digitale (Google Ads), puis documente ton travail dans un portfolio.","Créer une fiche de veille | Réaliser un mini-projet appliqué | Présenter le domaine à ses camarades | Comparer 3 métiers associés","SEA / Publicité Digitale (Google Ads) | E-Commerce & Marketing Digital | Marketing digital | SEO | Publicité en ligne | Analyse de données | Création de contenu | Digital Marketer | E-commerce Manager | SEO Specialist","144","Publié"
"145","social-media-marketing","Social Media Marketing","E-Commerce & Marketing Digital","Découvre Social Media Marketing : une spécialité du numérique pour comprendre, explorer, comparer et construire ton parcours.","Ce domaine consiste à utilisation du numérique pour vendre, promouvoir, analyser et développer des activités commerciales en ligne. Il permet à l’élève de relier ses centres d’intérêt avec des métiers numériques concrets.","Important car la demande est très haute au Maroc et très haute à l’international, avec un impact de l’IA jugé très fort.","Aime communiquer | Aime vendre et convaincre | Est créatif | S’intéresse aux réseaux sociaux et au business","Informatique | Culture numérique | Français/communication | Projet pratique","Marketing digital | SEO | Publicité en ligne | Analyse de données | Création de contenu | E-commerce | Sécurité réseau | Analyse de vulnérabilités","Curiosité | Autonomie | Organisation | Communication | Esprit critique | Apprentissage continu","Google Analytics | Meta Ads | WordPress | Shopify | Google Ads | Canva | Nmap | Burp Suite","E-commerce Manager | SEO Specialist | Digital Marketer","Comprendre les bases du marketing | Créer une boutique test | Apprendre SEO et publicité | Analyser les performances | Créer des campagnes simples","Écoles de commerce | Facultés économie/gestion | Formations marketing digital | Certifications Google/Meta","Certification débutant liée au domaine | Cours en ligne avec projet pratique | Portfolio personnel | Participation à hackathon/club informatique","Très haute","Très haute","Facile à moyen","Excellent","Très fort","5","5","2","4","5","3","4500","9500","10500","21000","Estimation pédagogique mensuelle en MAD, à vérifier et mettre à jour selon la ville, l’expérience, l’entreprise et l’année.","Bonnes perspectives d’apprentissage | Possibilité de créer des projets concrets | Compétences utiles dans plusieurs secteurs | Compatible avec le travail à distance | Possibilité de freelance","Nécessite une pratique régulière | Demande une veille technologique | Peut devenir difficile sans projets réels","Commence par les bases, réalise un petit projet lié à Social Media Marketing, puis documente ton travail dans un portfolio.","Créer une fiche de veille | Réaliser un mini-projet appliqué | Présenter le domaine à ses camarades | Comparer 3 métiers associés","Social Media Marketing | E-Commerce & Marketing Digital | Marketing digital | SEO | Publicité en ligne | Analyse de données | Création de contenu | E-commerce Manager | SEO Specialist | Digital Marketer","145","Publié"
"146","growth-hacking","Growth Hacking","E-Commerce & Marketing Digital","Découvre Growth Hacking : une spécialité du numérique pour comprendre, explorer, comparer et construire ton parcours.","Ce domaine consiste à utilisation du numérique pour vendre, promouvoir, analyser et développer des activités commerciales en ligne. Il permet à l’élève de relier ses centres d’intérêt avec des métiers numériques concrets.","Important car la demande est haute au Maroc et haute à l’international, avec un impact de l’IA jugé moyen.","Aime communiquer | Aime vendre et convaincre | Est créatif | S’intéresse aux réseaux sociaux et au business","Informatique | Culture numérique | Français/communication | Projet pratique","Marketing digital | SEO | Publicité en ligne | Analyse de données | Création de contenu | E-commerce","Curiosité | Autonomie | Organisation | Communication | Esprit critique | Apprentissage continu","Google Analytics | Meta Ads | WordPress | Shopify | Google Ads | Canva","Digital Marketer | E-commerce Manager | SEO Specialist | Traffic Manager | Content Strategist","Comprendre les bases du marketing | Créer une boutique test | Apprendre SEO et publicité | Analyser les performances | Créer des campagnes simples","Écoles de commerce | Facultés économie/gestion | Formations marketing digital | Certifications Google/Meta","Certification débutant liée au domaine | Cours en ligne avec projet pratique | Portfolio personnel | Participation à hackathon/club informatique","Haute","Haute","Facile à moyen","Très fort","Moyen","5","5","2","4","5","3","4500","8500","9500","19500","Estimation pédagogique mensuelle en MAD, à vérifier et mettre à jour selon la ville, l’expérience, l’entreprise et l’année.","Bonnes perspectives d’apprentissage | Possibilité de créer des projets concrets | Compétences utiles dans plusieurs secteurs | Compatible avec le travail à distance | Possibilité de freelance","Nécessite une pratique régulière | Demande une veille technologique | Peut devenir difficile sans projets réels","Commence par les bases, réalise un petit projet lié à Growth Hacking, puis documente ton travail dans un portfolio.","Créer une fiche de veille | Réaliser un mini-projet appliqué | Présenter le domaine à ses camarades | Comparer 3 métiers associés","Growth Hacking | E-Commerce & Marketing Digital | Marketing digital | SEO | Publicité en ligne | Analyse de données | Création de contenu | Digital Marketer | E-commerce Manager | SEO Specialist","146","Publié"
"147","email-marketing-crm-digital","Email Marketing & CRM Digital","E-Commerce & Marketing Digital","Découvre Email Marketing & CRM Digital : une spécialité du numérique pour comprendre, explorer, comparer et construire ton parcours.","Ce domaine consiste à utilisation du numérique pour vendre, promouvoir, analyser et développer des activités commerciales en ligne. Il permet à l’élève de relier ses centres d’intérêt avec des métiers numériques concrets.","Important car la demande est haute au Maroc et haute à l’international, avec un impact de l’IA jugé très fort.","Aime communiquer | Aime vendre et convaincre | Est créatif | S’intéresse aux réseaux sociaux et au business","Informatique | Culture numérique | Français/communication | Projet pratique","Marketing digital | SEO | Publicité en ligne | Analyse de données | Création de contenu | E-commerce","Curiosité | Autonomie | Organisation | Communication | Esprit critique | Apprentissage continu","Google Analytics | Meta Ads | WordPress | Shopify | Google Ads | Canva","E-commerce Manager | SEO Specialist | Digital Marketer","Comprendre les bases du marketing | Créer une boutique test | Apprendre SEO et publicité | Analyser les performances | Créer des campagnes simples","Écoles de commerce | Facultés économie/gestion | Formations marketing digital | Certifications Google/Meta","Certification débutant liée au domaine | Cours en ligne avec projet pratique | Portfolio personnel | Participation à hackathon/club informatique","Haute","Haute","Facile à moyen","Très fort","Très fort","5","5","2","4","5","3","4500","8500","9500","19500","Estimation pédagogique mensuelle en MAD, à vérifier et mettre à jour selon la ville, l’expérience, l’entreprise et l’année.","Bonnes perspectives d’apprentissage | Possibilité de créer des projets concrets | Compétences utiles dans plusieurs secteurs | Compatible avec le travail à distance | Possibilité de freelance","Nécessite une pratique régulière | Demande une veille technologique | Peut devenir difficile sans projets réels","Commence par les bases, réalise un petit projet lié à Email Marketing & CRM Digital, puis documente ton travail dans un portfolio.","Créer une fiche de veille | Réaliser un mini-projet appliqué | Présenter le domaine à ses camarades | Comparer 3 métiers associés","Email Marketing & CRM Digital | E-Commerce & Marketing Digital | Marketing digital | SEO | Publicité en ligne | Analyse de données | Création de contenu | E-commerce Manager | SEO Specialist | Digital Marketer","147","Publié"
"148","analyse-web-google-analytics-mixpanel","Analyse Web (Google Analytics, Mixpanel)","E-Commerce & Marketing Digital","Découvre Analyse Web (Google Analytics, Mixpanel) : une spécialité du numérique pour comprendre, explorer, comparer et construire ton parcours.","Ce domaine consiste à utilisation du numérique pour vendre, promouvoir, analyser et développer des activités commerciales en ligne. Il permet à l’élève de relier ses centres d’intérêt avec des métiers numériques concrets.","Important car la demande est haute au Maroc et haute à l’international, avec un impact de l’IA jugé moyen.","Aime communiquer | Aime vendre et convaincre | Est créatif | S’intéresse aux réseaux sociaux et au business","Informatique | Culture numérique | Français/communication | Projet pratique","Marketing digital | SEO | Publicité en ligne | Analyse de données | Création de contenu | E-commerce","Curiosité | Autonomie | Organisation | Communication | Esprit critique | Apprentissage continu","Google Analytics | Meta Ads | WordPress | Shopify | Google Ads | Canva","Digital Marketer | E-commerce Manager | SEO Specialist | Traffic Manager | Content Strategist","Comprendre les bases du marketing | Créer une boutique test | Apprendre SEO et publicité | Analyser les performances | Créer des campagnes simples","Écoles de commerce | Facultés économie/gestion | Formations marketing digital | Certifications Google/Meta","Certification débutant liée au domaine | Cours en ligne avec projet pratique | Portfolio personnel | Participation à hackathon/club informatique","Haute","Haute","Facile à moyen","Très fort","Moyen","5","5","2","4","5","3","4500","8500","9500","19500","Estimation pédagogique mensuelle en MAD, à vérifier et mettre à jour selon la ville, l’expérience, l’entreprise et l’année.","Bonnes perspectives d’apprentissage | Possibilité de créer des projets concrets | Compétences utiles dans plusieurs secteurs | Compatible avec le travail à distance | Possibilité de freelance","Nécessite une pratique régulière | Demande une veille technologique | Peut devenir difficile sans projets réels","Commence par les bases, réalise un petit projet lié à Analyse Web (Google Analytics, Mixpanel), puis documente ton travail dans un portfolio.","Créer une fiche de veille | Réaliser un mini-projet appliqué | Présenter le domaine à ses camarades | Comparer 3 métiers associés","Analyse Web (Google Analytics, Mixpanel) | E-Commerce & Marketing Digital | Marketing digital | SEO | Publicité en ligne | Analyse de données | Création de contenu | Digital Marketer | E-commerce Manager | SEO Specialist","148","Publié"
"149","content-marketing-blogging-technique","Content Marketing & Blogging Technique","E-Commerce & Marketing Digital","Découvre Content Marketing & Blogging Technique : une spécialité du numérique pour comprendre, explorer, comparer et construire ton parcours.","Ce domaine consiste à utilisation du numérique pour vendre, promouvoir, analyser et développer des activités commerciales en ligne. Il permet à l’élève de relier ses centres d’intérêt avec des métiers numériques concrets.","Important car la demande est haute au Maroc et haute à l’international, avec un impact de l’IA jugé moyen.","Aime communiquer | Aime vendre et convaincre | Est créatif | S’intéresse aux réseaux sociaux et au business","Informatique | Culture numérique | Français/communication | Projet pratique","Marketing digital | SEO | Publicité en ligne | Analyse de données | Création de contenu | E-commerce","Curiosité | Autonomie | Organisation | Communication | Esprit critique | Apprentissage continu","Google Analytics | Meta Ads | WordPress | Shopify | Google Ads | Canva","E-commerce Manager | SEO Specialist | Digital Marketer","Comprendre les bases du marketing | Créer une boutique test | Apprendre SEO et publicité | Analyser les performances | Créer des campagnes simples","Écoles de commerce | Facultés économie/gestion | Formations marketing digital | Certifications Google/Meta","Certification débutant liée au domaine | Cours en ligne avec projet pratique | Portfolio personnel | Participation à hackathon/club informatique","Haute","Haute","Facile à moyen","Très fort","Moyen","5","5","2","4","5","3","4500","8500","9500","19500","Estimation pédagogique mensuelle en MAD, à vérifier et mettre à jour selon la ville, l’expérience, l’entreprise et l’année.","Bonnes perspectives d’apprentissage | Possibilité de créer des projets concrets | Compétences utiles dans plusieurs secteurs | Compatible avec le travail à distance | Possibilité de freelance","Nécessite une pratique régulière | Demande une veille technologique | Peut devenir difficile sans projets réels","Commence par les bases, réalise un petit projet lié à Content Marketing & Blogging Technique, puis documente ton travail dans un portfolio.","Créer une fiche de veille | Réaliser un mini-projet appliqué | Présenter le domaine à ses camarades | Comparer 3 métiers associés","Content Marketing & Blogging Technique | E-Commerce & Marketing Digital | Marketing digital | SEO | Publicité en ligne | Analyse de données | Création de contenu | E-commerce Manager | SEO Specialist | Digital Marketer","149","Publié"
"150","affiliation-monetisation-web","Affiliation & Monétisation Web","E-Commerce & Marketing Digital","Découvre Affiliation & Monétisation Web : une spécialité du numérique pour comprendre, explorer, comparer et construire ton parcours.","Ce domaine consiste à utilisation du numérique pour vendre, promouvoir, analyser et développer des activités commerciales en ligne. Il permet à l’élève de relier ses centres d’intérêt avec des métiers numériques concrets.","Important car la demande est moyenne au Maroc et moyenne à l’international, avec un impact de l’IA jugé très fort.","Aime communiquer | Aime vendre et convaincre | Est créatif | S’intéresse aux réseaux sociaux et au business","Informatique | Culture numérique | Français/communication | Projet pratique","Marketing digital | SEO | Publicité en ligne | Analyse de données | Création de contenu | E-commerce","Curiosité | Autonomie | Organisation | Communication | Esprit critique | Apprentissage continu","Google Analytics | Meta Ads | WordPress | Shopify | Google Ads | Canva","Digital Marketer | E-commerce Manager | SEO Specialist | Traffic Manager | Content Strategist","Comprendre les bases du marketing | Créer une boutique test | Apprendre SEO et publicité | Analyser les performances | Créer des campagnes simples","Écoles de commerce | Facultés économie/gestion | Formations marketing digital | Certifications Google/Meta","Certification débutant liée au domaine | Cours en ligne avec projet pratique | Portfolio personnel | Participation à hackathon/club informatique","Moyenne","Moyenne","Facile à moyen","Fort","Très fort","5","5","2","4","5","3","4000","8000","9000","18000","Estimation pédagogique mensuelle en MAD, à vérifier et mettre à jour selon la ville, l’expérience, l’entreprise et l’année.","Bonnes perspectives d’apprentissage | Possibilité de créer des projets concrets | Compétences utiles dans plusieurs secteurs | Compatible avec le travail à distance | Possibilité de freelance","Nécessite une pratique régulière | Demande une veille technologique | Peut devenir difficile sans projets réels","Commence par les bases, réalise un petit projet lié à Affiliation & Monétisation Web, puis documente ton travail dans un portfolio.","Créer une fiche de veille | Réaliser un mini-projet appliqué | Présenter le domaine à ses camarades | Comparer 3 métiers associés","Affiliation & Monétisation Web | E-Commerce & Marketing Digital | Marketing digital | SEO | Publicité en ligne | Analyse de données | Création de contenu | Digital Marketer | E-commerce Manager | SEO Specialist","150","Publié"
"151","robotique-industrielle","Robotique Industrielle","Robotique & Industrie 4.0","Découvre Robotique Industrielle : une spécialité du numérique pour comprendre, explorer, comparer et construire ton parcours.","Ce domaine consiste à automatisation des machines, objets connectés et systèmes industriels intelligents. Il permet à l’élève de relier ses centres d’intérêt avec des métiers numériques concrets.","Important car la demande est moyenne au Maroc et haute à l’international, avec un impact de l’IA jugé moyen.","Aime fabriquer et manipuler | Aime les objets connectés | Aime les sciences physiques | Aime résoudre des problèmes concrets","Informatique | Mathématiques | Anglais technique | Sciences","Électronique | Programmation | Automatique | IoT | Capteurs | Résolution de problèmes | Systèmes embarqués","Curiosité | Autonomie | Organisation | Communication | Esprit critique | Apprentissage continu","Arduino | Raspberry Pi | ROS | Python | C/C++ | PLC","Ingénieur IoT | Développeur embarqué | Ingénieur robotique","Apprendre électronique de base | Programmer Arduino/Python | Créer un objet connecté | Étudier capteurs et actionneurs | Réaliser un projet robotique","ENSA/EMI/INPT | FST Électronique/Informatique | OFPPT automatisme | Masters IoT/Robotique","Certification débutant liée au domaine | Cours en ligne avec projet pratique | Portfolio personnel | Participation à hackathon/club informatique","Haute","Moyenne","Avancé","Fort","Moyen","2","2","4","4","3","5","7500","15000","17500","38000","Estimation pédagogique mensuelle en MAD, à vérifier et mettre à jour selon la ville, l’expérience, l’entreprise et l’année.","Bonnes perspectives d’apprentissage | Possibilité de créer des projets concrets | Compétences utiles dans plusieurs secteurs","Nécessite une pratique régulière | Demande une veille technologique | Peut devenir difficile sans projets réels | Bases mathématiques importantes","Commence par les bases, réalise un petit projet lié à Robotique Industrielle, puis documente ton travail dans un portfolio.","Créer une fiche de veille | Réaliser un mini-projet appliqué | Présenter le domaine à ses camarades | Comparer 3 métiers associés","Robotique Industrielle | Robotique & Industrie 4.0 | Électronique | Programmation | Automatique | IoT | Capteurs | Ingénieur IoT | Développeur embarqué | Ingénieur robotique","151","Publié"
"152","automatisme-api-automates-programmables","Automatisme & API (Automates Programmables)","Robotique & Industrie 4.0","Découvre Automatisme & API (Automates Programmables) : une spécialité du numérique pour comprendre, explorer, comparer et construire ton parcours.","Ce domaine consiste à automatisation des machines, objets connectés et systèmes industriels intelligents. Il permet à l’élève de relier ses centres d’intérêt avec des métiers numériques concrets.","Important car la demande est haute au Maroc et haute à l’international, avec un impact de l’IA jugé moyen.","Aime fabriquer et manipuler | Aime les objets connectés | Aime les sciences physiques | Aime résoudre des problèmes concrets","Informatique | Mathématiques | Anglais technique | Sciences","Électronique | Programmation | Automatique | IoT | Capteurs | Résolution de problèmes | API REST | Sécurité backend","Curiosité | Autonomie | Organisation | Communication | Esprit critique | Apprentissage continu","Arduino | Raspberry Pi | ROS | Python | C/C++ | PLC | Laravel | Node.js","Développeur back-end | API Developer | Software Engineer","Apprendre électronique de base | Programmer Arduino/Python | Créer un objet connecté | Étudier capteurs et actionneurs | Réaliser un projet robotique","ENSA/EMI/INPT | FST Électronique/Informatique | OFPPT automatisme | Masters IoT/Robotique","Certification débutant liée au domaine | Cours en ligne avec projet pratique | Portfolio personnel | Participation à hackathon/club informatique","Haute","Haute","Avancé","Très fort","Moyen","2","2","4","4","3","5","7500","15000","17500","38000","Estimation pédagogique mensuelle en MAD, à vérifier et mettre à jour selon la ville, l’expérience, l’entreprise et l’année.","Bonnes perspectives d’apprentissage | Possibilité de créer des projets concrets | Compétences utiles dans plusieurs secteurs","Nécessite une pratique régulière | Demande une veille technologique | Peut devenir difficile sans projets réels | Bases mathématiques importantes","Commence par les bases, réalise un petit projet lié à Automatisme & API (Automates Programmables), puis documente ton travail dans un portfolio.","Créer une fiche de veille | Réaliser un mini-projet appliqué | Présenter le domaine à ses camarades | Comparer 3 métiers associés","Automatisme & API (Automates Programmables) | Robotique & Industrie 4.0 | Électronique | Programmation | Automatique | IoT | Capteurs | Développeur back-end | API Developer | Software Engineer","152","Publié"
"153","maintenance-preventive-par-ia","Maintenance Préventive par IA","Robotique & Industrie 4.0","Découvre Maintenance Préventive par IA : une spécialité du numérique pour comprendre, explorer, comparer et construire ton parcours.","Ce domaine consiste à automatisation des machines, objets connectés et systèmes industriels intelligents. Il permet à l’élève de relier ses centres d’intérêt avec des métiers numériques concrets.","Important car la demande est moyenne au Maroc et haute à l’international, avec un impact de l’IA jugé très fort.","Aime fabriquer et manipuler | Aime les objets connectés | Aime les sciences physiques | Aime résoudre des problèmes concrets","Informatique | Mathématiques | Anglais technique | Sciences","Électronique | Programmation | Automatique | IoT | Capteurs | Résolution de problèmes","Curiosité | Autonomie | Organisation | Communication | Esprit critique | Apprentissage continu","Arduino | Raspberry Pi | ROS | Python | C/C++ | PLC","Ingénieur robotique | Développeur embarqué | Automaticien | Ingénieur IoT | Technicien industrie 4.0","Apprendre électronique de base | Programmer Arduino/Python | Créer un objet connecté | Étudier capteurs et actionneurs | Réaliser un projet robotique","ENSA/EMI/INPT | FST Électronique/Informatique | OFPPT automatisme | Masters IoT/Robotique","Certification débutant liée au domaine | Cours en ligne avec projet pratique | Portfolio personnel | Participation à hackathon/club informatique","Haute","Moyenne","Avancé","Très fort","Très fort","2","2","4","4","3","5","7500","15000","17500","38000","Estimation pédagogique mensuelle en MAD, à vérifier et mettre à jour selon la ville, l’expérience, l’entreprise et l’année.","Bonnes perspectives d’apprentissage | Possibilité de créer des projets concrets | Compétences utiles dans plusieurs secteurs","Nécessite une pratique régulière | Demande une veille technologique | Peut devenir difficile sans projets réels | Bases mathématiques importantes","Commence par les bases, réalise un petit projet lié à Maintenance Préventive par IA, puis documente ton travail dans un portfolio.","Créer une fiche de veille | Réaliser un mini-projet appliqué | Présenter le domaine à ses camarades | Comparer 3 métiers associés","Maintenance Préventive par IA | Robotique & Industrie 4.0 | Électronique | Programmation | Automatique | IoT | Capteurs | Ingénieur robotique | Développeur embarqué | Automaticien","153","Publié"
"154","systemes-cyber-physiques-cps","Systèmes Cyber-Physiques (CPS)","Robotique & Industrie 4.0","Découvre Systèmes Cyber-Physiques (CPS) : une spécialité du numérique pour comprendre, explorer, comparer et construire ton parcours.","Ce domaine consiste à automatisation des machines, objets connectés et systèmes industriels intelligents. Il permet à l’élève de relier ses centres d’intérêt avec des métiers numériques concrets.","Important car la demande est moyenne au Maroc et moyenne à l’international, avec un impact de l’IA jugé moyen.","Aime fabriquer et manipuler | Aime les objets connectés | Aime les sciences physiques | Aime résoudre des problèmes concrets","Informatique | Mathématiques | Anglais technique | Sciences","Électronique | Programmation | Automatique | IoT | Capteurs | Résolution de problèmes | Sécurité réseau | Analyse de vulnérabilités","Curiosité | Autonomie | Organisation | Communication | Esprit critique | Apprentissage continu","Arduino | Raspberry Pi | ROS | Python | C/C++ | PLC | Nmap | Burp Suite","Analyste SOC | Pentester | Consultant cybersécurité","Apprendre électronique de base | Programmer Arduino/Python | Créer un objet connecté | Étudier capteurs et actionneurs | Réaliser un projet robotique","ENSA/EMI/INPT | FST Électronique/Informatique | OFPPT automatisme | Masters IoT/Robotique","Certification débutant liée au domaine | Cours en ligne avec projet pratique | Portfolio personnel | Participation à hackathon/club informatique","Moyenne","Moyenne","Avancé","Fort","Moyen","2","2","4","4","3","5","7000","14000","16000","35000","Estimation pédagogique mensuelle en MAD, à vérifier et mettre à jour selon la ville, l’expérience, l’entreprise et l’année.","Bonnes perspectives d’apprentissage | Possibilité de créer des projets concrets | Compétences utiles dans plusieurs secteurs","Nécessite une pratique régulière | Demande une veille technologique | Peut devenir difficile sans projets réels | Bases mathématiques importantes","Commence par les bases, réalise un petit projet lié à Systèmes Cyber-Physiques (CPS), puis documente ton travail dans un portfolio.","Créer une fiche de veille | Réaliser un mini-projet appliqué | Présenter le domaine à ses camarades | Comparer 3 métiers associés","Systèmes Cyber-Physiques (CPS) | Robotique & Industrie 4.0 | Électronique | Programmation | Automatique | IoT | Capteurs | Analyste SOC | Pentester | Consultant cybersécurité","154","Publié"
"155","scada-supervision-industrielle","SCADA & Supervision Industrielle","Robotique & Industrie 4.0","Découvre SCADA & Supervision Industrielle : une spécialité du numérique pour comprendre, explorer, comparer et construire ton parcours.","Ce domaine consiste à automatisation des machines, objets connectés et systèmes industriels intelligents. Il permet à l’élève de relier ses centres d’intérêt avec des métiers numériques concrets.","Important car la demande est moyenne au Maroc et moyenne à l’international, avec un impact de l’IA jugé très fort.","Aime fabriquer et manipuler | Aime les objets connectés | Aime les sciences physiques | Aime résoudre des problèmes concrets","Informatique | Mathématiques | Anglais technique | Sciences","Électronique | Programmation | Automatique | IoT | Capteurs | Résolution de problèmes","Curiosité | Autonomie | Organisation | Communication | Esprit critique | Apprentissage continu","Arduino | Raspberry Pi | ROS | Python | C/C++ | PLC","Ingénieur robotique | Développeur embarqué | Automaticien | Ingénieur IoT | Technicien industrie 4.0","Apprendre électronique de base | Programmer Arduino/Python | Créer un objet connecté | Étudier capteurs et actionneurs | Réaliser un projet robotique","ENSA/EMI/INPT | FST Électronique/Informatique | OFPPT automatisme | Masters IoT/Robotique","Certification débutant liée au domaine | Cours en ligne avec projet pratique | Portfolio personnel | Participation à hackathon/club informatique","Moyenne","Moyenne","Avancé","Fort","Très fort","2","2","4","4","3","5","7000","14000","16000","35000","Estimation pédagogique mensuelle en MAD, à vérifier et mettre à jour selon la ville, l’expérience, l’entreprise et l’année.","Bonnes perspectives d’apprentissage | Possibilité de créer des projets concrets | Compétences utiles dans plusieurs secteurs","Nécessite une pratique régulière | Demande une veille technologique | Peut devenir difficile sans projets réels | Bases mathématiques importantes","Commence par les bases, réalise un petit projet lié à SCADA & Supervision Industrielle, puis documente ton travail dans un portfolio.","Créer une fiche de veille | Réaliser un mini-projet appliqué | Présenter le domaine à ses camarades | Comparer 3 métiers associés","SCADA & Supervision Industrielle | Robotique & Industrie 4.0 | Électronique | Programmation | Automatique | IoT | Capteurs | Ingénieur robotique | Développeur embarqué | Automaticien","155","Publié"
"156","impression-circuit-imprime-electronique","Impression Circuit Imprimé & Électronique","Robotique & Industrie 4.0","Découvre Impression Circuit Imprimé & Électronique : une spécialité du numérique pour comprendre, explorer, comparer et construire ton parcours.","Ce domaine consiste à automatisation des machines, objets connectés et systèmes industriels intelligents. Il permet à l’élève de relier ses centres d’intérêt avec des métiers numériques concrets.","Important car la demande est moyenne au Maroc et moyenne à l’international, avec un impact de l’IA jugé moyen.","Aime fabriquer et manipuler | Aime les objets connectés | Aime les sciences physiques | Aime résoudre des problèmes concrets","Informatique | Mathématiques | Anglais technique | Sciences","Électronique | Programmation | Automatique | IoT | Capteurs | Résolution de problèmes | Prototypage | Design system","Curiosité | Autonomie | Organisation | Communication | Esprit critique | Apprentissage continu","Arduino | Raspberry Pi | ROS | Python | C/C++ | PLC | Figma | Canva","UX/UI Designer | Product Designer | Web Designer","Apprendre électronique de base | Programmer Arduino/Python | Créer un objet connecté | Étudier capteurs et actionneurs | Réaliser un projet robotique","ENSA/EMI/INPT | FST Électronique/Informatique | OFPPT automatisme | Masters IoT/Robotique","Certification débutant liée au domaine | Cours en ligne avec projet pratique | Portfolio personnel | Participation à hackathon/club informatique","Moyenne","Moyenne","Avancé","Fort","Moyen","2","2","4","4","3","5","7000","14000","16000","35000","Estimation pédagogique mensuelle en MAD, à vérifier et mettre à jour selon la ville, l’expérience, l’entreprise et l’année.","Bonnes perspectives d’apprentissage | Possibilité de créer des projets concrets | Compétences utiles dans plusieurs secteurs","Nécessite une pratique régulière | Demande une veille technologique | Peut devenir difficile sans projets réels | Bases mathématiques importantes","Commence par les bases, réalise un petit projet lié à Impression Circuit Imprimé & Électronique, puis documente ton travail dans un portfolio.","Créer une fiche de veille | Réaliser un mini-projet appliqué | Présenter le domaine à ses camarades | Comparer 3 métiers associés","Impression Circuit Imprimé & Électronique | Robotique & Industrie 4.0 | Électronique | Programmation | Automatique | IoT | Capteurs | UX/UI Designer | Product Designer | Web Designer","156","Publié"
"157","drone-systemes-autonomes","Drone & Systèmes Autonomes","Robotique & Industrie 4.0","Découvre Drone & Systèmes Autonomes : une spécialité du numérique pour comprendre, explorer, comparer et construire ton parcours.","Ce domaine consiste à automatisation des machines, objets connectés et systèmes industriels intelligents. Il permet à l’élève de relier ses centres d’intérêt avec des métiers numériques concrets.","Important car la demande est moyenne au Maroc et moyenne à l’international, avec un impact de l’IA jugé moyen.","Aime fabriquer et manipuler | Aime les objets connectés | Aime les sciences physiques | Aime résoudre des problèmes concrets","Informatique | Mathématiques | Anglais technique | Sciences","Électronique | Programmation | Automatique | IoT | Capteurs | Résolution de problèmes","Curiosité | Autonomie | Organisation | Communication | Esprit critique | Apprentissage continu","Arduino | Raspberry Pi | ROS | Python | C/C++ | PLC","Ingénieur robotique | Développeur embarqué | Automaticien | Ingénieur IoT | Technicien industrie 4.0","Apprendre électronique de base | Programmer Arduino/Python | Créer un objet connecté | Étudier capteurs et actionneurs | Réaliser un projet robotique","ENSA/EMI/INPT | FST Électronique/Informatique | OFPPT automatisme | Masters IoT/Robotique","Certification débutant liée au domaine | Cours en ligne avec projet pratique | Portfolio personnel | Participation à hackathon/club informatique","Moyenne","Moyenne","Avancé","Fort","Moyen","2","2","4","4","3","5","7000","14000","16000","35000","Estimation pédagogique mensuelle en MAD, à vérifier et mettre à jour selon la ville, l’expérience, l’entreprise et l’année.","Bonnes perspectives d’apprentissage | Possibilité de créer des projets concrets | Compétences utiles dans plusieurs secteurs","Nécessite une pratique régulière | Demande une veille technologique | Peut devenir difficile sans projets réels | Bases mathématiques importantes","Commence par les bases, réalise un petit projet lié à Drone & Systèmes Autonomes, puis documente ton travail dans un portfolio.","Créer une fiche de veille | Réaliser un mini-projet appliqué | Présenter le domaine à ses camarades | Comparer 3 métiers associés","Drone & Systèmes Autonomes | Robotique & Industrie 4.0 | Électronique | Programmation | Automatique | IoT | Capteurs | Ingénieur robotique | Développeur embarqué | Automaticien","157","Publié"
"158","arduino-raspberry-pi-prototypage","Arduino & Raspberry Pi (Prototypage)","Robotique & Industrie 4.0","Découvre Arduino & Raspberry Pi (Prototypage) : une spécialité du numérique pour comprendre, explorer, comparer et construire ton parcours.","Ce domaine consiste à automatisation des machines, objets connectés et systèmes industriels intelligents. Il permet à l’élève de relier ses centres d’intérêt avec des métiers numériques concrets.","Important car la demande est moyenne au Maroc et moyenne à l’international, avec un impact de l’IA jugé moyen.","Aime fabriquer et manipuler | Aime les objets connectés | Aime les sciences physiques | Aime résoudre des problèmes concrets","Informatique | Mathématiques | Anglais technique | Sciences","Électronique | Programmation | Automatique | IoT | Capteurs | Résolution de problèmes | Prototypage | Design system","Curiosité | Autonomie | Organisation | Communication | Esprit critique | Apprentissage continu","Arduino | Raspberry Pi | ROS | Python | C/C++ | PLC | Figma | Canva","UX/UI Designer | Product Designer | Web Designer","Apprendre électronique de base | Programmer Arduino/Python | Créer un objet connecté | Étudier capteurs et actionneurs | Réaliser un projet robotique","ENSA/EMI/INPT | FST Électronique/Informatique | OFPPT automatisme | Masters IoT/Robotique","Certification débutant liée au domaine | Cours en ligne avec projet pratique | Portfolio personnel | Participation à hackathon/club informatique","Moyenne","Moyenne","Avancé","Fort","Moyen","2","2","4","4","3","5","7000","14000","16000","35000","Estimation pédagogique mensuelle en MAD, à vérifier et mettre à jour selon la ville, l’expérience, l’entreprise et l’année.","Bonnes perspectives d’apprentissage | Possibilité de créer des projets concrets | Compétences utiles dans plusieurs secteurs","Nécessite une pratique régulière | Demande une veille technologique | Peut devenir difficile sans projets réels | Bases mathématiques importantes","Commence par les bases, réalise un petit projet lié à Arduino & Raspberry Pi (Prototypage), puis documente ton travail dans un portfolio.","Créer une fiche de veille | Réaliser un mini-projet appliqué | Présenter le domaine à ses camarades | Comparer 3 métiers associés","Arduino & Raspberry Pi (Prototypage) | Robotique & Industrie 4.0 | Électronique | Programmation | Automatique | IoT | Capteurs | UX/UI Designer | Product Designer | Web Designer","158","Publié"
"159","informatique-graphique-rendu-3d","Informatique Graphique & Rendu 3D","Informatique Scientifique","Découvre Informatique Graphique & Rendu 3D : une spécialité du numérique pour comprendre, explorer, comparer et construire ton parcours.","Ce domaine consiste à utilisation du calcul, de la modélisation et des données pour résoudre des problèmes scientifiques ou techniques. Il permet à l’élève de relier ses centres d’intérêt avec des métiers numériques concrets.","Important car la demande est faible au Maroc et moyenne à l’international, avec un impact de l’IA jugé très fort.","Aime les sciences | Aime les modèles et expériences | Est curieux | Aime relier informatique et recherche","Informatique | Mathématiques | Anglais technique | Sciences","Mathématiques | Programmation scientifique | Simulation | Analyse numérique | Python | Recherche","Curiosité | Autonomie | Organisation | Communication | Esprit critique | Apprentissage continu","Python | MATLAB | R | Jupyter | NumPy | SciPy","Ingénieur simulation | Bioinformaticien | Data Scientist scientifique | Chercheur numérique | Analyste scientifique","Renforcer maths et sciences | Apprendre Python scientifique | Faire des simulations simples | Lire des cas scientifiques | Créer un projet interdisciplinaire","Facultés des sciences | FST | Écoles d’ingénieurs | Masters Bioinfo/Simulation/Data","Certification débutant liée au domaine | Cours en ligne avec projet pratique | Portfolio personnel | Participation à hackathon/club informatique","Moyenne","Faible","Avancé","Fort","Très fort","2","4","5","3","3","5","7000","14000","16000","35000","Estimation pédagogique mensuelle en MAD, à vérifier et mettre à jour selon la ville, l’expérience, l’entreprise et l’année.","Bonnes perspectives d’apprentissage | Possibilité de créer des projets concrets | Compétences utiles dans plusieurs secteurs | Compatible avec le travail à distance","Nécessite une pratique régulière | Demande une veille technologique | Peut devenir difficile sans projets réels | Bases mathématiques importantes","Commence par les bases, réalise un petit projet lié à Informatique Graphique & Rendu 3D, puis documente ton travail dans un portfolio.","Créer une fiche de veille | Réaliser un mini-projet appliqué | Présenter le domaine à ses camarades | Comparer 3 métiers associés","Informatique Graphique & Rendu 3D | Informatique Scientifique | Mathématiques | Programmation scientifique | Simulation | Analyse numérique | Python | Ingénieur simulation | Bioinformaticien | Data Scientist scientifique","159","Publié"
"160","simulation-numerique-cfd-fem","Simulation Numérique (CFD, FEM)","Informatique Scientifique","Découvre Simulation Numérique (CFD, FEM) : une spécialité du numérique pour comprendre, explorer, comparer et construire ton parcours.","Ce domaine consiste à utilisation du calcul, de la modélisation et des données pour résoudre des problèmes scientifiques ou techniques. Il permet à l’élève de relier ses centres d’intérêt avec des métiers numériques concrets.","Important car la demande est faible au Maroc et moyenne à l’international, avec un impact de l’IA jugé très fort.","Aime les sciences | Aime les modèles et expériences | Est curieux | Aime relier informatique et recherche","Informatique | Mathématiques | Anglais technique | Sciences","Mathématiques | Programmation scientifique | Simulation | Analyse numérique | Python | Recherche","Curiosité | Autonomie | Organisation | Communication | Esprit critique | Apprentissage continu","Python | MATLAB | R | Jupyter | NumPy | SciPy","Ingénieur simulation | Bioinformaticien | Data Scientist scientifique | Chercheur numérique | Analyste scientifique","Renforcer maths et sciences | Apprendre Python scientifique | Faire des simulations simples | Lire des cas scientifiques | Créer un projet interdisciplinaire","Facultés des sciences | FST | Écoles d’ingénieurs | Masters Bioinfo/Simulation/Data","Certification débutant liée au domaine | Cours en ligne avec projet pratique | Portfolio personnel | Participation à hackathon/club informatique","Moyenne","Faible","Avancé","Fort","Très fort","2","4","5","3","3","5","7000","14000","16000","35000","Estimation pédagogique mensuelle en MAD, à vérifier et mettre à jour selon la ville, l’expérience, l’entreprise et l’année.","Bonnes perspectives d’apprentissage | Possibilité de créer des projets concrets | Compétences utiles dans plusieurs secteurs | Compatible avec le travail à distance","Nécessite une pratique régulière | Demande une veille technologique | Peut devenir difficile sans projets réels | Bases mathématiques importantes","Commence par les bases, réalise un petit projet lié à Simulation Numérique (CFD, FEM), puis documente ton travail dans un portfolio.","Créer une fiche de veille | Réaliser un mini-projet appliqué | Présenter le domaine à ses camarades | Comparer 3 métiers associés","Simulation Numérique (CFD, FEM) | Informatique Scientifique | Mathématiques | Programmation scientifique | Simulation | Analyse numérique | Python | Ingénieur simulation | Bioinformaticien | Data Scientist scientifique","160","Publié"
"161","bio-informatique","Bio-informatique","Informatique Scientifique","Découvre Bio-informatique : une spécialité du numérique pour comprendre, explorer, comparer et construire ton parcours.","Ce domaine consiste à utilisation du calcul, de la modélisation et des données pour résoudre des problèmes scientifiques ou techniques. Il permet à l’élève de relier ses centres d’intérêt avec des métiers numériques concrets.","Important car la demande est faible au Maroc et moyenne à l’international, avec un impact de l’IA jugé très fort.","Aime les sciences | Aime les modèles et expériences | Est curieux | Aime relier informatique et recherche","Informatique | Mathématiques | Anglais technique | Sciences","Mathématiques | Programmation scientifique | Simulation | Analyse numérique | Python | Recherche | Données de santé | Éthique | Analyse scientifique","Curiosité | Autonomie | Organisation | Communication | Esprit critique | Apprentissage continu","Python | MATLAB | R | Jupyter | NumPy | SciPy","Bioinformaticien | Health Data Analyst | Spécialiste santé numérique","Renforcer maths et sciences | Apprendre Python scientifique | Faire des simulations simples | Lire des cas scientifiques | Créer un projet interdisciplinaire","Facultés des sciences | FST | Écoles d’ingénieurs | Masters Bioinfo/Simulation/Data","Certification débutant liée au domaine | Cours en ligne avec projet pratique | Portfolio personnel | Participation à hackathon/club informatique","Moyenne","Faible","Avancé","Fort","Très fort","2","4","5","3","3","5","7000","14000","16000","35000","Estimation pédagogique mensuelle en MAD, à vérifier et mettre à jour selon la ville, l’expérience, l’entreprise et l’année.","Bonnes perspectives d’apprentissage | Possibilité de créer des projets concrets | Compétences utiles dans plusieurs secteurs | Compatible avec le travail à distance","Nécessite une pratique régulière | Demande une veille technologique | Peut devenir difficile sans projets réels | Bases mathématiques importantes","Commence par les bases, réalise un petit projet lié à Bio-informatique, puis documente ton travail dans un portfolio.","Créer une fiche de veille | Réaliser un mini-projet appliqué | Présenter le domaine à ses camarades | Comparer 3 métiers associés","Bio-informatique | Informatique Scientifique | Mathématiques | Programmation scientifique | Simulation | Analyse numérique | Python | Bioinformaticien | Health Data Analyst | Spécialiste santé numérique","161","Publié"
"162","informatique-medicale-healthtech","Informatique Médicale & HealthTech","Informatique Scientifique","Découvre Informatique Médicale & HealthTech : une spécialité du numérique pour comprendre, explorer, comparer et construire ton parcours.","Ce domaine consiste à utilisation du calcul, de la modélisation et des données pour résoudre des problèmes scientifiques ou techniques. Il permet à l’élève de relier ses centres d’intérêt avec des métiers numériques concrets.","Important car la demande est moyenne au Maroc et haute à l’international, avec un impact de l’IA jugé très fort.","Aime les sciences | Aime les modèles et expériences | Est curieux | Aime relier informatique et recherche","Informatique | Mathématiques | Anglais technique | Sciences","Mathématiques | Programmation scientifique | Simulation | Analyse numérique | Python | Recherche","Curiosité | Autonomie | Organisation | Communication | Esprit critique | Apprentissage continu","Python | MATLAB | R | Jupyter | NumPy | SciPy","Ingénieur simulation | Bioinformaticien | Data Scientist scientifique | Chercheur numérique | Analyste scientifique","Renforcer maths et sciences | Apprendre Python scientifique | Faire des simulations simples | Lire des cas scientifiques | Créer un projet interdisciplinaire","Facultés des sciences | FST | Écoles d’ingénieurs | Masters Bioinfo/Simulation/Data","Certification débutant liée au domaine | Cours en ligne avec projet pratique | Portfolio personnel | Participation à hackathon/club informatique","Haute","Moyenne","Avancé","Très fort","Très fort","2","4","5","3","3","5","7500","15000","17500","38000","Estimation pédagogique mensuelle en MAD, à vérifier et mettre à jour selon la ville, l’expérience, l’entreprise et l’année.","Bonnes perspectives d’apprentissage | Possibilité de créer des projets concrets | Compétences utiles dans plusieurs secteurs | Compatible avec le travail à distance","Nécessite une pratique régulière | Demande une veille technologique | Peut devenir difficile sans projets réels | Bases mathématiques importantes","Commence par les bases, réalise un petit projet lié à Informatique Médicale & HealthTech, puis documente ton travail dans un portfolio.","Créer une fiche de veille | Réaliser un mini-projet appliqué | Présenter le domaine à ses camarades | Comparer 3 métiers associés","Informatique Médicale & HealthTech | Informatique Scientifique | Mathématiques | Programmation scientifique | Simulation | Analyse numérique | Python | Ingénieur simulation | Bioinformaticien | Data Scientist scientifique","162","Publié"
"163","calcul-haute-performance-hpc","Calcul Haute Performance (HPC)","Informatique Scientifique","Découvre Calcul Haute Performance (HPC) : une spécialité du numérique pour comprendre, explorer, comparer et construire ton parcours.","Ce domaine consiste à utilisation du calcul, de la modélisation et des données pour résoudre des problèmes scientifiques ou techniques. Il permet à l’élève de relier ses centres d’intérêt avec des métiers numériques concrets.","Important car la demande est faible au Maroc et moyenne à l’international, avec un impact de l’IA jugé très fort.","Aime les sciences | Aime les modèles et expériences | Est curieux | Aime relier informatique et recherche","Informatique | Mathématiques | Anglais technique | Sciences","Mathématiques | Programmation scientifique | Simulation | Analyse numérique | Python | Recherche","Curiosité | Autonomie | Organisation | Communication | Esprit critique | Apprentissage continu","Python | MATLAB | R | Jupyter | NumPy | SciPy","Ingénieur simulation | Bioinformaticien | Data Scientist scientifique | Chercheur numérique | Analyste scientifique","Renforcer maths et sciences | Apprendre Python scientifique | Faire des simulations simples | Lire des cas scientifiques | Créer un projet interdisciplinaire","Facultés des sciences | FST | Écoles d’ingénieurs | Masters Bioinfo/Simulation/Data","Certification débutant liée au domaine | Cours en ligne avec projet pratique | Portfolio personnel | Participation à hackathon/club informatique","Moyenne","Faible","Avancé","Fort","Très fort","2","4","5","3","3","5","7000","14000","16000","35000","Estimation pédagogique mensuelle en MAD, à vérifier et mettre à jour selon la ville, l’expérience, l’entreprise et l’année.","Bonnes perspectives d’apprentissage | Possibilité de créer des projets concrets | Compétences utiles dans plusieurs secteurs | Compatible avec le travail à distance","Nécessite une pratique régulière | Demande une veille technologique | Peut devenir difficile sans projets réels | Bases mathématiques importantes","Commence par les bases, réalise un petit projet lié à Calcul Haute Performance (HPC), puis documente ton travail dans un portfolio.","Créer une fiche de veille | Réaliser un mini-projet appliqué | Présenter le domaine à ses camarades | Comparer 3 métiers associés","Calcul Haute Performance (HPC) | Informatique Scientifique | Mathématiques | Programmation scientifique | Simulation | Analyse numérique | Python | Ingénieur simulation | Bioinformaticien | Data Scientist scientifique","163","Publié"
"164","vision-par-ordinateur-applications-medicales","Vision par Ordinateur (Applications Médicales)","Informatique Scientifique","Découvre Vision par Ordinateur (Applications Médicales) : une spécialité du numérique pour comprendre, explorer, comparer et construire ton parcours.","Ce domaine consiste à utilisation du calcul, de la modélisation et des données pour résoudre des problèmes scientifiques ou techniques. Il permet à l’élève de relier ses centres d’intérêt avec des métiers numériques concrets.","Important car la demande est moyenne au Maroc et haute à l’international, avec un impact de l’IA jugé très fort.","Aime les sciences | Aime les modèles et expériences | Est curieux | Aime relier informatique et recherche","Informatique | Mathématiques | Anglais technique | Sciences","Mathématiques | Programmation scientifique | Simulation | Analyse numérique | Python | Recherche","Curiosité | Autonomie | Organisation | Communication | Esprit critique | Apprentissage continu","Python | MATLAB | R | Jupyter | NumPy | SciPy","Ingénieur simulation | Bioinformaticien | Data Scientist scientifique | Chercheur numérique | Analyste scientifique","Renforcer maths et sciences | Apprendre Python scientifique | Faire des simulations simples | Lire des cas scientifiques | Créer un projet interdisciplinaire","Facultés des sciences | FST | Écoles d’ingénieurs | Masters Bioinfo/Simulation/Data","Certification débutant liée au domaine | Cours en ligne avec projet pratique | Portfolio personnel | Participation à hackathon/club informatique","Haute","Moyenne","Avancé","Très fort","Très fort","2","4","5","3","3","5","7500","15000","17500","38000","Estimation pédagogique mensuelle en MAD, à vérifier et mettre à jour selon la ville, l’expérience, l’entreprise et l’année.","Bonnes perspectives d’apprentissage | Possibilité de créer des projets concrets | Compétences utiles dans plusieurs secteurs | Compatible avec le travail à distance","Nécessite une pratique régulière | Demande une veille technologique | Peut devenir difficile sans projets réels | Bases mathématiques importantes","Commence par les bases, réalise un petit projet lié à Vision par Ordinateur (Applications Médicales), puis documente ton travail dans un portfolio.","Créer une fiche de veille | Réaliser un mini-projet appliqué | Présenter le domaine à ses camarades | Comparer 3 métiers associés","Vision par Ordinateur (Applications Médicales) | Informatique Scientifique | Mathématiques | Programmation scientifique | Simulation | Analyse numérique | Python | Ingénieur simulation | Bioinformaticien | Data Scientist scientifique","164","Publié"
"165","geo-informatique-cartographie-numerique","Géo-informatique & Cartographie Numérique","Informatique Scientifique","Découvre Géo-informatique & Cartographie Numérique : une spécialité du numérique pour comprendre, explorer, comparer et construire ton parcours.","Ce domaine consiste à utilisation du calcul, de la modélisation et des données pour résoudre des problèmes scientifiques ou techniques. Il permet à l’élève de relier ses centres d’intérêt avec des métiers numériques concrets.","Important car la demande est moyenne au Maroc et moyenne à l’international, avec un impact de l’IA jugé très fort.","Aime les sciences | Aime les modèles et expériences | Est curieux | Aime relier informatique et recherche","Informatique | Mathématiques | Anglais technique | Sciences","Mathématiques | Programmation scientifique | Simulation | Analyse numérique | Python | Recherche","Curiosité | Autonomie | Organisation | Communication | Esprit critique | Apprentissage continu","Python | MATLAB | R | Jupyter | NumPy | SciPy","Ingénieur simulation | Bioinformaticien | Data Scientist scientifique | Chercheur numérique | Analyste scientifique","Renforcer maths et sciences | Apprendre Python scientifique | Faire des simulations simples | Lire des cas scientifiques | Créer un projet interdisciplinaire","Facultés des sciences | FST | Écoles d’ingénieurs | Masters Bioinfo/Simulation/Data","Certification débutant liée au domaine | Cours en ligne avec projet pratique | Portfolio personnel | Participation à hackathon/club informatique","Moyenne","Moyenne","Avancé","Fort","Très fort","2","4","5","3","3","5","7000","14000","16000","35000","Estimation pédagogique mensuelle en MAD, à vérifier et mettre à jour selon la ville, l’expérience, l’entreprise et l’année.","Bonnes perspectives d’apprentissage | Possibilité de créer des projets concrets | Compétences utiles dans plusieurs secteurs | Compatible avec le travail à distance","Nécessite une pratique régulière | Demande une veille technologique | Peut devenir difficile sans projets réels | Bases mathématiques importantes","Commence par les bases, réalise un petit projet lié à Géo-informatique & Cartographie Numérique, puis documente ton travail dans un portfolio.","Créer une fiche de veille | Réaliser un mini-projet appliqué | Présenter le domaine à ses camarades | Comparer 3 métiers associés","Géo-informatique & Cartographie Numérique | Informatique Scientifique | Mathématiques | Programmation scientifique | Simulation | Analyse numérique | Python | Ingénieur simulation | Bioinformaticien | Data Scientist scientifique","165","Publié"
"166","conception-de-plateformes-lms","Conception de Plateformes LMS","EdTech","Découvre Conception de Plateformes LMS : une spécialité du numérique pour comprendre, explorer, comparer et construire ton parcours.","Ce domaine consiste à conception de solutions numériques pour améliorer l’apprentissage, l’enseignement et la formation. Il permet à l’élève de relier ses centres d’intérêt avec des métiers numériques concrets.","Important car la demande est très haute au Maroc et haute à l’international, avec un impact de l’IA jugé fort.","Aime aider les autres | Aime expliquer | Est créatif | S’intéresse à l’éducation et au numérique","Informatique | Culture numérique | Français/communication | Projet pratique","Pédagogie | UX/UI | Développement web | Création de contenu | Analyse d’apprentissage | Communication","Curiosité | Autonomie | Organisation | Communication | Esprit critique | Apprentissage continu","Moodle | Laravel | React | Canva | LMS | Google Classroom","Concepteur EdTech | Développeur LMS | Instructional Designer | Product Manager EdTech | Formateur numérique","Comprendre les besoins des apprenants | Créer des contenus simples | Découvrir LMS | Développer une mini-plateforme | Tester avec des utilisateurs","Facultés éducation | FST/EST Informatique | Masters EdTech | Formations pédagogie numérique","Certification débutant liée au domaine | Cours en ligne avec projet pratique | Portfolio personnel | Participation à hackathon/club informatique","Haute","Très haute","Moyen","Excellent","Fort","4","5","1","4","5","4","6000","12000","13000","26000","Estimation pédagogique mensuelle en MAD, à vérifier et mettre à jour selon la ville, l’expérience, l’entreprise et l’année.","Bonnes perspectives d’apprentissage | Possibilité de créer des projets concrets | Compétences utiles dans plusieurs secteurs | Compatible avec le travail à distance | Possibilité de freelance","Nécessite une pratique régulière | Demande une veille technologique | Peut devenir difficile sans projets réels","Commence par les bases, réalise un petit projet lié à Conception de Plateformes LMS, puis documente ton travail dans un portfolio.","Créer une fiche de veille | Réaliser un mini-projet appliqué | Présenter le domaine à ses camarades | Comparer 3 métiers associés","Conception de Plateformes LMS | EdTech | Pédagogie | UX/UI | Développement web | Création de contenu | Analyse d’apprentissage | Concepteur EdTech | Développeur LMS | Instructional Designer","166","Publié"
"167","e-learning-mooc","E-Learning & MOOC","EdTech","Découvre E-Learning & MOOC : une spécialité du numérique pour comprendre, explorer, comparer et construire ton parcours.","Ce domaine consiste à conception de solutions numériques pour améliorer l’apprentissage, l’enseignement et la formation. Il permet à l’élève de relier ses centres d’intérêt avec des métiers numériques concrets.","Important car la demande est très haute au Maroc et très haute à l’international, avec un impact de l’IA jugé fort.","Aime aider les autres | Aime expliquer | Est créatif | S’intéresse à l’éducation et au numérique","Informatique | Culture numérique | Français/communication | Projet pratique","Pédagogie | UX/UI | Développement web | Création de contenu | Analyse d’apprentissage | Communication","Curiosité | Autonomie | Organisation | Communication | Esprit critique | Apprentissage continu","Moodle | Laravel | React | Canva | LMS | Google Classroom","Concepteur EdTech | Développeur LMS | Instructional Designer | Product Manager EdTech | Formateur numérique","Comprendre les besoins des apprenants | Créer des contenus simples | Découvrir LMS | Développer une mini-plateforme | Tester avec des utilisateurs","Facultés éducation | FST/EST Informatique | Masters EdTech | Formations pédagogie numérique","Certification débutant liée au domaine | Cours en ligne avec projet pratique | Portfolio personnel | Participation à hackathon/club informatique","Très haute","Très haute","Moyen","Excellent","Fort","4","5","1","4","5","4","6000","12000","13000","26000","Estimation pédagogique mensuelle en MAD, à vérifier et mettre à jour selon la ville, l’expérience, l’entreprise et l’année.","Bonnes perspectives d’apprentissage | Possibilité de créer des projets concrets | Compétences utiles dans plusieurs secteurs | Compatible avec le travail à distance | Possibilité de freelance","Nécessite une pratique régulière | Demande une veille technologique | Peut devenir difficile sans projets réels","Commence par les bases, réalise un petit projet lié à E-Learning & MOOC, puis documente ton travail dans un portfolio.","Créer une fiche de veille | Réaliser un mini-projet appliqué | Présenter le domaine à ses camarades | Comparer 3 métiers associés","E-Learning & MOOC | EdTech | Pédagogie | UX/UI | Développement web | Création de contenu | Analyse d’apprentissage | Concepteur EdTech | Développeur LMS | Instructional Designer","167","Publié"
"168","gamification-educative","Gamification Éducative","EdTech","Découvre Gamification Éducative : une spécialité du numérique pour comprendre, explorer, comparer et construire ton parcours.","Ce domaine consiste à conception de solutions numériques pour améliorer l’apprentissage, l’enseignement et la formation. Il permet à l’élève de relier ses centres d’intérêt avec des métiers numériques concrets.","Important car la demande est haute au Maroc et moyenne à l’international, avec un impact de l’IA jugé fort.","Aime aider les autres | Aime expliquer | Est créatif | S’intéresse à l’éducation et au numérique","Informatique | Culture numérique | Français/communication | Projet pratique","Pédagogie | UX/UI | Développement web | Création de contenu | Analyse d’apprentissage | Communication","Curiosité | Autonomie | Organisation | Communication | Esprit critique | Apprentissage continu","Moodle | Laravel | React | Canva | LMS | Google Classroom","Concepteur EdTech | Développeur LMS | Instructional Designer | Product Manager EdTech | Formateur numérique","Comprendre les besoins des apprenants | Créer des contenus simples | Découvrir LMS | Développer une mini-plateforme | Tester avec des utilisateurs","Facultés éducation | FST/EST Informatique | Masters EdTech | Formations pédagogie numérique","Certification débutant liée au domaine | Cours en ligne avec projet pratique | Portfolio personnel | Participation à hackathon/club informatique","Moyenne","Haute","Moyen","Très fort","Fort","4","5","1","4","5","4","5500","11000","12000","24000","Estimation pédagogique mensuelle en MAD, à vérifier et mettre à jour selon la ville, l’expérience, l’entreprise et l’année.","Bonnes perspectives d’apprentissage | Possibilité de créer des projets concrets | Compétences utiles dans plusieurs secteurs | Compatible avec le travail à distance | Possibilité de freelance","Nécessite une pratique régulière | Demande une veille technologique | Peut devenir difficile sans projets réels","Commence par les bases, réalise un petit projet lié à Gamification Éducative, puis documente ton travail dans un portfolio.","Créer une fiche de veille | Réaliser un mini-projet appliqué | Présenter le domaine à ses camarades | Comparer 3 métiers associés","Gamification Éducative | EdTech | Pédagogie | UX/UI | Développement web | Création de contenu | Analyse d’apprentissage | Concepteur EdTech | Développeur LMS | Instructional Designer","168","Publié"
"169","tutorat-intelligent-ia-pour-l-education","Tutorat Intelligent & IA pour l'Éducation","EdTech","Découvre Tutorat Intelligent & IA pour l'Éducation : une spécialité du numérique pour comprendre, explorer, comparer et construire ton parcours.","Ce domaine consiste à conception de solutions numériques pour améliorer l’apprentissage, l’enseignement et la formation. Il permet à l’élève de relier ses centres d’intérêt avec des métiers numériques concrets.","Important car la demande est haute au Maroc et haute à l’international, avec un impact de l’IA jugé très fort.","Aime aider les autres | Aime expliquer | Est créatif | S’intéresse à l’éducation et au numérique","Informatique | Culture numérique | Français/communication | Projet pratique","Pédagogie | UX/UI | Développement web | Création de contenu | Analyse d’apprentissage | Communication","Curiosité | Autonomie | Organisation | Communication | Esprit critique | Apprentissage continu","Moodle | Laravel | React | Canva | LMS | Google Classroom","Concepteur EdTech | Développeur LMS | Instructional Designer | Product Manager EdTech | Formateur numérique","Comprendre les besoins des apprenants | Créer des contenus simples | Découvrir LMS | Développer une mini-plateforme | Tester avec des utilisateurs","Facultés éducation | FST/EST Informatique | Masters EdTech | Formations pédagogie numérique","Certification débutant liée au domaine | Cours en ligne avec projet pratique | Portfolio personnel | Participation à hackathon/club informatique","Haute","Haute","Moyen","Très fort","Très fort","4","5","1","4","5","4","5500","11000","12000","24000","Estimation pédagogique mensuelle en MAD, à vérifier et mettre à jour selon la ville, l’expérience, l’entreprise et l’année.","Bonnes perspectives d’apprentissage | Possibilité de créer des projets concrets | Compétences utiles dans plusieurs secteurs | Compatible avec le travail à distance | Possibilité de freelance","Nécessite une pratique régulière | Demande une veille technologique | Peut devenir difficile sans projets réels","Commence par les bases, réalise un petit projet lié à Tutorat Intelligent & IA pour l'Éducation, puis documente ton travail dans un portfolio.","Créer une fiche de veille | Réaliser un mini-projet appliqué | Présenter le domaine à ses camarades | Comparer 3 métiers associés","Tutorat Intelligent & IA pour l'Éducation | EdTech | Pédagogie | UX/UI | Développement web | Création de contenu | Analyse d’apprentissage | Concepteur EdTech | Développeur LMS | Instructional Designer","169","Publié"
"170","creation-de-contenu-numerique-educatif","Création de Contenu Numérique Éducatif","EdTech","Découvre Création de Contenu Numérique Éducatif : une spécialité du numérique pour comprendre, explorer, comparer et construire ton parcours.","Ce domaine consiste à conception de solutions numériques pour améliorer l’apprentissage, l’enseignement et la formation. Il permet à l’élève de relier ses centres d’intérêt avec des métiers numériques concrets.","Important car la demande est très haute au Maroc et haute à l’international, avec un impact de l’IA jugé fort.","Aime aider les autres | Aime expliquer | Est créatif | S’intéresse à l’éducation et au numérique","Informatique | Culture numérique | Français/communication | Projet pratique","Pédagogie | UX/UI | Développement web | Création de contenu | Analyse d’apprentissage | Communication","Curiosité | Autonomie | Organisation | Communication | Esprit critique | Apprentissage continu","Moodle | Laravel | React | Canva | LMS | Google Classroom","Concepteur EdTech | Développeur LMS | Instructional Designer | Product Manager EdTech | Formateur numérique","Comprendre les besoins des apprenants | Créer des contenus simples | Découvrir LMS | Développer une mini-plateforme | Tester avec des utilisateurs","Facultés éducation | FST/EST Informatique | Masters EdTech | Formations pédagogie numérique","Certification débutant liée au domaine | Cours en ligne avec projet pratique | Portfolio personnel | Participation à hackathon/club informatique","Haute","Très haute","Moyen","Excellent","Fort","4","5","1","4","5","4","6000","12000","13000","26000","Estimation pédagogique mensuelle en MAD, à vérifier et mettre à jour selon la ville, l’expérience, l’entreprise et l’année.","Bonnes perspectives d’apprentissage | Possibilité de créer des projets concrets | Compétences utiles dans plusieurs secteurs | Compatible avec le travail à distance | Possibilité de freelance","Nécessite une pratique régulière | Demande une veille technologique | Peut devenir difficile sans projets réels","Commence par les bases, réalise un petit projet lié à Création de Contenu Numérique Éducatif, puis documente ton travail dans un portfolio.","Créer une fiche de veille | Réaliser un mini-projet appliqué | Présenter le domaine à ses camarades | Comparer 3 métiers associés","Création de Contenu Numérique Éducatif | EdTech | Pédagogie | UX/UI | Développement web | Création de contenu | Analyse d’apprentissage | Concepteur EdTech | Développeur LMS | Instructional Designer","170","Publié"
"171","realite-virtuelle-pour-la-formation","Réalité Virtuelle pour la Formation","EdTech","Découvre Réalité Virtuelle pour la Formation : une spécialité du numérique pour comprendre, explorer, comparer et construire ton parcours.","Ce domaine consiste à conception de solutions numériques pour améliorer l’apprentissage, l’enseignement et la formation. Il permet à l’élève de relier ses centres d’intérêt avec des métiers numériques concrets.","Important car la demande est moyenne au Maroc et moyenne à l’international, avec un impact de l’IA jugé fort.","Aime aider les autres | Aime expliquer | Est créatif | S’intéresse à l’éducation et au numérique","Informatique | Culture numérique | Français/communication | Projet pratique","Pédagogie | UX/UI | Développement web | Création de contenu | Analyse d’apprentissage | Communication","Curiosité | Autonomie | Organisation | Communication | Esprit critique | Apprentissage continu","Moodle | Laravel | React | Canva | LMS | Google Classroom","Concepteur EdTech | Développeur LMS | Instructional Designer | Product Manager EdTech | Formateur numérique","Comprendre les besoins des apprenants | Créer des contenus simples | Découvrir LMS | Développer une mini-plateforme | Tester avec des utilisateurs","Facultés éducation | FST/EST Informatique | Masters EdTech | Formations pédagogie numérique","Certification débutant liée au domaine | Cours en ligne avec projet pratique | Portfolio personnel | Participation à hackathon/club informatique","Moyenne","Moyenne","Moyen","Fort","Fort","4","5","1","4","5","4","5000","10000","11000","22000","Estimation pédagogique mensuelle en MAD, à vérifier et mettre à jour selon la ville, l’expérience, l’entreprise et l’année.","Bonnes perspectives d’apprentissage | Possibilité de créer des projets concrets | Compétences utiles dans plusieurs secteurs | Compatible avec le travail à distance | Possibilité de freelance","Nécessite une pratique régulière | Demande une veille technologique | Peut devenir difficile sans projets réels","Commence par les bases, réalise un petit projet lié à Réalité Virtuelle pour la Formation, puis documente ton travail dans un portfolio.","Créer une fiche de veille | Réaliser un mini-projet appliqué | Présenter le domaine à ses camarades | Comparer 3 métiers associés","Réalité Virtuelle pour la Formation | EdTech | Pédagogie | UX/UI | Développement web | Création de contenu | Analyse d’apprentissage | Concepteur EdTech | Développeur LMS | Instructional Designer","171","Publié"
"172","transformation-digitale-des-entreprises","Transformation Digitale des Entreprises","Transformation Digitale","Découvre Transformation Digitale des Entreprises : une spécialité du numérique pour comprendre, explorer, comparer et construire ton parcours.","Ce domaine consiste à accompagnement des organisations dans l’adoption des outils numériques, de l’automatisation et des nouveaux processus. Il permet à l’élève de relier ses centres d’intérêt avec des métiers numériques concrets.","Important car la demande est très haute au Maroc et très haute à l’international, avec un impact de l’IA jugé fort.","Aime améliorer l’organisation | Aime aider les entreprises | Communique bien | S’intéresse aux outils numériques simples","Informatique | Culture numérique | Français/communication | Projet pratique","Analyse métier | Communication | Outils numériques | Gestion du changement | No-code | Data","Curiosité | Autonomie | Organisation | Communication | Esprit critique | Apprentissage continu","Notion | Airtable | Power BI | Odoo | Zapier | Microsoft 365","Consultant digital | Business Analyst | Digital Transformation Officer | Chef de projet digital | No-code Specialist","Comprendre les processus métier | Apprendre les outils collaboratifs | Créer des automatisations simples | Analyser des besoins utilisateurs | Proposer un plan de transformation","Écoles de commerce/management | Masters SI | FST/EST informatique appliquée | Certifications no-code/data","Certification débutant liée au domaine | Cours en ligne avec projet pratique | Portfolio personnel | Participation à hackathon/club informatique","Très haute","Très haute","Moyen","Excellent","Fort","4","5","1","4","5","4","6000","12000","13000","26000","Estimation pédagogique mensuelle en MAD, à vérifier et mettre à jour selon la ville, l’expérience, l’entreprise et l’année.","Bonnes perspectives d’apprentissage | Possibilité de créer des projets concrets | Compétences utiles dans plusieurs secteurs | Compatible avec le travail à distance | Possibilité de freelance","Nécessite une pratique régulière | Demande une veille technologique | Peut devenir difficile sans projets réels","Commence par les bases, réalise un petit projet lié à Transformation Digitale des Entreprises, puis documente ton travail dans un portfolio.","Créer une fiche de veille | Réaliser un mini-projet appliqué | Présenter le domaine à ses camarades | Comparer 3 métiers associés","Transformation Digitale des Entreprises | Transformation Digitale | Analyse métier | Communication | Outils numériques | Gestion du changement | No-code | Consultant digital | Business Analyst | Digital Transformation Officer","172","Publié"
"173","smart-city-ville-intelligente","Smart City & Ville Intelligente","Transformation Digitale","Découvre Smart City & Ville Intelligente : une spécialité du numérique pour comprendre, explorer, comparer et construire ton parcours.","Ce domaine consiste à accompagnement des organisations dans l’adoption des outils numériques, de l’automatisation et des nouveaux processus. Il permet à l’élève de relier ses centres d’intérêt avec des métiers numériques concrets.","Important car la demande est haute au Maroc et haute à l’international, avec un impact de l’IA jugé fort.","Aime améliorer l’organisation | Aime aider les entreprises | Communique bien | S’intéresse aux outils numériques simples","Informatique | Culture numérique | Français/communication | Projet pratique","Analyse métier | Communication | Outils numériques | Gestion du changement | No-code | Data","Curiosité | Autonomie | Organisation | Communication | Esprit critique | Apprentissage continu","Notion | Airtable | Power BI | Odoo | Zapier | Microsoft 365","Consultant digital | Business Analyst | Digital Transformation Officer | Chef de projet digital | No-code Specialist","Comprendre les processus métier | Apprendre les outils collaboratifs | Créer des automatisations simples | Analyser des besoins utilisateurs | Proposer un plan de transformation","Écoles de commerce/management | Masters SI | FST/EST informatique appliquée | Certifications no-code/data","Certification débutant liée au domaine | Cours en ligne avec projet pratique | Portfolio personnel | Participation à hackathon/club informatique","Haute","Haute","Moyen","Très fort","Fort","4","5","1","4","5","4","5500","11000","12000","24000","Estimation pédagogique mensuelle en MAD, à vérifier et mettre à jour selon la ville, l’expérience, l’entreprise et l’année.","Bonnes perspectives d’apprentissage | Possibilité de créer des projets concrets | Compétences utiles dans plusieurs secteurs | Compatible avec le travail à distance | Possibilité de freelance","Nécessite une pratique régulière | Demande une veille technologique | Peut devenir difficile sans projets réels","Commence par les bases, réalise un petit projet lié à Smart City & Ville Intelligente, puis documente ton travail dans un portfolio.","Créer une fiche de veille | Réaliser un mini-projet appliqué | Présenter le domaine à ses camarades | Comparer 3 métiers associés","Smart City & Ville Intelligente | Transformation Digitale | Analyse métier | Communication | Outils numériques | Gestion du changement | No-code | Consultant digital | Business Analyst | Digital Transformation Officer","173","Publié"
"174","e-gouvernement-administration-numerique","E-Gouvernement & Administration Numérique","Transformation Digitale","Découvre E-Gouvernement & Administration Numérique : une spécialité du numérique pour comprendre, explorer, comparer et construire ton parcours.","Ce domaine consiste à accompagnement des organisations dans l’adoption des outils numériques, de l’automatisation et des nouveaux processus. Il permet à l’élève de relier ses centres d’intérêt avec des métiers numériques concrets.","Important car la demande est très haute au Maroc et haute à l’international, avec un impact de l’IA jugé fort.","Aime améliorer l’organisation | Aime aider les entreprises | Communique bien | S’intéresse aux outils numériques simples","Informatique | Culture numérique | Français/communication | Projet pratique","Analyse métier | Communication | Outils numériques | Gestion du changement | No-code | Data","Curiosité | Autonomie | Organisation | Communication | Esprit critique | Apprentissage continu","Notion | Airtable | Power BI | Odoo | Zapier | Microsoft 365","Consultant digital | Business Analyst | Digital Transformation Officer | Chef de projet digital | No-code Specialist","Comprendre les processus métier | Apprendre les outils collaboratifs | Créer des automatisations simples | Analyser des besoins utilisateurs | Proposer un plan de transformation","Écoles de commerce/management | Masters SI | FST/EST informatique appliquée | Certifications no-code/data","Certification débutant liée au domaine | Cours en ligne avec projet pratique | Portfolio personnel | Participation à hackathon/club informatique","Haute","Très haute","Moyen","Excellent","Fort","4","5","1","4","5","4","6000","12000","13000","26000","Estimation pédagogique mensuelle en MAD, à vérifier et mettre à jour selon la ville, l’expérience, l’entreprise et l’année.","Bonnes perspectives d’apprentissage | Possibilité de créer des projets concrets | Compétences utiles dans plusieurs secteurs | Compatible avec le travail à distance | Possibilité de freelance","Nécessite une pratique régulière | Demande une veille technologique | Peut devenir difficile sans projets réels","Commence par les bases, réalise un petit projet lié à E-Gouvernement & Administration Numérique, puis documente ton travail dans un portfolio.","Créer une fiche de veille | Réaliser un mini-projet appliqué | Présenter le domaine à ses camarades | Comparer 3 métiers associés","E-Gouvernement & Administration Numérique | Transformation Digitale | Analyse métier | Communication | Outils numériques | Gestion du changement | No-code | Consultant digital | Business Analyst | Digital Transformation Officer","174","Publié"
"175","sante-numerique-e-sante","Santé Numérique (e-Santé)","Transformation Digitale","Découvre Santé Numérique (e-Santé) : une spécialité du numérique pour comprendre, explorer, comparer et construire ton parcours.","Ce domaine consiste à accompagnement des organisations dans l’adoption des outils numériques, de l’automatisation et des nouveaux processus. Il permet à l’élève de relier ses centres d’intérêt avec des métiers numériques concrets.","Important car la demande est haute au Maroc et très haute à l’international, avec un impact de l’IA jugé fort.","Aime améliorer l’organisation | Aime aider les entreprises | Communique bien | S’intéresse aux outils numériques simples","Informatique | Culture numérique | Français/communication | Projet pratique","Analyse métier | Communication | Outils numériques | Gestion du changement | No-code | Data | Données de santé | Éthique | Analyse scientifique","Curiosité | Autonomie | Organisation | Communication | Esprit critique | Apprentissage continu","Notion | Airtable | Power BI | Odoo | Zapier | Microsoft 365","Bioinformaticien | Health Data Analyst | Spécialiste santé numérique","Comprendre les processus métier | Apprendre les outils collaboratifs | Créer des automatisations simples | Analyser des besoins utilisateurs | Proposer un plan de transformation","Écoles de commerce/management | Masters SI | FST/EST informatique appliquée | Certifications no-code/data","Certification débutant liée au domaine | Cours en ligne avec projet pratique | Portfolio personnel | Participation à hackathon/club informatique","Très haute","Haute","Moyen","Excellent","Fort","4","5","1","4","5","4","6000","12000","13000","26000","Estimation pédagogique mensuelle en MAD, à vérifier et mettre à jour selon la ville, l’expérience, l’entreprise et l’année.","Bonnes perspectives d’apprentissage | Possibilité de créer des projets concrets | Compétences utiles dans plusieurs secteurs | Compatible avec le travail à distance | Possibilité de freelance","Nécessite une pratique régulière | Demande une veille technologique | Peut devenir difficile sans projets réels","Commence par les bases, réalise un petit projet lié à Santé Numérique (e-Santé), puis documente ton travail dans un portfolio.","Créer une fiche de veille | Réaliser un mini-projet appliqué | Présenter le domaine à ses camarades | Comparer 3 métiers associés","Santé Numérique (e-Santé) | Transformation Digitale | Analyse métier | Communication | Outils numériques | Gestion du changement | No-code | Bioinformaticien | Health Data Analyst | Spécialiste santé numérique","175","Publié"
"176","agritech-agriculture-numerique","AgriTech (Agriculture Numérique)","Transformation Digitale","Découvre AgriTech (Agriculture Numérique) : une spécialité du numérique pour comprendre, explorer, comparer et construire ton parcours.","Ce domaine consiste à accompagnement des organisations dans l’adoption des outils numériques, de l’automatisation et des nouveaux processus. Il permet à l’élève de relier ses centres d’intérêt avec des métiers numériques concrets.","Important car la demande est haute au Maroc et moyenne à l’international, avec un impact de l’IA jugé fort.","Aime améliorer l’organisation | Aime aider les entreprises | Communique bien | S’intéresse aux outils numériques simples","Informatique | Culture numérique | Français/communication | Projet pratique","Analyse métier | Communication | Outils numériques | Gestion du changement | No-code | Data","Curiosité | Autonomie | Organisation | Communication | Esprit critique | Apprentissage continu","Notion | Airtable | Power BI | Odoo | Zapier | Microsoft 365","Consultant digital | Business Analyst | Digital Transformation Officer | Chef de projet digital | No-code Specialist","Comprendre les processus métier | Apprendre les outils collaboratifs | Créer des automatisations simples | Analyser des besoins utilisateurs | Proposer un plan de transformation","Écoles de commerce/management | Masters SI | FST/EST informatique appliquée | Certifications no-code/data","Certification débutant liée au domaine | Cours en ligne avec projet pratique | Portfolio personnel | Participation à hackathon/club informatique","Moyenne","Haute","Moyen","Très fort","Fort","4","5","1","4","5","4","5500","11000","12000","24000","Estimation pédagogique mensuelle en MAD, à vérifier et mettre à jour selon la ville, l’expérience, l’entreprise et l’année.","Bonnes perspectives d’apprentissage | Possibilité de créer des projets concrets | Compétences utiles dans plusieurs secteurs | Compatible avec le travail à distance | Possibilité de freelance","Nécessite une pratique régulière | Demande une veille technologique | Peut devenir difficile sans projets réels","Commence par les bases, réalise un petit projet lié à AgriTech (Agriculture Numérique), puis documente ton travail dans un portfolio.","Créer une fiche de veille | Réaliser un mini-projet appliqué | Présenter le domaine à ses camarades | Comparer 3 métiers associés","AgriTech (Agriculture Numérique) | Transformation Digitale | Analyse métier | Communication | Outils numériques | Gestion du changement | No-code | Consultant digital | Business Analyst | Digital Transformation Officer","176","Publié"
"177","legaltech-droit-technologie","LegalTech (Droit & Technologie)","Transformation Digitale","Découvre LegalTech (Droit & Technologie) : une spécialité du numérique pour comprendre, explorer, comparer et construire ton parcours.","Ce domaine consiste à accompagnement des organisations dans l’adoption des outils numériques, de l’automatisation et des nouveaux processus. Il permet à l’élève de relier ses centres d’intérêt avec des métiers numériques concrets.","Important car la demande est moyenne au Maroc et moyenne à l’international, avec un impact de l’IA jugé fort.","Aime améliorer l’organisation | Aime aider les entreprises | Communique bien | S’intéresse aux outils numériques simples","Informatique | Culture numérique | Français/communication | Projet pratique","Analyse métier | Communication | Outils numériques | Gestion du changement | No-code | Data","Curiosité | Autonomie | Organisation | Communication | Esprit critique | Apprentissage continu","Notion | Airtable | Power BI | Odoo | Zapier | Microsoft 365","Consultant digital | Business Analyst | Digital Transformation Officer | Chef de projet digital | No-code Specialist","Comprendre les processus métier | Apprendre les outils collaboratifs | Créer des automatisations simples | Analyser des besoins utilisateurs | Proposer un plan de transformation","Écoles de commerce/management | Masters SI | FST/EST informatique appliquée | Certifications no-code/data","Certification débutant liée au domaine | Cours en ligne avec projet pratique | Portfolio personnel | Participation à hackathon/club informatique","Moyenne","Moyenne","Moyen","Fort","Fort","4","5","1","4","5","4","5000","10000","11000","22000","Estimation pédagogique mensuelle en MAD, à vérifier et mettre à jour selon la ville, l’expérience, l’entreprise et l’année.","Bonnes perspectives d’apprentissage | Possibilité de créer des projets concrets | Compétences utiles dans plusieurs secteurs | Compatible avec le travail à distance | Possibilité de freelance","Nécessite une pratique régulière | Demande une veille technologique | Peut devenir difficile sans projets réels","Commence par les bases, réalise un petit projet lié à LegalTech (Droit & Technologie), puis documente ton travail dans un portfolio.","Créer une fiche de veille | Réaliser un mini-projet appliqué | Présenter le domaine à ses camarades | Comparer 3 métiers associés","LegalTech (Droit & Technologie) | Transformation Digitale | Analyse métier | Communication | Outils numériques | Gestion du changement | No-code | Consultant digital | Business Analyst | Digital Transformation Officer","177","Publié"
"178","greentech-numerique-responsable","GreenTech & Numérique Responsable","Transformation Digitale","Découvre GreenTech & Numérique Responsable : une spécialité du numérique pour comprendre, explorer, comparer et construire ton parcours.","Ce domaine consiste à accompagnement des organisations dans l’adoption des outils numériques, de l’automatisation et des nouveaux processus. Il permet à l’élève de relier ses centres d’intérêt avec des métiers numériques concrets.","Important car la demande est moyenne au Maroc et haute à l’international, avec un impact de l’IA jugé fort.","Aime améliorer l’organisation | Aime aider les entreprises | Communique bien | S’intéresse aux outils numériques simples","Informatique | Culture numérique | Français/communication | Projet pratique","Analyse métier | Communication | Outils numériques | Gestion du changement | No-code | Data","Curiosité | Autonomie | Organisation | Communication | Esprit critique | Apprentissage continu","Notion | Airtable | Power BI | Odoo | Zapier | Microsoft 365","Consultant digital | Business Analyst | Digital Transformation Officer | Chef de projet digital | No-code Specialist","Comprendre les processus métier | Apprendre les outils collaboratifs | Créer des automatisations simples | Analyser des besoins utilisateurs | Proposer un plan de transformation","Écoles de commerce/management | Masters SI | FST/EST informatique appliquée | Certifications no-code/data","Certification débutant liée au domaine | Cours en ligne avec projet pratique | Portfolio personnel | Participation à hackathon/club informatique","Haute","Moyenne","Moyen","Très fort","Fort","4","5","1","4","5","4","5500","11000","12000","24000","Estimation pédagogique mensuelle en MAD, à vérifier et mettre à jour selon la ville, l’expérience, l’entreprise et l’année.","Bonnes perspectives d’apprentissage | Possibilité de créer des projets concrets | Compétences utiles dans plusieurs secteurs | Compatible avec le travail à distance | Possibilité de freelance","Nécessite une pratique régulière | Demande une veille technologique | Peut devenir difficile sans projets réels","Commence par les bases, réalise un petit projet lié à GreenTech & Numérique Responsable, puis documente ton travail dans un portfolio.","Créer une fiche de veille | Réaliser un mini-projet appliqué | Présenter le domaine à ses camarades | Comparer 3 métiers associés","GreenTech & Numérique Responsable | Transformation Digitale | Analyse métier | Communication | Outils numériques | Gestion du changement | No-code | Consultant digital | Business Analyst | Digital Transformation Officer","178","Publié"
"179","logistictech-supply-chain-digitale","LogisticTech & Supply Chain Digitale","Transformation Digitale","Découvre LogisticTech & Supply Chain Digitale : une spécialité du numérique pour comprendre, explorer, comparer et construire ton parcours.","Ce domaine consiste à accompagnement des organisations dans l’adoption des outils numériques, de l’automatisation et des nouveaux processus. Il permet à l’élève de relier ses centres d’intérêt avec des métiers numériques concrets.","Important car la demande est haute au Maroc et haute à l’international, avec un impact de l’IA jugé très fort.","Aime améliorer l’organisation | Aime aider les entreprises | Communique bien | S’intéresse aux outils numériques simples","Informatique | Culture numérique | Français/communication | Projet pratique","Analyse métier | Communication | Outils numériques | Gestion du changement | No-code | Data","Curiosité | Autonomie | Organisation | Communication | Esprit critique | Apprentissage continu","Notion | Airtable | Power BI | Odoo | Zapier | Microsoft 365","Consultant digital | Business Analyst | Digital Transformation Officer | Chef de projet digital | No-code Specialist","Comprendre les processus métier | Apprendre les outils collaboratifs | Créer des automatisations simples | Analyser des besoins utilisateurs | Proposer un plan de transformation","Écoles de commerce/management | Masters SI | FST/EST informatique appliquée | Certifications no-code/data","Certification débutant liée au domaine | Cours en ligne avec projet pratique | Portfolio personnel | Participation à hackathon/club informatique","Haute","Haute","Moyen","Très fort","Très fort","4","5","1","4","5","4","5500","11000","12000","24000","Estimation pédagogique mensuelle en MAD, à vérifier et mettre à jour selon la ville, l’expérience, l’entreprise et l’année.","Bonnes perspectives d’apprentissage | Possibilité de créer des projets concrets | Compétences utiles dans plusieurs secteurs | Compatible avec le travail à distance | Possibilité de freelance","Nécessite une pratique régulière | Demande une veille technologique | Peut devenir difficile sans projets réels","Commence par les bases, réalise un petit projet lié à LogisticTech & Supply Chain Digitale, puis documente ton travail dans un portfolio.","Créer une fiche de veille | Réaliser un mini-projet appliqué | Présenter le domaine à ses camarades | Comparer 3 métiers associés","LogisticTech & Supply Chain Digitale | Transformation Digitale | Analyse métier | Communication | Outils numériques | Gestion du changement | No-code | Consultant digital | Business Analyst | Digital Transformation Officer","179","Publié"
"180","proptech-immobilier-numerique","PropTech (Immobilier Numérique)","Transformation Digitale","Découvre PropTech (Immobilier Numérique) : une spécialité du numérique pour comprendre, explorer, comparer et construire ton parcours.","Ce domaine consiste à accompagnement des organisations dans l’adoption des outils numériques, de l’automatisation et des nouveaux processus. Il permet à l’élève de relier ses centres d’intérêt avec des métiers numériques concrets.","Important car la demande est moyenne au Maroc et moyenne à l’international, avec un impact de l’IA jugé fort.","Aime améliorer l’organisation | Aime aider les entreprises | Communique bien | S’intéresse aux outils numériques simples","Informatique | Culture numérique | Français/communication | Projet pratique","Analyse métier | Communication | Outils numériques | Gestion du changement | No-code | Data","Curiosité | Autonomie | Organisation | Communication | Esprit critique | Apprentissage continu","Notion | Airtable | Power BI | Odoo | Zapier | Microsoft 365","Consultant digital | Business Analyst | Digital Transformation Officer | Chef de projet digital | No-code Specialist","Comprendre les processus métier | Apprendre les outils collaboratifs | Créer des automatisations simples | Analyser des besoins utilisateurs | Proposer un plan de transformation","Écoles de commerce/management | Masters SI | FST/EST informatique appliquée | Certifications no-code/data","Certification débutant liée au domaine | Cours en ligne avec projet pratique | Portfolio personnel | Participation à hackathon/club informatique","Moyenne","Moyenne","Moyen","Fort","Fort","4","5","1","4","5","4","5000","10000","11000","22000","Estimation pédagogique mensuelle en MAD, à vérifier et mettre à jour selon la ville, l’expérience, l’entreprise et l’année.","Bonnes perspectives d’apprentissage | Possibilité de créer des projets concrets | Compétences utiles dans plusieurs secteurs | Compatible avec le travail à distance | Possibilité de freelance","Nécessite une pratique régulière | Demande une veille technologique | Peut devenir difficile sans projets réels","Commence par les bases, réalise un petit projet lié à PropTech (Immobilier Numérique), puis documente ton travail dans un portfolio.","Créer une fiche de veille | Réaliser un mini-projet appliqué | Présenter le domaine à ses camarades | Comparer 3 métiers associés","PropTech (Immobilier Numérique) | Transformation Digitale | Analyse métier | Communication | Outils numériques | Gestion du changement | No-code | Consultant digital | Business Analyst | Digital Transformation Officer","180","Publié"
"181","traveltech-tourisme-numerique","TravelTech (Tourisme Numérique)","Transformation Digitale","Découvre TravelTech (Tourisme Numérique) : une spécialité du numérique pour comprendre, explorer, comparer et construire ton parcours.","Ce domaine consiste à accompagnement des organisations dans l’adoption des outils numériques, de l’automatisation et des nouveaux processus. Il permet à l’élève de relier ses centres d’intérêt avec des métiers numériques concrets.","Important car la demande est haute au Maroc et moyenne à l’international, avec un impact de l’IA jugé fort.","Aime améliorer l’organisation | Aime aider les entreprises | Communique bien | S’intéresse aux outils numériques simples","Informatique | Culture numérique | Français/communication | Projet pratique","Analyse métier | Communication | Outils numériques | Gestion du changement | No-code | Data","Curiosité | Autonomie | Organisation | Communication | Esprit critique | Apprentissage continu","Notion | Airtable | Power BI | Odoo | Zapier | Microsoft 365","Consultant digital | Business Analyst | Digital Transformation Officer | Chef de projet digital | No-code Specialist","Comprendre les processus métier | Apprendre les outils collaboratifs | Créer des automatisations simples | Analyser des besoins utilisateurs | Proposer un plan de transformation","Écoles de commerce/management | Masters SI | FST/EST informatique appliquée | Certifications no-code/data","Certification débutant liée au domaine | Cours en ligne avec projet pratique | Portfolio personnel | Participation à hackathon/club informatique","Moyenne","Haute","Moyen","Très fort","Fort","4","5","1","4","5","4","5500","11000","12000","24000","Estimation pédagogique mensuelle en MAD, à vérifier et mettre à jour selon la ville, l’expérience, l’entreprise et l’année.","Bonnes perspectives d’apprentissage | Possibilité de créer des projets concrets | Compétences utiles dans plusieurs secteurs | Compatible avec le travail à distance | Possibilité de freelance","Nécessite une pratique régulière | Demande une veille technologique | Peut devenir difficile sans projets réels","Commence par les bases, réalise un petit projet lié à TravelTech (Tourisme Numérique), puis documente ton travail dans un portfolio.","Créer une fiche de veille | Réaliser un mini-projet appliqué | Présenter le domaine à ses camarades | Comparer 3 métiers associés","TravelTech (Tourisme Numérique) | Transformation Digitale | Analyse métier | Communication | Outils numériques | Gestion du changement | No-code | Consultant digital | Business Analyst | Digital Transformation Officer","181","Publié"
"182","qa-testing-assurance-qualite","QA Testing & Assurance Qualité","QA & Testing","Découvre QA Testing & Assurance Qualité : une spécialité du numérique pour comprendre, explorer, comparer et construire ton parcours.","Ce domaine consiste à vérification de la qualité des logiciels à travers des tests manuels, automatisés et des processus d’amélioration. Il permet à l’élève de relier ses centres d’intérêt avec des métiers numériques concrets.","Important car la demande est haute au Maroc et haute à l’international, avec un impact de l’IA jugé fort.","Est précis et attentif | Aime détecter les erreurs | Aime améliorer les produits | Est organisé","Informatique | Culture numérique | Français/communication | Projet pratique","Méthodologie de test | Automatisation | Documentation | Analyse des bugs | Communication | Qualité logicielle","Curiosité | Autonomie | Organisation | Communication | Esprit critique | Apprentissage continu","Selenium | Cypress | Postman | Jira | Playwright | GitHub Actions","Testeur QA | QA Automation Engineer | Test Manager | Analyste qualité logiciel | SDET","Comprendre le cycle logiciel | Apprendre les tests manuels | Tester des API avec Postman | Automatiser avec Selenium/Cypress | Préparer ISTQB Foundation","FST/EST Informatique | Formations QA/Testing | Certifications ISTQB | Écoles d’ingénieurs informatique","Certification débutant liée au domaine | Cours en ligne avec projet pratique | Portfolio personnel | Participation à hackathon/club informatique","Haute","Haute","Facile à moyen","Très fort","Fort","3","5","1","2","4","4","4500","8500","9500","19500","Estimation pédagogique mensuelle en MAD, à vérifier et mettre à jour selon la ville, l’expérience, l’entreprise et l’année.","Bonnes perspectives d’apprentissage | Possibilité de créer des projets concrets | Compétences utiles dans plusieurs secteurs | Compatible avec le travail à distance","Nécessite une pratique régulière | Demande une veille technologique | Peut devenir difficile sans projets réels","Commence par les bases, réalise un petit projet lié à QA Testing & Assurance Qualité, puis documente ton travail dans un portfolio.","Créer une fiche de veille | Réaliser un mini-projet appliqué | Présenter le domaine à ses camarades | Comparer 3 métiers associés","QA Testing & Assurance Qualité | QA & Testing | Méthodologie de test | Automatisation | Documentation | Analyse des bugs | Communication | Testeur QA | QA Automation Engineer | Test Manager","182","Publié"
"183","test-automatise-selenium-cypress","Test Automatisé (Selenium, Cypress)","QA & Testing","Découvre Test Automatisé (Selenium, Cypress) : une spécialité du numérique pour comprendre, explorer, comparer et construire ton parcours.","Ce domaine consiste à vérification de la qualité des logiciels à travers des tests manuels, automatisés et des processus d’amélioration. Il permet à l’élève de relier ses centres d’intérêt avec des métiers numériques concrets.","Important car la demande est haute au Maroc et haute à l’international, avec un impact de l’IA jugé fort.","Est précis et attentif | Aime détecter les erreurs | Aime améliorer les produits | Est organisé","Informatique | Culture numérique | Français/communication | Projet pratique","Méthodologie de test | Automatisation | Documentation | Analyse des bugs | Communication | Qualité logicielle","Curiosité | Autonomie | Organisation | Communication | Esprit critique | Apprentissage continu","Selenium | Cypress | Postman | Jira | Playwright | GitHub Actions","Testeur QA | QA Automation Engineer | Test Manager | Analyste qualité logiciel | SDET","Comprendre le cycle logiciel | Apprendre les tests manuels | Tester des API avec Postman | Automatiser avec Selenium/Cypress | Préparer ISTQB Foundation","FST/EST Informatique | Formations QA/Testing | Certifications ISTQB | Écoles d’ingénieurs informatique","Certification débutant liée au domaine | Cours en ligne avec projet pratique | Portfolio personnel | Participation à hackathon/club informatique","Haute","Haute","Facile à moyen","Très fort","Fort","3","5","1","2","4","4","4500","8500","9500","19500","Estimation pédagogique mensuelle en MAD, à vérifier et mettre à jour selon la ville, l’expérience, l’entreprise et l’année.","Bonnes perspectives d’apprentissage | Possibilité de créer des projets concrets | Compétences utiles dans plusieurs secteurs | Compatible avec le travail à distance","Nécessite une pratique régulière | Demande une veille technologique | Peut devenir difficile sans projets réels","Commence par les bases, réalise un petit projet lié à Test Automatisé (Selenium, Cypress), puis documente ton travail dans un portfolio.","Créer une fiche de veille | Réaliser un mini-projet appliqué | Présenter le domaine à ses camarades | Comparer 3 métiers associés","Test Automatisé (Selenium, Cypress) | QA & Testing | Méthodologie de test | Automatisation | Documentation | Analyse des bugs | Communication | Testeur QA | QA Automation Engineer | Test Manager","183","Publié"
"184","test-de-performance-jmeter","Test de Performance (JMeter)","QA & Testing","Découvre Test de Performance (JMeter) : une spécialité du numérique pour comprendre, explorer, comparer et construire ton parcours.","Ce domaine consiste à vérification de la qualité des logiciels à travers des tests manuels, automatisés et des processus d’amélioration. Il permet à l’élève de relier ses centres d’intérêt avec des métiers numériques concrets.","Important car la demande est moyenne au Maroc et moyenne à l’international, avec un impact de l’IA jugé fort.","Est précis et attentif | Aime détecter les erreurs | Aime améliorer les produits | Est organisé","Informatique | Culture numérique | Français/communication | Projet pratique","Méthodologie de test | Automatisation | Documentation | Analyse des bugs | Communication | Qualité logicielle","Curiosité | Autonomie | Organisation | Communication | Esprit critique | Apprentissage continu","Selenium | Cypress | Postman | Jira | Playwright | GitHub Actions","Testeur QA | QA Automation Engineer | Test Manager | Analyste qualité logiciel | SDET","Comprendre le cycle logiciel | Apprendre les tests manuels | Tester des API avec Postman | Automatiser avec Selenium/Cypress | Préparer ISTQB Foundation","FST/EST Informatique | Formations QA/Testing | Certifications ISTQB | Écoles d’ingénieurs informatique","Certification débutant liée au domaine | Cours en ligne avec projet pratique | Portfolio personnel | Participation à hackathon/club informatique","Moyenne","Moyenne","Facile à moyen","Fort","Fort","3","5","1","2","4","4","4000","8000","9000","18000","Estimation pédagogique mensuelle en MAD, à vérifier et mettre à jour selon la ville, l’expérience, l’entreprise et l’année.","Bonnes perspectives d’apprentissage | Possibilité de créer des projets concrets | Compétences utiles dans plusieurs secteurs | Compatible avec le travail à distance","Nécessite une pratique régulière | Demande une veille technologique | Peut devenir difficile sans projets réels","Commence par les bases, réalise un petit projet lié à Test de Performance (JMeter), puis documente ton travail dans un portfolio.","Créer une fiche de veille | Réaliser un mini-projet appliqué | Présenter le domaine à ses camarades | Comparer 3 métiers associés","Test de Performance (JMeter) | QA & Testing | Méthodologie de test | Automatisation | Documentation | Analyse des bugs | Communication | Testeur QA | QA Automation Engineer | Test Manager","184","Publié"
"185","bug-tracking-gestion-des-incidents","Bug Tracking & Gestion des Incidents","QA & Testing","Découvre Bug Tracking & Gestion des Incidents : une spécialité du numérique pour comprendre, explorer, comparer et construire ton parcours.","Ce domaine consiste à vérification de la qualité des logiciels à travers des tests manuels, automatisés et des processus d’amélioration. Il permet à l’élève de relier ses centres d’intérêt avec des métiers numériques concrets.","Important car la demande est moyenne au Maroc et moyenne à l’international, avec un impact de l’IA jugé fort.","Est précis et attentif | Aime détecter les erreurs | Aime améliorer les produits | Est organisé","Informatique | Culture numérique | Français/communication | Projet pratique","Méthodologie de test | Automatisation | Documentation | Analyse des bugs | Communication | Qualité logicielle","Curiosité | Autonomie | Organisation | Communication | Esprit critique | Apprentissage continu","Selenium | Cypress | Postman | Jira | Playwright | GitHub Actions","Testeur QA | QA Automation Engineer | Test Manager | Analyste qualité logiciel | SDET","Comprendre le cycle logiciel | Apprendre les tests manuels | Tester des API avec Postman | Automatiser avec Selenium/Cypress | Préparer ISTQB Foundation","FST/EST Informatique | Formations QA/Testing | Certifications ISTQB | Écoles d’ingénieurs informatique","Certification débutant liée au domaine | Cours en ligne avec projet pratique | Portfolio personnel | Participation à hackathon/club informatique","Moyenne","Moyenne","Facile à moyen","Fort","Fort","3","5","1","2","4","4","4000","8000","9000","18000","Estimation pédagogique mensuelle en MAD, à vérifier et mettre à jour selon la ville, l’expérience, l’entreprise et l’année.","Bonnes perspectives d’apprentissage | Possibilité de créer des projets concrets | Compétences utiles dans plusieurs secteurs | Compatible avec le travail à distance","Nécessite une pratique régulière | Demande une veille technologique | Peut devenir difficile sans projets réels","Commence par les bases, réalise un petit projet lié à Bug Tracking & Gestion des Incidents, puis documente ton travail dans un portfolio.","Créer une fiche de veille | Réaliser un mini-projet appliqué | Présenter le domaine à ses camarades | Comparer 3 métiers associés","Bug Tracking & Gestion des Incidents | QA & Testing | Méthodologie de test | Automatisation | Documentation | Analyse des bugs | Communication | Testeur QA | QA Automation Engineer | Test Manager","185","Publié"
"186","support-technique-niveau-1-2-3","Support Technique Niveau 1/2/3","QA & Testing","Découvre Support Technique Niveau 1/2/3 : une spécialité du numérique pour comprendre, explorer, comparer et construire ton parcours.","Ce domaine consiste à vérification de la qualité des logiciels à travers des tests manuels, automatisés et des processus d’amélioration. Il permet à l’élève de relier ses centres d’intérêt avec des métiers numériques concrets.","Important car la demande est haute au Maroc et moyenne à l’international, avec un impact de l’IA jugé fort.","Est précis et attentif | Aime détecter les erreurs | Aime améliorer les produits | Est organisé","Informatique | Culture numérique | Français/communication | Projet pratique","Méthodologie de test | Automatisation | Documentation | Analyse des bugs | Communication | Qualité logicielle","Curiosité | Autonomie | Organisation | Communication | Esprit critique | Apprentissage continu","Selenium | Cypress | Postman | Jira | Playwright | GitHub Actions","Testeur QA | QA Automation Engineer | Test Manager | Analyste qualité logiciel | SDET","Comprendre le cycle logiciel | Apprendre les tests manuels | Tester des API avec Postman | Automatiser avec Selenium/Cypress | Préparer ISTQB Foundation","FST/EST Informatique | Formations QA/Testing | Certifications ISTQB | Écoles d’ingénieurs informatique","Certification débutant liée au domaine | Cours en ligne avec projet pratique | Portfolio personnel | Participation à hackathon/club informatique","Moyenne","Haute","Facile à moyen","Très fort","Fort","3","5","1","2","4","4","4500","8500","9500","19500","Estimation pédagogique mensuelle en MAD, à vérifier et mettre à jour selon la ville, l’expérience, l’entreprise et l’année.","Bonnes perspectives d’apprentissage | Possibilité de créer des projets concrets | Compétences utiles dans plusieurs secteurs | Compatible avec le travail à distance","Nécessite une pratique régulière | Demande une veille technologique | Peut devenir difficile sans projets réels","Commence par les bases, réalise un petit projet lié à Support Technique Niveau 1/2/3, puis documente ton travail dans un portfolio.","Créer une fiche de veille | Réaliser un mini-projet appliqué | Présenter le domaine à ses camarades | Comparer 3 métiers associés","Support Technique Niveau 1/2/3 | QA & Testing | Méthodologie de test | Automatisation | Documentation | Analyse des bugs | Communication | Testeur QA | QA Automation Engineer | Test Manager","186","Publié"
"187","python-multi-domaines","Python (Multi-domaines)","Langages & Paradigmes","Découvre Python (Multi-domaines) : une spécialité du numérique pour comprendre, explorer, comparer et construire ton parcours.","Ce domaine consiste à maîtrise des langages de programmation et des méthodes de conception logicielle. Il permet à l’élève de relier ses centres d’intérêt avec des métiers numériques concrets.","Important car la demande est très haute au Maroc et très haute à l’international, avec un impact de l’IA jugé très fort.","Aime coder | Aime comprendre les concepts | Est patient | Aime résoudre des problèmes abstraits","Informatique | Mathématiques | Anglais technique | Projet pratique","Algorithmique | Structures de données | Programmation orientée objet | Tests | Git | Architecture logicielle","Curiosité | Autonomie | Organisation | Communication | Esprit critique | Apprentissage continu","VS Code | Git | Java | Python | C++ | Docker","Développeur logiciel | Software Engineer | Développeur back-end | Architecte logiciel | Formateur programmation","Apprendre un langage principal | Comprendre POO et structures de données | Résoudre des exercices | Créer un projet complet | Apprendre les bonnes pratiques","FST/EST Informatique | ENSA/ENSIAS/INPT | BTS DSI | Formations programmation","Certification débutant liée au domaine | Cours en ligne avec projet pratique | Portfolio personnel | Participation à hackathon/club informatique","Très haute","Très haute","Moyen à avancé","Excellent","Très fort","4","5","3","3","3","5","7000","14000","16500","33000","Estimation pédagogique mensuelle en MAD, à vérifier et mettre à jour selon la ville, l’expérience, l’entreprise et l’année.","Bonnes perspectives d’apprentissage | Possibilité de créer des projets concrets | Compétences utiles dans plusieurs secteurs | Compatible avec le travail à distance | Possibilité de freelance","Nécessite une pratique régulière | Demande une veille technologique | Peut devenir difficile sans projets réels","Commence par les bases, réalise un petit projet lié à Python (Multi-domaines), puis documente ton travail dans un portfolio.","Créer une fiche de veille | Réaliser un mini-projet appliqué | Présenter le domaine à ses camarades | Comparer 3 métiers associés","Python (Multi-domaines) | Langages & Paradigmes | Algorithmique | Structures de données | Programmation orientée objet | Tests | Git | Développeur logiciel | Software Engineer | Développeur back-end","187","Publié"
"188","javascript-typescript","JavaScript / TypeScript","Langages & Paradigmes","Découvre JavaScript / TypeScript : une spécialité du numérique pour comprendre, explorer, comparer et construire ton parcours.","Ce domaine consiste à maîtrise des langages de programmation et des méthodes de conception logicielle. Il permet à l’élève de relier ses centres d’intérêt avec des métiers numériques concrets.","Important car la demande est très haute au Maroc et très haute à l’international, avec un impact de l’IA jugé moyen.","Aime coder | Aime comprendre les concepts | Est patient | Aime résoudre des problèmes abstraits","Informatique | Mathématiques | Anglais technique | Projet pratique","Algorithmique | Structures de données | Programmation orientée objet | Tests | Git | Architecture logicielle","Curiosité | Autonomie | Organisation | Communication | Esprit critique | Apprentissage continu","VS Code | Git | Java | Python | C++ | Docker","Développeur logiciel | Software Engineer | Développeur back-end | Architecte logiciel | Formateur programmation","Apprendre un langage principal | Comprendre POO et structures de données | Résoudre des exercices | Créer un projet complet | Apprendre les bonnes pratiques","FST/EST Informatique | ENSA/ENSIAS/INPT | BTS DSI | Formations programmation","Certification débutant liée au domaine | Cours en ligne avec projet pratique | Portfolio personnel | Participation à hackathon/club informatique","Très haute","Très haute","Moyen à avancé","Excellent","Moyen","4","5","3","3","3","5","7000","14000","16500","33000","Estimation pédagogique mensuelle en MAD, à vérifier et mettre à jour selon la ville, l’expérience, l’entreprise et l’année.","Bonnes perspectives d’apprentissage | Possibilité de créer des projets concrets | Compétences utiles dans plusieurs secteurs | Compatible avec le travail à distance | Possibilité de freelance","Nécessite une pratique régulière | Demande une veille technologique | Peut devenir difficile sans projets réels","Commence par les bases, réalise un petit projet lié à JavaScript / TypeScript, puis documente ton travail dans un portfolio.","Créer une fiche de veille | Réaliser un mini-projet appliqué | Présenter le domaine à ses camarades | Comparer 3 métiers associés","JavaScript / TypeScript | Langages & Paradigmes | Algorithmique | Structures de données | Programmation orientée objet | Tests | Git | Développeur logiciel | Software Engineer | Développeur back-end","188","Publié"
"189","java-enterprise-android","Java (Enterprise & Android)","Langages & Paradigmes","Découvre Java (Enterprise & Android) : une spécialité du numérique pour comprendre, explorer, comparer et construire ton parcours.","Ce domaine consiste à maîtrise des langages de programmation et des méthodes de conception logicielle. Il permet à l’élève de relier ses centres d’intérêt avec des métiers numériques concrets.","Important car la demande est haute au Maroc et très haute à l’international, avec un impact de l’IA jugé moyen.","Aime coder | Aime comprendre les concepts | Est patient | Aime résoudre des problèmes abstraits","Informatique | Mathématiques | Anglais technique | Projet pratique","Algorithmique | Structures de données | Programmation orientée objet | Tests | Git | Architecture logicielle","Curiosité | Autonomie | Organisation | Communication | Esprit critique | Apprentissage continu","VS Code | Git | Java | Python | C++ | Docker | Flutter | React Native","Développeur mobile | Mobile App Developer | Développeur cross-platform","Apprendre un langage principal | Comprendre POO et structures de données | Résoudre des exercices | Créer un projet complet | Apprendre les bonnes pratiques","FST/EST Informatique | ENSA/ENSIAS/INPT | BTS DSI | Formations programmation","Certification débutant liée au domaine | Cours en ligne avec projet pratique | Portfolio personnel | Participation à hackathon/club informatique","Très haute","Haute","Moyen à avancé","Très fort","Moyen","4","5","3","3","3","5","7000","14000","16500","33000","Estimation pédagogique mensuelle en MAD, à vérifier et mettre à jour selon la ville, l’expérience, l’entreprise et l’année.","Bonnes perspectives d’apprentissage | Possibilité de créer des projets concrets | Compétences utiles dans plusieurs secteurs | Compatible avec le travail à distance | Possibilité de freelance","Nécessite une pratique régulière | Demande une veille technologique | Peut devenir difficile sans projets réels","Commence par les bases, réalise un petit projet lié à Java (Enterprise & Android), puis documente ton travail dans un portfolio.","Créer une fiche de veille | Réaliser un mini-projet appliqué | Présenter le domaine à ses camarades | Comparer 3 métiers associés","Java (Enterprise & Android) | Langages & Paradigmes | Algorithmique | Structures de données | Programmation orientée objet | Tests | Git | Développeur mobile | Mobile App Developer | Développeur cross-platform","189","Publié"
"190","c-c-embarque-systeme","C / C++ (Embarqué & Système)","Langages & Paradigmes","Découvre C / C++ (Embarqué & Système) : une spécialité du numérique pour comprendre, explorer, comparer et construire ton parcours.","Ce domaine consiste à maîtrise des langages de programmation et des méthodes de conception logicielle. Il permet à l’élève de relier ses centres d’intérêt avec des métiers numériques concrets.","Important car la demande est haute au Maroc et haute à l’international, avec un impact de l’IA jugé moyen.","Aime coder | Aime comprendre les concepts | Est patient | Aime résoudre des problèmes abstraits","Informatique | Mathématiques | Anglais technique | Projet pratique","Algorithmique | Structures de données | Programmation orientée objet | Tests | Git | Architecture logicielle | Capteurs | Systèmes embarqués","Curiosité | Autonomie | Organisation | Communication | Esprit critique | Apprentissage continu","VS Code | Git | Java | Python | C++ | Docker | Arduino | Raspberry Pi","Ingénieur IoT | Développeur embarqué | Ingénieur robotique","Apprendre un langage principal | Comprendre POO et structures de données | Résoudre des exercices | Créer un projet complet | Apprendre les bonnes pratiques","FST/EST Informatique | ENSA/ENSIAS/INPT | BTS DSI | Formations programmation","Certification débutant liée au domaine | Cours en ligne avec projet pratique | Portfolio personnel | Participation à hackathon/club informatique","Haute","Haute","Moyen à avancé","Très fort","Moyen","4","5","3","3","3","5","6500","13000","15000","30000","Estimation pédagogique mensuelle en MAD, à vérifier et mettre à jour selon la ville, l’expérience, l’entreprise et l’année.","Bonnes perspectives d’apprentissage | Possibilité de créer des projets concrets | Compétences utiles dans plusieurs secteurs | Compatible avec le travail à distance | Possibilité de freelance","Nécessite une pratique régulière | Demande une veille technologique | Peut devenir difficile sans projets réels","Commence par les bases, réalise un petit projet lié à C / C++ (Embarqué & Système), puis documente ton travail dans un portfolio.","Créer une fiche de veille | Réaliser un mini-projet appliqué | Présenter le domaine à ses camarades | Comparer 3 métiers associés","C / C++ (Embarqué & Système) | Langages & Paradigmes | Algorithmique | Structures de données | Programmation orientée objet | Tests | Git | Ingénieur IoT | Développeur embarqué | Ingénieur robotique","190","Publié"
"191","php-web-backend","PHP (Web Backend)","Langages & Paradigmes","Découvre PHP (Web Backend) : une spécialité du numérique pour comprendre, explorer, comparer et construire ton parcours.","Ce domaine consiste à maîtrise des langages de programmation et des méthodes de conception logicielle. Il permet à l’élève de relier ses centres d’intérêt avec des métiers numériques concrets.","Important car la demande est très haute au Maroc et haute à l’international, avec un impact de l’IA jugé moyen.","Aime coder | Aime comprendre les concepts | Est patient | Aime résoudre des problèmes abstraits","Informatique | Mathématiques | Anglais technique | Projet pratique","Algorithmique | Structures de données | Programmation orientée objet | Tests | Git | Architecture logicielle | API REST | Sécurité backend","Curiosité | Autonomie | Organisation | Communication | Esprit critique | Apprentissage continu","VS Code | Git | Java | Python | C++ | Docker | Laravel | Node.js","Développeur back-end | API Developer | Software Engineer","Apprendre un langage principal | Comprendre POO et structures de données | Résoudre des exercices | Créer un projet complet | Apprendre les bonnes pratiques","FST/EST Informatique | ENSA/ENSIAS/INPT | BTS DSI | Formations programmation","Certification débutant liée au domaine | Cours en ligne avec projet pratique | Portfolio personnel | Participation à hackathon/club informatique","Haute","Très haute","Moyen à avancé","Très fort","Moyen","4","5","3","3","3","5","7000","14000","16500","33000","Estimation pédagogique mensuelle en MAD, à vérifier et mettre à jour selon la ville, l’expérience, l’entreprise et l’année.","Bonnes perspectives d’apprentissage | Possibilité de créer des projets concrets | Compétences utiles dans plusieurs secteurs | Compatible avec le travail à distance | Possibilité de freelance","Nécessite une pratique régulière | Demande une veille technologique | Peut devenir difficile sans projets réels","Commence par les bases, réalise un petit projet lié à PHP (Web Backend), puis documente ton travail dans un portfolio.","Créer une fiche de veille | Réaliser un mini-projet appliqué | Présenter le domaine à ses camarades | Comparer 3 métiers associés","PHP (Web Backend) | Langages & Paradigmes | Algorithmique | Structures de données | Programmation orientée objet | Tests | Git | Développeur back-end | API Developer | Software Engineer","191","Publié"
"192","rust-securite-performance","Rust (Sécurité & Performance)","Langages & Paradigmes","Découvre Rust (Sécurité & Performance) : une spécialité du numérique pour comprendre, explorer, comparer et construire ton parcours.","Ce domaine consiste à maîtrise des langages de programmation et des méthodes de conception logicielle. Il permet à l’élève de relier ses centres d’intérêt avec des métiers numériques concrets.","Important car la demande est moyenne au Maroc et haute à l’international, avec un impact de l’IA jugé moyen.","Aime coder | Aime comprendre les concepts | Est patient | Aime résoudre des problèmes abstraits","Informatique | Mathématiques | Anglais technique | Projet pratique","Algorithmique | Structures de données | Programmation orientée objet | Tests | Git | Architecture logicielle | Sécurité réseau | Analyse de vulnérabilités","Curiosité | Autonomie | Organisation | Communication | Esprit critique | Apprentissage continu","VS Code | Git | Java | Python | C++ | Docker | Nmap | Burp Suite","Analyste SOC | Pentester | Consultant cybersécurité","Apprendre un langage principal | Comprendre POO et structures de données | Résoudre des exercices | Créer un projet complet | Apprendre les bonnes pratiques","FST/EST Informatique | ENSA/ENSIAS/INPT | BTS DSI | Formations programmation","Certification débutant liée au domaine | Cours en ligne avec projet pratique | Portfolio personnel | Participation à hackathon/club informatique","Haute","Moyenne","Moyen à avancé","Fort","Moyen","4","5","3","3","3","5","6500","13000","15000","30000","Estimation pédagogique mensuelle en MAD, à vérifier et mettre à jour selon la ville, l’expérience, l’entreprise et l’année.","Bonnes perspectives d’apprentissage | Possibilité de créer des projets concrets | Compétences utiles dans plusieurs secteurs | Compatible avec le travail à distance | Possibilité de freelance","Nécessite une pratique régulière | Demande une veille technologique | Peut devenir difficile sans projets réels","Commence par les bases, réalise un petit projet lié à Rust (Sécurité & Performance), puis documente ton travail dans un portfolio.","Créer une fiche de veille | Réaliser un mini-projet appliqué | Présenter le domaine à ses camarades | Comparer 3 métiers associés","Rust (Sécurité & Performance) | Langages & Paradigmes | Algorithmique | Structures de données | Programmation orientée objet | Tests | Git | Analyste SOC | Pentester | Consultant cybersécurité","192","Publié"
"193","go-golang-cloud-microservices","Go (Golang) (Cloud & Microservices)","Langages & Paradigmes","Découvre Go (Golang) (Cloud & Microservices) : une spécialité du numérique pour comprendre, explorer, comparer et construire ton parcours.","Ce domaine consiste à maîtrise des langages de programmation et des méthodes de conception logicielle. Il permet à l’élève de relier ses centres d’intérêt avec des métiers numériques concrets.","Important car la demande est moyenne au Maroc et haute à l’international, avec un impact de l’IA jugé moyen.","Aime coder | Aime comprendre les concepts | Est patient | Aime résoudre des problèmes abstraits","Informatique | Mathématiques | Anglais technique | Projet pratique","Algorithmique | Structures de données | Programmation orientée objet | Tests | Git | Architecture logicielle | CI/CD | Infrastructure as Code","Curiosité | Autonomie | Organisation | Communication | Esprit critique | Apprentissage continu","VS Code | Git | Java | Python | C++ | Docker | Kubernetes | Terraform","Cloud Engineer | DevOps Engineer | SRE","Apprendre un langage principal | Comprendre POO et structures de données | Résoudre des exercices | Créer un projet complet | Apprendre les bonnes pratiques","FST/EST Informatique | ENSA/ENSIAS/INPT | BTS DSI | Formations programmation","Certification débutant liée au domaine | Cours en ligne avec projet pratique | Portfolio personnel | Participation à hackathon/club informatique","Haute","Moyenne","Moyen à avancé","Fort","Moyen","4","5","3","3","3","5","6500","13000","15000","30000","Estimation pédagogique mensuelle en MAD, à vérifier et mettre à jour selon la ville, l’expérience, l’entreprise et l’année.","Bonnes perspectives d’apprentissage | Possibilité de créer des projets concrets | Compétences utiles dans plusieurs secteurs | Compatible avec le travail à distance | Possibilité de freelance","Nécessite une pratique régulière | Demande une veille technologique | Peut devenir difficile sans projets réels","Commence par les bases, réalise un petit projet lié à Go (Golang) (Cloud & Microservices), puis documente ton travail dans un portfolio.","Créer une fiche de veille | Réaliser un mini-projet appliqué | Présenter le domaine à ses camarades | Comparer 3 métiers associés","Go (Golang) (Cloud & Microservices) | Langages & Paradigmes | Algorithmique | Structures de données | Programmation orientée objet | Tests | Git | Cloud Engineer | DevOps Engineer | SRE","193","Publié"
"194","r-statistiques-data-science","R (Statistiques & Data Science)","Langages & Paradigmes","Découvre R (Statistiques & Data Science) : une spécialité du numérique pour comprendre, explorer, comparer et construire ton parcours.","Ce domaine consiste à maîtrise des langages de programmation et des méthodes de conception logicielle. Il permet à l’élève de relier ses centres d’intérêt avec des métiers numériques concrets.","Important car la demande est moyenne au Maroc et moyenne à l’international, avec un impact de l’IA jugé très fort.","Aime coder | Aime comprendre les concepts | Est patient | Aime résoudre des problèmes abstraits","Informatique | Mathématiques | Anglais technique | Projet pratique","Algorithmique | Structures de données | Programmation orientée objet | Tests | Git | Architecture logicielle","Curiosité | Autonomie | Organisation | Communication | Esprit critique | Apprentissage continu","VS Code | Git | Java | Python | C++ | Docker","Développeur logiciel | Software Engineer | Développeur back-end | Architecte logiciel | Formateur programmation","Apprendre un langage principal | Comprendre POO et structures de données | Résoudre des exercices | Créer un projet complet | Apprendre les bonnes pratiques","FST/EST Informatique | ENSA/ENSIAS/INPT | BTS DSI | Formations programmation","Certification débutant liée au domaine | Cours en ligne avec projet pratique | Portfolio personnel | Participation à hackathon/club informatique","Moyenne","Moyenne","Moyen à avancé","Fort","Très fort","4","5","3","3","3","5","6000","12000","14000","28000","Estimation pédagogique mensuelle en MAD, à vérifier et mettre à jour selon la ville, l’expérience, l’entreprise et l’année.","Bonnes perspectives d’apprentissage | Possibilité de créer des projets concrets | Compétences utiles dans plusieurs secteurs | Compatible avec le travail à distance | Possibilité de freelance","Nécessite une pratique régulière | Demande une veille technologique | Peut devenir difficile sans projets réels","Commence par les bases, réalise un petit projet lié à R (Statistiques & Data Science), puis documente ton travail dans un portfolio.","Créer une fiche de veille | Réaliser un mini-projet appliqué | Présenter le domaine à ses camarades | Comparer 3 métiers associés","R (Statistiques & Data Science) | Langages & Paradigmes | Algorithmique | Structures de données | Programmation orientée objet | Tests | Git | Développeur logiciel | Software Engineer | Développeur back-end","194","Publié"
"195","kotlin-swift-mobile","Kotlin / Swift (Mobile)","Langages & Paradigmes","Découvre Kotlin / Swift (Mobile) : une spécialité du numérique pour comprendre, explorer, comparer et construire ton parcours.","Ce domaine consiste à maîtrise des langages de programmation et des méthodes de conception logicielle. Il permet à l’élève de relier ses centres d’intérêt avec des métiers numériques concrets.","Important car la demande est moyenne au Maroc et haute à l’international, avec un impact de l’IA jugé moyen.","Aime coder | Aime comprendre les concepts | Est patient | Aime résoudre des problèmes abstraits","Informatique | Mathématiques | Anglais technique | Projet pratique","Algorithmique | Structures de données | Programmation orientée objet | Tests | Git | Architecture logicielle","Curiosité | Autonomie | Organisation | Communication | Esprit critique | Apprentissage continu","VS Code | Git | Java | Python | C++ | Docker | Flutter | React Native","Développeur mobile | Mobile App Developer | Développeur cross-platform","Apprendre un langage principal | Comprendre POO et structures de données | Résoudre des exercices | Créer un projet complet | Apprendre les bonnes pratiques","FST/EST Informatique | ENSA/ENSIAS/INPT | BTS DSI | Formations programmation","Certification débutant liée au domaine | Cours en ligne avec projet pratique | Portfolio personnel | Participation à hackathon/club informatique","Haute","Moyenne","Moyen à avancé","Fort","Moyen","4","5","3","3","3","5","6500","13000","15000","30000","Estimation pédagogique mensuelle en MAD, à vérifier et mettre à jour selon la ville, l’expérience, l’entreprise et l’année.","Bonnes perspectives d’apprentissage | Possibilité de créer des projets concrets | Compétences utiles dans plusieurs secteurs | Compatible avec le travail à distance | Possibilité de freelance","Nécessite une pratique régulière | Demande une veille technologique | Peut devenir difficile sans projets réels","Commence par les bases, réalise un petit projet lié à Kotlin / Swift (Mobile), puis documente ton travail dans un portfolio.","Créer une fiche de veille | Réaliser un mini-projet appliqué | Présenter le domaine à ses camarades | Comparer 3 métiers associés","Kotlin / Swift (Mobile) | Langages & Paradigmes | Algorithmique | Structures de données | Programmation orientée objet | Tests | Git | Développeur mobile | Mobile App Developer | Développeur cross-platform","195","Publié"
"196","dart-flutter-cross-platform","Dart / Flutter (Cross-Platform)","Langages & Paradigmes","Découvre Dart / Flutter (Cross-Platform) : une spécialité du numérique pour comprendre, explorer, comparer et construire ton parcours.","Ce domaine consiste à maîtrise des langages de programmation et des méthodes de conception logicielle. Il permet à l’élève de relier ses centres d’intérêt avec des métiers numériques concrets.","Important car la demande est haute au Maroc et haute à l’international, avec un impact de l’IA jugé moyen.","Aime coder | Aime comprendre les concepts | Est patient | Aime résoudre des problèmes abstraits","Informatique | Mathématiques | Anglais technique | Projet pratique","Algorithmique | Structures de données | Programmation orientée objet | Tests | Git | Architecture logicielle","Curiosité | Autonomie | Organisation | Communication | Esprit critique | Apprentissage continu","VS Code | Git | Java | Python | C++ | Docker | Flutter | React Native","Développeur mobile | Mobile App Developer | Développeur cross-platform","Apprendre un langage principal | Comprendre POO et structures de données | Résoudre des exercices | Créer un projet complet | Apprendre les bonnes pratiques","FST/EST Informatique | ENSA/ENSIAS/INPT | BTS DSI | Formations programmation","Certification débutant liée au domaine | Cours en ligne avec projet pratique | Portfolio personnel | Participation à hackathon/club informatique","Haute","Haute","Moyen à avancé","Très fort","Moyen","4","5","3","3","3","5","6500","13000","15000","30000","Estimation pédagogique mensuelle en MAD, à vérifier et mettre à jour selon la ville, l’expérience, l’entreprise et l’année.","Bonnes perspectives d’apprentissage | Possibilité de créer des projets concrets | Compétences utiles dans plusieurs secteurs | Compatible avec le travail à distance | Possibilité de freelance","Nécessite une pratique régulière | Demande une veille technologique | Peut devenir difficile sans projets réels","Commence par les bases, réalise un petit projet lié à Dart / Flutter (Cross-Platform), puis documente ton travail dans un portfolio.","Créer une fiche de veille | Réaliser un mini-projet appliqué | Présenter le domaine à ses camarades | Comparer 3 métiers associés","Dart / Flutter (Cross-Platform) | Langages & Paradigmes | Algorithmique | Structures de données | Programmation orientée objet | Tests | Git | Développeur mobile | Mobile App Developer | Développeur cross-platform","196","Publié"
"197","identite-numerique-e-kyc","Identité Numérique & e-KYC","Domaines Spéciaux","Découvre Identité Numérique & e-KYC : une spécialité du numérique pour comprendre, explorer, comparer et construire ton parcours.","Ce domaine consiste à domaines hybrides qui combinent l’informatique avec d’autres secteurs comme le droit, la santé, l’art, l’éducation ou la société. Il permet à l’élève de relier ses centres d’intérêt avec des métiers numériques concrets.","Important car la demande est haute au Maroc et haute à l’international, avec un impact de l’IA jugé moyen.","Aime relier plusieurs domaines | Est curieux | Aime aider les autres | Veut appliquer l’informatique dans un secteur concret","Informatique | Culture numérique | Français/communication | Projet pratique","Culture numérique | Analyse interdisciplinaire | Communication | Programmation de base | Veille | Éthique","Curiosité | Autonomie | Organisation | Communication | Esprit critique | Apprentissage continu","Python | Outils IA | Plateformes spécialisées | No-code | Tableaux de bord | Outils collaboratifs","Consultant numérique spécialisé | Analyste métier digital | Chef de projet innovation | Spécialiste domaine hybride | Formateur numérique","Choisir le secteur cible | Apprendre les bases informatiques | Étudier les besoins du domaine | Créer un projet appliqué | Développer une spécialisation progressive","Parcours universitaire lié au secteur | FST/EST informatique appliquée | Masters spécialisés | Certifications numériques","Certification débutant liée au domaine | Cours en ligne avec projet pratique | Portfolio personnel | Participation à hackathon/club informatique","Haute","Haute","Moyen","Très fort","Moyen","3","4","2","4","5","4","5500","11000","12000","24000","Estimation pédagogique mensuelle en MAD, à vérifier et mettre à jour selon la ville, l’expérience, l’entreprise et l’année.","Bonnes perspectives d’apprentissage | Possibilité de créer des projets concrets | Compétences utiles dans plusieurs secteurs | Compatible avec le travail à distance","Nécessite une pratique régulière | Demande une veille technologique | Peut devenir difficile sans projets réels","Commence par les bases, réalise un petit projet lié à Identité Numérique & e-KYC, puis documente ton travail dans un portfolio.","Créer une fiche de veille | Réaliser un mini-projet appliqué | Présenter le domaine à ses camarades | Comparer 3 métiers associés","Identité Numérique & e-KYC | Domaines Spéciaux | Culture numérique | Analyse interdisciplinaire | Communication | Programmation de base | Veille | Consultant numérique spécialisé | Analyste métier digital | Chef de projet innovation","197","Publié"
"198","accessibilite-web-inclusion-numerique","Accessibilité Web & Inclusion Numérique","Domaines Spéciaux","Découvre Accessibilité Web & Inclusion Numérique : une spécialité du numérique pour comprendre, explorer, comparer et construire ton parcours.","Ce domaine consiste à domaines hybrides qui combinent l’informatique avec d’autres secteurs comme le droit, la santé, l’art, l’éducation ou la société. Il permet à l’élève de relier ses centres d’intérêt avec des métiers numériques concrets.","Important car la demande est moyenne au Maroc et moyenne à l’international, avec un impact de l’IA jugé moyen.","Aime relier plusieurs domaines | Est curieux | Aime aider les autres | Veut appliquer l’informatique dans un secteur concret","Informatique | Culture numérique | Français/communication | Projet pratique","Culture numérique | Analyse interdisciplinaire | Communication | Programmation de base | Veille | Éthique","Curiosité | Autonomie | Organisation | Communication | Esprit critique | Apprentissage continu","Python | Outils IA | Plateformes spécialisées | No-code | Tableaux de bord | Outils collaboratifs","Consultant numérique spécialisé | Analyste métier digital | Chef de projet innovation | Spécialiste domaine hybride | Formateur numérique","Choisir le secteur cible | Apprendre les bases informatiques | Étudier les besoins du domaine | Créer un projet appliqué | Développer une spécialisation progressive","Parcours universitaire lié au secteur | FST/EST informatique appliquée | Masters spécialisés | Certifications numériques","Certification débutant liée au domaine | Cours en ligne avec projet pratique | Portfolio personnel | Participation à hackathon/club informatique","Moyenne","Moyenne","Moyen","Fort","Moyen","3","4","2","4","5","4","5000","10000","11000","22000","Estimation pédagogique mensuelle en MAD, à vérifier et mettre à jour selon la ville, l’expérience, l’entreprise et l’année.","Bonnes perspectives d’apprentissage | Possibilité de créer des projets concrets | Compétences utiles dans plusieurs secteurs | Compatible avec le travail à distance","Nécessite une pratique régulière | Demande une veille technologique | Peut devenir difficile sans projets réels","Commence par les bases, réalise un petit projet lié à Accessibilité Web & Inclusion Numérique, puis documente ton travail dans un portfolio.","Créer une fiche de veille | Réaliser un mini-projet appliqué | Présenter le domaine à ses camarades | Comparer 3 métiers associés","Accessibilité Web & Inclusion Numérique | Domaines Spéciaux | Culture numérique | Analyse interdisciplinaire | Communication | Programmation de base | Veille | Consultant numérique spécialisé | Analyste métier digital | Chef de projet innovation","198","Publié"
"199","open-source-contribution-communautaire","Open Source & Contribution Communautaire","Domaines Spéciaux","Découvre Open Source & Contribution Communautaire : une spécialité du numérique pour comprendre, explorer, comparer et construire ton parcours.","Ce domaine consiste à domaines hybrides qui combinent l’informatique avec d’autres secteurs comme le droit, la santé, l’art, l’éducation ou la société. Il permet à l’élève de relier ses centres d’intérêt avec des métiers numériques concrets.","Important car la demande est moyenne au Maroc et moyenne à l’international, avec un impact de l’IA jugé très fort.","Aime relier plusieurs domaines | Est curieux | Aime aider les autres | Veut appliquer l’informatique dans un secteur concret","Informatique | Culture numérique | Français/communication | Projet pratique","Culture numérique | Analyse interdisciplinaire | Communication | Programmation de base | Veille | Éthique","Curiosité | Autonomie | Organisation | Communication | Esprit critique | Apprentissage continu","Python | Outils IA | Plateformes spécialisées | No-code | Tableaux de bord | Outils collaboratifs","Consultant numérique spécialisé | Analyste métier digital | Chef de projet innovation | Spécialiste domaine hybride | Formateur numérique","Choisir le secteur cible | Apprendre les bases informatiques | Étudier les besoins du domaine | Créer un projet appliqué | Développer une spécialisation progressive","Parcours universitaire lié au secteur | FST/EST informatique appliquée | Masters spécialisés | Certifications numériques","Certification débutant liée au domaine | Cours en ligne avec projet pratique | Portfolio personnel | Participation à hackathon/club informatique","Moyenne","Moyenne","Moyen","Fort","Très fort","3","4","2","4","5","4","5000","10000","11000","22000","Estimation pédagogique mensuelle en MAD, à vérifier et mettre à jour selon la ville, l’expérience, l’entreprise et l’année.","Bonnes perspectives d’apprentissage | Possibilité de créer des projets concrets | Compétences utiles dans plusieurs secteurs | Compatible avec le travail à distance","Nécessite une pratique régulière | Demande une veille technologique | Peut devenir difficile sans projets réels","Commence par les bases, réalise un petit projet lié à Open Source & Contribution Communautaire, puis documente ton travail dans un portfolio.","Créer une fiche de veille | Réaliser un mini-projet appliqué | Présenter le domaine à ses camarades | Comparer 3 métiers associés","Open Source & Contribution Communautaire | Domaines Spéciaux | Culture numérique | Analyse interdisciplinaire | Communication | Programmation de base | Veille | Consultant numérique spécialisé | Analyste métier digital | Chef de projet innovation","199","Publié"
"200","informatique-durable-green-computing","Informatique Durable (Green Computing)","Domaines Spéciaux","Découvre Informatique Durable (Green Computing) : une spécialité du numérique pour comprendre, explorer, comparer et construire ton parcours.","Ce domaine consiste à domaines hybrides qui combinent l’informatique avec d’autres secteurs comme le droit, la santé, l’art, l’éducation ou la société. Il permet à l’élève de relier ses centres d’intérêt avec des métiers numériques concrets.","Important car la demande est moyenne au Maroc et haute à l’international, avec un impact de l’IA jugé moyen.","Aime relier plusieurs domaines | Est curieux | Aime aider les autres | Veut appliquer l’informatique dans un secteur concret","Informatique | Culture numérique | Français/communication | Projet pratique","Culture numérique | Analyse interdisciplinaire | Communication | Programmation de base | Veille | Éthique","Curiosité | Autonomie | Organisation | Communication | Esprit critique | Apprentissage continu","Python | Outils IA | Plateformes spécialisées | No-code | Tableaux de bord | Outils collaboratifs","Consultant numérique spécialisé | Analyste métier digital | Chef de projet innovation | Spécialiste domaine hybride | Formateur numérique","Choisir le secteur cible | Apprendre les bases informatiques | Étudier les besoins du domaine | Créer un projet appliqué | Développer une spécialisation progressive","Parcours universitaire lié au secteur | FST/EST informatique appliquée | Masters spécialisés | Certifications numériques","Certification débutant liée au domaine | Cours en ligne avec projet pratique | Portfolio personnel | Participation à hackathon/club informatique","Haute","Moyenne","Moyen","Fort","Moyen","3","4","2","4","5","4","5500","11000","12000","24000","Estimation pédagogique mensuelle en MAD, à vérifier et mettre à jour selon la ville, l’expérience, l’entreprise et l’année.","Bonnes perspectives d’apprentissage | Possibilité de créer des projets concrets | Compétences utiles dans plusieurs secteurs | Compatible avec le travail à distance","Nécessite une pratique régulière | Demande une veille technologique | Peut devenir difficile sans projets réels","Commence par les bases, réalise un petit projet lié à Informatique Durable (Green Computing), puis documente ton travail dans un portfolio.","Créer une fiche de veille | Réaliser un mini-projet appliqué | Présenter le domaine à ses camarades | Comparer 3 métiers associés","Informatique Durable (Green Computing) | Domaines Spéciaux | Culture numérique | Analyse interdisciplinaire | Communication | Programmation de base | Veille | Consultant numérique spécialisé | Analyste métier digital | Chef de projet innovation","200","Publié"
"201","documentation-technique-technical-writing","Documentation Technique & Technical Writing","Domaines Spéciaux","Découvre Documentation Technique & Technical Writing : une spécialité du numérique pour comprendre, explorer, comparer et construire ton parcours.","Ce domaine consiste à domaines hybrides qui combinent l’informatique avec d’autres secteurs comme le droit, la santé, l’art, l’éducation ou la société. Il permet à l’élève de relier ses centres d’intérêt avec des métiers numériques concrets.","Important car la demande est moyenne au Maroc et moyenne à l’international, avec un impact de l’IA jugé moyen.","Aime relier plusieurs domaines | Est curieux | Aime aider les autres | Veut appliquer l’informatique dans un secteur concret","Informatique | Culture numérique | Français/communication | Projet pratique","Culture numérique | Analyse interdisciplinaire | Communication | Programmation de base | Veille | Éthique","Curiosité | Autonomie | Organisation | Communication | Esprit critique | Apprentissage continu","Python | Outils IA | Plateformes spécialisées | No-code | Tableaux de bord | Outils collaboratifs","Consultant numérique spécialisé | Analyste métier digital | Chef de projet innovation | Spécialiste domaine hybride | Formateur numérique","Choisir le secteur cible | Apprendre les bases informatiques | Étudier les besoins du domaine | Créer un projet appliqué | Développer une spécialisation progressive","Parcours universitaire lié au secteur | FST/EST informatique appliquée | Masters spécialisés | Certifications numériques","Certification débutant liée au domaine | Cours en ligne avec projet pratique | Portfolio personnel | Participation à hackathon/club informatique","Moyenne","Moyenne","Moyen","Fort","Moyen","3","4","2","4","5","4","5000","10000","11000","22000","Estimation pédagogique mensuelle en MAD, à vérifier et mettre à jour selon la ville, l’expérience, l’entreprise et l’année.","Bonnes perspectives d’apprentissage | Possibilité de créer des projets concrets | Compétences utiles dans plusieurs secteurs | Compatible avec le travail à distance","Nécessite une pratique régulière | Demande une veille technologique | Peut devenir difficile sans projets réels","Commence par les bases, réalise un petit projet lié à Documentation Technique & Technical Writing, puis documente ton travail dans un portfolio.","Créer une fiche de veille | Réaliser un mini-projet appliqué | Présenter le domaine à ses camarades | Comparer 3 métiers associés","Documentation Technique & Technical Writing | Domaines Spéciaux | Culture numérique | Analyse interdisciplinaire | Communication | Programmation de base | Veille | Consultant numérique spécialisé | Analyste métier digital | Chef de projet innovation","201","Publié"
"202","api-management-gouvernance-des-apis","API Management & Gouvernance des APIs","Domaines Spéciaux","Découvre API Management & Gouvernance des APIs : une spécialité du numérique pour comprendre, explorer, comparer et construire ton parcours.","Ce domaine consiste à domaines hybrides qui combinent l’informatique avec d’autres secteurs comme le droit, la santé, l’art, l’éducation ou la société. Il permet à l’élève de relier ses centres d’intérêt avec des métiers numériques concrets.","Important car la demande est haute au Maroc et haute à l’international, avec un impact de l’IA jugé moyen.","Aime relier plusieurs domaines | Est curieux | Aime aider les autres | Veut appliquer l’informatique dans un secteur concret","Informatique | Culture numérique | Français/communication | Projet pratique","Culture numérique | Analyse interdisciplinaire | Communication | Programmation de base | Veille | Éthique | API REST | Sécurité backend","Curiosité | Autonomie | Organisation | Communication | Esprit critique | Apprentissage continu","Python | Outils IA | Plateformes spécialisées | No-code | Tableaux de bord | Outils collaboratifs | Laravel | Node.js","Développeur back-end | API Developer | Software Engineer","Choisir le secteur cible | Apprendre les bases informatiques | Étudier les besoins du domaine | Créer un projet appliqué | Développer une spécialisation progressive","Parcours universitaire lié au secteur | FST/EST informatique appliquée | Masters spécialisés | Certifications numériques","Certification débutant liée au domaine | Cours en ligne avec projet pratique | Portfolio personnel | Participation à hackathon/club informatique","Haute","Haute","Moyen","Très fort","Moyen","3","4","2","4","5","4","5500","11000","12000","24000","Estimation pédagogique mensuelle en MAD, à vérifier et mettre à jour selon la ville, l’expérience, l’entreprise et l’année.","Bonnes perspectives d’apprentissage | Possibilité de créer des projets concrets | Compétences utiles dans plusieurs secteurs | Compatible avec le travail à distance","Nécessite une pratique régulière | Demande une veille technologique | Peut devenir difficile sans projets réels","Commence par les bases, réalise un petit projet lié à API Management & Gouvernance des APIs, puis documente ton travail dans un portfolio.","Créer une fiche de veille | Réaliser un mini-projet appliqué | Présenter le domaine à ses camarades | Comparer 3 métiers associés","API Management & Gouvernance des APIs | Domaines Spéciaux | Culture numérique | Analyse interdisciplinaire | Communication | Programmation de base | Veille | Développeur back-end | API Developer | Software Engineer","202","Publié"
"203","observability-chaos-engineering","Observability & Chaos Engineering","Domaines Spéciaux","Découvre Observability & Chaos Engineering : une spécialité du numérique pour comprendre, explorer, comparer et construire ton parcours.","Ce domaine consiste à domaines hybrides qui combinent l’informatique avec d’autres secteurs comme le droit, la santé, l’art, l’éducation ou la société. Il permet à l’élève de relier ses centres d’intérêt avec des métiers numériques concrets.","Important car la demande est faible au Maroc et moyenne à l’international, avec un impact de l’IA jugé moyen.","Aime relier plusieurs domaines | Est curieux | Aime aider les autres | Veut appliquer l’informatique dans un secteur concret","Informatique | Culture numérique | Français/communication | Projet pratique","Culture numérique | Analyse interdisciplinaire | Communication | Programmation de base | Veille | Éthique","Curiosité | Autonomie | Organisation | Communication | Esprit critique | Apprentissage continu","Python | Outils IA | Plateformes spécialisées | No-code | Tableaux de bord | Outils collaboratifs","Consultant numérique spécialisé | Analyste métier digital | Chef de projet innovation | Spécialiste domaine hybride | Formateur numérique","Choisir le secteur cible | Apprendre les bases informatiques | Étudier les besoins du domaine | Créer un projet appliqué | Développer une spécialisation progressive","Parcours universitaire lié au secteur | FST/EST informatique appliquée | Masters spécialisés | Certifications numériques","Certification débutant liée au domaine | Cours en ligne avec projet pratique | Portfolio personnel | Participation à hackathon/club informatique","Moyenne","Faible","Moyen","Moyen","Moyen","3","4","2","4","5","4","5000","10000","11000","22000","Estimation pédagogique mensuelle en MAD, à vérifier et mettre à jour selon la ville, l’expérience, l’entreprise et l’année.","Bonnes perspectives d’apprentissage | Possibilité de créer des projets concrets | Compétences utiles dans plusieurs secteurs | Compatible avec le travail à distance","Nécessite une pratique régulière | Demande une veille technologique | Peut devenir difficile sans projets réels","Commence par les bases, réalise un petit projet lié à Observability & Chaos Engineering, puis documente ton travail dans un portfolio.","Créer une fiche de veille | Réaliser un mini-projet appliqué | Présenter le domaine à ses camarades | Comparer 3 métiers associés","Observability & Chaos Engineering | Domaines Spéciaux | Culture numérique | Analyse interdisciplinaire | Communication | Programmation de base | Veille | Consultant numérique spécialisé | Analyste métier digital | Chef de projet innovation","203","Publié"
"204","no-code-low-code-platforms-bubble-webflow","No-Code / Low-Code Platforms (Bubble, Webflow)","Domaines Spéciaux","Découvre No-Code / Low-Code Platforms (Bubble, Webflow) : une spécialité du numérique pour comprendre, explorer, comparer et construire ton parcours.","Ce domaine consiste à domaines hybrides qui combinent l’informatique avec d’autres secteurs comme le droit, la santé, l’art, l’éducation ou la société. Il permet à l’élève de relier ses centres d’intérêt avec des métiers numériques concrets.","Important car la demande est haute au Maroc et haute à l’international, avec un impact de l’IA jugé moyen.","Aime relier plusieurs domaines | Est curieux | Aime aider les autres | Veut appliquer l’informatique dans un secteur concret","Informatique | Culture numérique | Français/communication | Projet pratique","Culture numérique | Analyse interdisciplinaire | Communication | Programmation de base | Veille | Éthique","Curiosité | Autonomie | Organisation | Communication | Esprit critique | Apprentissage continu","Python | Outils IA | Plateformes spécialisées | No-code | Tableaux de bord | Outils collaboratifs","Consultant numérique spécialisé | Analyste métier digital | Chef de projet innovation | Spécialiste domaine hybride | Formateur numérique","Choisir le secteur cible | Apprendre les bases informatiques | Étudier les besoins du domaine | Créer un projet appliqué | Développer une spécialisation progressive","Parcours universitaire lié au secteur | FST/EST informatique appliquée | Masters spécialisés | Certifications numériques","Certification débutant liée au domaine | Cours en ligne avec projet pratique | Portfolio personnel | Participation à hackathon/club informatique","Haute","Haute","Moyen","Très fort","Moyen","3","4","2","4","5","4","5500","11000","12000","24000","Estimation pédagogique mensuelle en MAD, à vérifier et mettre à jour selon la ville, l’expérience, l’entreprise et l’année.","Bonnes perspectives d’apprentissage | Possibilité de créer des projets concrets | Compétences utiles dans plusieurs secteurs | Compatible avec le travail à distance","Nécessite une pratique régulière | Demande une veille technologique | Peut devenir difficile sans projets réels","Commence par les bases, réalise un petit projet lié à No-Code / Low-Code Platforms (Bubble, Webflow), puis documente ton travail dans un portfolio.","Créer une fiche de veille | Réaliser un mini-projet appliqué | Présenter le domaine à ses camarades | Comparer 3 métiers associés","No-Code / Low-Code Platforms (Bubble, Webflow) | Domaines Spéciaux | Culture numérique | Analyse interdisciplinaire | Communication | Programmation de base | Veille | Consultant numérique spécialisé | Analyste métier digital | Chef de projet innovation","204","Publié"
"205","realite-mixte-holographie","Réalité Mixte & Holographie","Domaines Spéciaux","Découvre Réalité Mixte & Holographie : une spécialité du numérique pour comprendre, explorer, comparer et construire ton parcours.","Ce domaine consiste à domaines hybrides qui combinent l’informatique avec d’autres secteurs comme le droit, la santé, l’art, l’éducation ou la société. Il permet à l’élève de relier ses centres d’intérêt avec des métiers numériques concrets.","Important car la demande est faible au Maroc et faible à l’international, avec un impact de l’IA jugé moyen.","Aime relier plusieurs domaines | Est curieux | Aime aider les autres | Veut appliquer l’informatique dans un secteur concret","Informatique | Culture numérique | Français/communication | Projet pratique","Culture numérique | Analyse interdisciplinaire | Communication | Programmation de base | Veille | Éthique","Curiosité | Autonomie | Organisation | Communication | Esprit critique | Apprentissage continu","Python | Outils IA | Plateformes spécialisées | No-code | Tableaux de bord | Outils collaboratifs","Consultant numérique spécialisé | Analyste métier digital | Chef de projet innovation | Spécialiste domaine hybride | Formateur numérique","Choisir le secteur cible | Apprendre les bases informatiques | Étudier les besoins du domaine | Créer un projet appliqué | Développer une spécialisation progressive","Parcours universitaire lié au secteur | FST/EST informatique appliquée | Masters spécialisés | Certifications numériques","Certification débutant liée au domaine | Cours en ligne avec projet pratique | Portfolio personnel | Participation à hackathon/club informatique","Faible","Faible","Moyen","Moyen","Moyen","3","4","2","4","5","4","4500","9000","10000","20000","Estimation pédagogique mensuelle en MAD, à vérifier et mettre à jour selon la ville, l’expérience, l’entreprise et l’année.","Bonnes perspectives d’apprentissage | Possibilité de créer des projets concrets | Compétences utiles dans plusieurs secteurs | Compatible avec le travail à distance","Nécessite une pratique régulière | Demande une veille technologique | Peut devenir difficile sans projets réels","Commence par les bases, réalise un petit projet lié à Réalité Mixte & Holographie, puis documente ton travail dans un portfolio.","Créer une fiche de veille | Réaliser un mini-projet appliqué | Présenter le domaine à ses camarades | Comparer 3 métiers associés","Réalité Mixte & Holographie | Domaines Spéciaux | Culture numérique | Analyse interdisciplinaire | Communication | Programmation de base | Veille | Consultant numérique spécialisé | Analyste métier digital | Chef de projet innovation","205","Publié"
"206","numerique-droit-informatique-rgpd-dora","Numérique & Droit Informatique (RGPD, DORA)","Domaines Spéciaux","Découvre Numérique & Droit Informatique (RGPD, DORA) : une spécialité du numérique pour comprendre, explorer, comparer et construire ton parcours.","Ce domaine consiste à domaines hybrides qui combinent l’informatique avec d’autres secteurs comme le droit, la santé, l’art, l’éducation ou la société. Il permet à l’élève de relier ses centres d’intérêt avec des métiers numériques concrets.","Important car la demande est moyenne au Maroc et haute à l’international, avec un impact de l’IA jugé moyen.","Aime relier plusieurs domaines | Est curieux | Aime aider les autres | Veut appliquer l’informatique dans un secteur concret","Informatique | Culture numérique | Français/communication | Projet pratique","Culture numérique | Analyse interdisciplinaire | Communication | Programmation de base | Veille | Éthique","Curiosité | Autonomie | Organisation | Communication | Esprit critique | Apprentissage continu","Python | Outils IA | Plateformes spécialisées | No-code | Tableaux de bord | Outils collaboratifs","Consultant numérique spécialisé | Analyste métier digital | Chef de projet innovation | Spécialiste domaine hybride | Formateur numérique","Choisir le secteur cible | Apprendre les bases informatiques | Étudier les besoins du domaine | Créer un projet appliqué | Développer une spécialisation progressive","Parcours universitaire lié au secteur | FST/EST informatique appliquée | Masters spécialisés | Certifications numériques","Certification débutant liée au domaine | Cours en ligne avec projet pratique | Portfolio personnel | Participation à hackathon/club informatique","Haute","Moyenne","Moyen","Fort","Moyen","3","4","2","4","5","4","5500","11000","12000","24000","Estimation pédagogique mensuelle en MAD, à vérifier et mettre à jour selon la ville, l’expérience, l’entreprise et l’année.","Bonnes perspectives d’apprentissage | Possibilité de créer des projets concrets | Compétences utiles dans plusieurs secteurs | Compatible avec le travail à distance","Nécessite une pratique régulière | Demande une veille technologique | Peut devenir difficile sans projets réels","Commence par les bases, réalise un petit projet lié à Numérique & Droit Informatique (RGPD, DORA), puis documente ton travail dans un portfolio.","Créer une fiche de veille | Réaliser un mini-projet appliqué | Présenter le domaine à ses camarades | Comparer 3 métiers associés","Numérique & Droit Informatique (RGPD, DORA) | Domaines Spéciaux | Culture numérique | Analyse interdisciplinaire | Communication | Programmation de base | Veille | Consultant numérique spécialisé | Analyste métier digital | Chef de projet innovation","206","Publié"
"207","ia-creativite-musique-art-video-generative","IA & Créativité (Musique, Art, Vidéo générative)","Domaines Spéciaux","Découvre IA & Créativité (Musique, Art, Vidéo générative) : une spécialité du numérique pour comprendre, explorer, comparer et construire ton parcours.","Ce domaine consiste à domaines hybrides qui combinent l’informatique avec d’autres secteurs comme le droit, la santé, l’art, l’éducation ou la société. Il permet à l’élève de relier ses centres d’intérêt avec des métiers numériques concrets.","Important car la demande est moyenne au Maroc et haute à l’international, avec un impact de l’IA jugé très fort.","Aime relier plusieurs domaines | Est curieux | Aime aider les autres | Veut appliquer l’informatique dans un secteur concret","Informatique | Culture numérique | Français/communication | Projet pratique","Culture numérique | Analyse interdisciplinaire | Communication | Programmation de base | Veille | Éthique","Curiosité | Autonomie | Organisation | Communication | Esprit critique | Apprentissage continu","Python | Outils IA | Plateformes spécialisées | No-code | Tableaux de bord | Outils collaboratifs","Consultant numérique spécialisé | Analyste métier digital | Chef de projet innovation | Spécialiste domaine hybride | Formateur numérique","Choisir le secteur cible | Apprendre les bases informatiques | Étudier les besoins du domaine | Créer un projet appliqué | Développer une spécialisation progressive","Parcours universitaire lié au secteur | FST/EST informatique appliquée | Masters spécialisés | Certifications numériques","Certification débutant liée au domaine | Cours en ligne avec projet pratique | Portfolio personnel | Participation à hackathon/club informatique","Haute","Moyenne","Moyen","Très fort","Très fort","3","4","2","4","5","4","5500","11000","12000","24000","Estimation pédagogique mensuelle en MAD, à vérifier et mettre à jour selon la ville, l’expérience, l’entreprise et l’année.","Bonnes perspectives d’apprentissage | Possibilité de créer des projets concrets | Compétences utiles dans plusieurs secteurs | Compatible avec le travail à distance","Nécessite une pratique régulière | Demande une veille technologique | Peut devenir difficile sans projets réels","Commence par les bases, réalise un petit projet lié à IA & Créativité (Musique, Art, Vidéo générative), puis documente ton travail dans un portfolio.","Créer une fiche de veille | Réaliser un mini-projet appliqué | Présenter le domaine à ses camarades | Comparer 3 métiers associés","IA & Créativité (Musique, Art, Vidéo générative) | Domaines Spéciaux | Culture numérique | Analyse interdisciplinaire | Communication | Programmation de base | Veille | Consultant numérique spécialisé | Analyste métier digital | Chef de projet innovation","207","Publié"
"208","traduction-automatique-localisation","Traduction Automatique & Localisation","Domaines Spéciaux","Découvre Traduction Automatique & Localisation : une spécialité du numérique pour comprendre, explorer, comparer et construire ton parcours.","Ce domaine consiste à domaines hybrides qui combinent l’informatique avec d’autres secteurs comme le droit, la santé, l’art, l’éducation ou la société. Il permet à l’élève de relier ses centres d’intérêt avec des métiers numériques concrets.","Important car la demande est haute au Maroc et moyenne à l’international, avec un impact de l’IA jugé très fort.","Aime relier plusieurs domaines | Est curieux | Aime aider les autres | Veut appliquer l’informatique dans un secteur concret","Informatique | Culture numérique | Français/communication | Projet pratique","Culture numérique | Analyse interdisciplinaire | Communication | Programmation de base | Veille | Éthique","Curiosité | Autonomie | Organisation | Communication | Esprit critique | Apprentissage continu","Python | Outils IA | Plateformes spécialisées | No-code | Tableaux de bord | Outils collaboratifs","Consultant numérique spécialisé | Analyste métier digital | Chef de projet innovation | Spécialiste domaine hybride | Formateur numérique","Choisir le secteur cible | Apprendre les bases informatiques | Étudier les besoins du domaine | Créer un projet appliqué | Développer une spécialisation progressive","Parcours universitaire lié au secteur | FST/EST informatique appliquée | Masters spécialisés | Certifications numériques","Certification débutant liée au domaine | Cours en ligne avec projet pratique | Portfolio personnel | Participation à hackathon/club informatique","Moyenne","Haute","Moyen","Très fort","Très fort","3","4","2","4","5","4","5500","11000","12000","24000","Estimation pédagogique mensuelle en MAD, à vérifier et mettre à jour selon la ville, l’expérience, l’entreprise et l’année.","Bonnes perspectives d’apprentissage | Possibilité de créer des projets concrets | Compétences utiles dans plusieurs secteurs | Compatible avec le travail à distance","Nécessite une pratique régulière | Demande une veille technologique | Peut devenir difficile sans projets réels","Commence par les bases, réalise un petit projet lié à Traduction Automatique & Localisation, puis documente ton travail dans un portfolio.","Créer une fiche de veille | Réaliser un mini-projet appliqué | Présenter le domaine à ses camarades | Comparer 3 métiers associés","Traduction Automatique & Localisation | Domaines Spéciaux | Culture numérique | Analyse interdisciplinaire | Communication | Programmation de base | Veille | Consultant numérique spécialisé | Analyste métier digital | Chef de projet innovation","208","Publié"
"209","chatbots-agents-conversationnels","Chatbots & Agents Conversationnels","Domaines Spéciaux","Découvre Chatbots & Agents Conversationnels : une spécialité du numérique pour comprendre, explorer, comparer et construire ton parcours.","Ce domaine consiste à domaines hybrides qui combinent l’informatique avec d’autres secteurs comme le droit, la santé, l’art, l’éducation ou la société. Il permet à l’élève de relier ses centres d’intérêt avec des métiers numériques concrets.","Important car la demande est très haute au Maroc et très haute à l’international, avec un impact de l’IA jugé très fort.","Aime relier plusieurs domaines | Est curieux | Aime aider les autres | Veut appliquer l’informatique dans un secteur concret","Informatique | Culture numérique | Français/communication | Projet pratique","Culture numérique | Analyse interdisciplinaire | Communication | Programmation de base | Veille | Éthique","Curiosité | Autonomie | Organisation | Communication | Esprit critique | Apprentissage continu","Python | Outils IA | Plateformes spécialisées | No-code | Tableaux de bord | Outils collaboratifs","Consultant numérique spécialisé | Analyste métier digital | Chef de projet innovation | Spécialiste domaine hybride | Formateur numérique","Choisir le secteur cible | Apprendre les bases informatiques | Étudier les besoins du domaine | Créer un projet appliqué | Développer une spécialisation progressive","Parcours universitaire lié au secteur | FST/EST informatique appliquée | Masters spécialisés | Certifications numériques","Certification débutant liée au domaine | Cours en ligne avec projet pratique | Portfolio personnel | Participation à hackathon/club informatique","Très haute","Très haute","Moyen","Excellent","Très fort","3","4","2","4","5","4","6000","12000","13000","26000","Estimation pédagogique mensuelle en MAD, à vérifier et mettre à jour selon la ville, l’expérience, l’entreprise et l’année.","Bonnes perspectives d’apprentissage | Possibilité de créer des projets concrets | Compétences utiles dans plusieurs secteurs | Compatible avec le travail à distance","Nécessite une pratique régulière | Demande une veille technologique | Peut devenir difficile sans projets réels","Commence par les bases, réalise un petit projet lié à Chatbots & Agents Conversationnels, puis documente ton travail dans un portfolio.","Créer une fiche de veille | Réaliser un mini-projet appliqué | Présenter le domaine à ses camarades | Comparer 3 métiers associés","Chatbots & Agents Conversationnels | Domaines Spéciaux | Culture numérique | Analyse interdisciplinaire | Communication | Programmation de base | Veille | Consultant numérique spécialisé | Analyste métier digital | Chef de projet innovation","209","Publié"
"210","cybersecurite-des-systemes-de-vote-electronique","Cybersécurité des Systèmes de Vote Électronique","Domaines Spéciaux","Découvre Cybersécurité des Systèmes de Vote Électronique : une spécialité du numérique pour comprendre, explorer, comparer et construire ton parcours.","Ce domaine consiste à domaines hybrides qui combinent l’informatique avec d’autres secteurs comme le droit, la santé, l’art, l’éducation ou la société. Il permet à l’élève de relier ses centres d’intérêt avec des métiers numériques concrets.","Important car la demande est moyenne au Maroc et moyenne à l’international, avec un impact de l’IA jugé moyen.","Aime relier plusieurs domaines | Est curieux | Aime aider les autres | Veut appliquer l’informatique dans un secteur concret","Informatique | Culture numérique | Français/communication | Projet pratique","Culture numérique | Analyse interdisciplinaire | Communication | Programmation de base | Veille | Éthique | Sécurité réseau | Analyse de vulnérabilités","Curiosité | Autonomie | Organisation | Communication | Esprit critique | Apprentissage continu","Python | Outils IA | Plateformes spécialisées | No-code | Tableaux de bord | Outils collaboratifs | Nmap | Burp Suite","Analyste SOC | Pentester | Consultant cybersécurité","Choisir le secteur cible | Apprendre les bases informatiques | Étudier les besoins du domaine | Créer un projet appliqué | Développer une spécialisation progressive","Parcours universitaire lié au secteur | FST/EST informatique appliquée | Masters spécialisés | Certifications numériques","Certification débutant liée au domaine | Cours en ligne avec projet pratique | Portfolio personnel | Participation à hackathon/club informatique","Moyenne","Moyenne","Moyen","Fort","Moyen","3","4","2","4","5","4","5000","10000","11000","22000","Estimation pédagogique mensuelle en MAD, à vérifier et mettre à jour selon la ville, l’expérience, l’entreprise et l’année.","Bonnes perspectives d’apprentissage | Possibilité de créer des projets concrets | Compétences utiles dans plusieurs secteurs | Compatible avec le travail à distance","Nécessite une pratique régulière | Demande une veille technologique | Peut devenir difficile sans projets réels","Commence par les bases, réalise un petit projet lié à Cybersécurité des Systèmes de Vote Électronique, puis documente ton travail dans un portfolio.","Créer une fiche de veille | Réaliser un mini-projet appliqué | Présenter le domaine à ses camarades | Comparer 3 métiers associés","Cybersécurité des Systèmes de Vote Électronique | Domaines Spéciaux | Culture numérique | Analyse interdisciplinaire | Communication | Programmation de base | Veille | Analyste SOC | Pentester | Consultant cybersécurité","210","Publié"
